"school","treat","female","nonwhite","ses","pretest","posttest","region","private","urban"
1,1,0,0,1,52,54,1,0,1
1,1,0,0,1,58,71,1,0,1
1,1,0,1,1,49,55,1,0,1
1,1,1,0,1,50,54,1,0,1
1,1,0,0,1,60,65,1,0,1
1,1,0,0,1,71,91,1,0,1
1,1,1,0,1,41,50,1,0,1
1,1,0,1,1,67,72,1,0,1
1,1,1,0,1,42,55,1,0,1
1,1,0,0,1,56,55,1,0,1
1,1,1,0,1,28,33,1,0,1
1,1,0,1,1,58,58,1,0,1
1,1,0,1,1,55,60,1,0,1
1,1,0,0,1,38,53,1,0,1
1,1,0,0,1,46,54,1,0,1
1,1,0,0,1,46,52,1,0,1
1,1,0,0,1,72,79,1,0,1
1,1,0,0,1,43,38,1,0,1
1,1,0,0,1,76,88,1,0,1
1,1,1,1,1,19,28,1,0,1
1,1,0,0,1,51,53,1,0,1
1,1,0,0,1,70,85,1,0,1
1,1,1,0,1,49,54,1,0,1
1,1,1,0,1,39,44,1,0,1
1,1,0,0,1,68,86,1,0,1
1,1,1,0,1,45,50,1,0,1
1,1,1,1,1,35,35,1,0,1
1,1,1,0,1,63,72,1,0,1
1,1,0,0,1,58,72,1,0,1
1,1,0,1,0,75,85,1,0,1
1,1,1,0,0,53,62,1,0,1
1,1,1,1,1,55,56,1,0,1
1,1,0,0,1,49,75,1,0,1
1,1,0,1,1,50,53,1,0,1
1,1,1,0,1,52,57,1,0,1
1,1,1,0,1,39,35,1,0,1
1,1,0,0,1,63,66,1,0,1
1,1,1,0,1,64,75,1,0,1
1,1,0,0,1,57,67,1,0,1
1,1,0,0,1,61,75,1,0,1
1,1,1,0,0,72,85,1,0,1
1,1,1,1,1,73,76,1,0,1
1,1,1,0,1,60,74,1,0,1
1,1,0,0,1,43,46,1,0,1
1,1,0,0,1,57,63,1,0,1
1,1,1,0,1,49,54,1,0,1
2,1,0,0,1,61,67,1,0,1
2,1,1,0,1,54,58,1,0,1
2,1,1,0,1,61,76,1,0,1
2,1,1,0,1,66,78,1,0,1
2,1,1,0,1,62,67,1,0,1
2,1,1,0,0,42,47,1,0,1
2,1,1,0,1,60,68,1,0,1
2,1,1,1,1,47,60,1,0,1
2,1,1,0,1,57,66,1,0,1
2,1,0,1,1,54,58,1,0,1
2,1,1,1,1,69,81,1,0,1
2,1,0,0,1,53,61,1,0,1
2,1,0,0,1,53,59,1,0,1
2,1,0,1,1,51,61,1,0,1
2,1,0,0,1,52,55,1,0,1
2,1,1,1,1,58,71,1,0,1
2,1,0,0,1,53,60,1,0,1
2,1,1,1,1,62,64,1,0,1
2,1,0,0,1,47,58,1,0,1
2,1,0,0,1,66,72,1,0,1
2,1,0,0,0,47,51,1,0,1
2,1,1,0,1,37,43,1,0,1
2,1,1,1,0,65,76,1,0,1
2,1,0,1,1,52,55,1,0,1
2,1,0,0,1,63,72,1,0,1
2,1,0,0,1,68,77,1,0,1
2,1,1,1,0,63,76,1,0,1
2,1,0,0,1,54,64,1,0,1
2,1,1,0,1,59,74,1,0,1
2,1,0,0,1,45,59,1,0,1
2,1,0,0,1,52,66,1,0,1
2,1,0,0,1,71,83,1,0,1
2,1,1,0,1,47,56,1,0,1
2,1,1,0,1,57,72,1,0,1
2,1,0,0,0,55,55,1,0,1
2,1,1,0,1,60,71,1,0,1
2,1,0,1,1,60,72,1,0,1
2,1,0,0,0,52,52,1,0,1
2,1,1,0,1,55,58,1,0,1
2,1,1,0,1,55,61,1,0,1
2,1,0,1,1,52,61,1,0,1
2,1,1,0,1,45,45,1,0,1
2,1,1,0,1,68,81,1,0,1
2,1,1,0,1,49,60,1,0,1
2,1,1,0,1,59,73,1,0,1
2,1,0,0,1,39,40,1,0,1
2,1,1,1,1,69,76,1,0,1
2,1,0,0,1,44,50,1,0,1
2,1,1,0,1,58,63,1,0,1
2,1,1,0,1,57,64,1,0,1
2,1,0,0,1,55,69,1,0,1
2,1,1,0,0,61,71,1,0,1
2,1,1,0,1,70,84,1,0,1
2,1,1,0,1,54,62,1,0,1
2,1,1,0,1,54,61,1,0,1
2,1,0,1,1,66,70,1,0,1
2,1,1,0,1,66,79,1,0,1
2,1,1,0,1,54,58,1,0,1
2,1,0,0,1,43,43,1,0,1
2,1,0,0,1,55,69,1,0,1
2,1,0,0,1,63,62,1,0,1
2,1,1,0,1,73,86,1,0,1
2,1,0,0,1,50,65,1,0,1
2,1,1,0,1,53,60,1,0,1
2,1,1,0,1,46,46,1,0,1
2,1,0,0,1,52,59,1,0,1
2,1,0,1,0,59,70,1,0,1
2,1,0,0,1,61,69,1,0,1
2,1,0,1,1,63,65,1,0,1
2,1,1,0,1,52,55,1,0,1
2,1,1,0,1,51,52,1,0,1
2,1,0,0,1,63,70,1,0,1
2,1,0,1,1,48,54,1,0,1
2,1,0,0,1,53,58,1,0,1
2,1,0,0,1,54,62,1,0,1
2,1,1,0,1,30,33,1,0,1
2,1,0,1,0,61,64,1,0,1
2,1,0,0,1,49,61,1,0,1
2,1,1,0,1,60,70,1,0,1
2,1,0,1,0,48,55,1,0,1
2,1,0,0,1,64,79,1,0,1
3,0,0,0,0,63,68,1,0,1
3,0,0,1,1,32,37,1,0,1
3,0,0,0,1,57,60,1,0,1
3,0,1,1,1,56,59,1,0,1
3,0,1,0,0,50,51,1,0,1
3,0,1,1,1,44,49,1,0,1
3,0,0,1,0,29,33,1,0,1
3,0,0,0,1,40,43,1,0,1
3,0,1,1,0,73,73,1,0,1
3,0,1,1,1,57,62,1,0,1
3,0,0,0,1,45,41,1,0,1
3,0,0,0,0,78,79,1,0,1
3,0,1,1,0,46,52,1,0,1
3,0,1,0,0,36,42,1,0,1
3,0,0,0,0,44,42,1,0,1
3,0,1,0,0,46,47,1,0,1
3,0,1,0,1,52,54,1,0,1
3,0,0,0,0,58,51,1,0,1
3,0,1,1,1,54,52,1,0,1
3,0,0,0,0,56,57,1,0,1
3,0,1,1,1,60,61,1,0,1
3,0,0,1,1,55,56,1,0,1
3,0,0,1,1,38,45,1,0,1
3,0,0,0,1,66,61,1,0,1
3,0,0,0,0,45,46,1,0,1
3,0,1,0,1,72,77,1,0,1
4,0,0,1,0,58,62,1,0,1
4,0,1,1,1,67,70,1,0,1
4,0,1,0,0,66,59,1,0,1
4,0,1,0,1,60,63,1,0,1
4,0,0,0,1,58,64,1,0,1
4,0,0,0,1,61,68,1,0,1
4,0,0,1,0,51,46,1,0,1
4,0,0,0,1,56,58,1,0,1
4,0,0,0,1,54,54,1,0,1
4,0,0,0,1,48,51,1,0,1
4,0,0,0,1,51,50,1,0,1
4,0,0,0,1,55,59,1,0,1
4,0,1,1,0,50,49,1,0,1
4,0,1,0,1,64,71,1,0,1
4,0,1,1,0,62,64,1,0,1
4,0,1,1,0,62,71,1,0,1
4,0,1,0,0,74,80,1,0,1
4,0,0,0,1,73,87,1,0,1
4,0,1,0,0,59,51,1,0,1
4,0,1,0,0,73,76,1,0,1
4,0,0,0,0,54,68,1,0,1
4,0,1,0,1,60,67,1,0,1
4,0,1,0,1,52,49,1,0,1
4,0,0,0,1,68,74,1,0,1
4,0,0,0,1,52,56,1,0,1
5,1,1,1,1,66,64,1,0,1
5,1,1,1,0,58,60,1,0,1
5,1,1,0,1,64,62,1,0,1
5,1,1,1,1,69,81,1,0,1
5,1,0,0,0,75,84,1,0,1
5,1,0,0,0,63,65,1,0,1
5,1,1,0,0,54,58,1,0,1
5,1,0,0,1,80,82,1,0,1
5,1,0,0,1,42,49,1,0,1
5,1,0,1,0,46,55,1,0,1
5,1,0,1,1,53,58,1,0,1
5,1,1,1,1,57,66,1,0,1
5,1,1,0,0,39,50,1,0,1
5,1,0,0,1,66,80,1,0,1
5,1,0,0,0,54,74,1,0,1
5,1,1,1,0,63,75,1,0,1
5,1,0,0,1,45,51,1,0,1
5,1,0,0,1,48,57,1,0,1
5,1,0,0,1,63,72,1,0,1
5,1,1,0,1,47,50,1,0,1
5,1,0,0,1,55,66,1,0,1
5,1,1,0,1,34,40,1,0,1
5,1,0,0,0,60,72,1,0,1
5,1,0,0,1,36,43,1,0,1
5,1,0,0,0,77,83,1,0,1
5,1,0,0,0,69,81,1,0,1
5,1,1,0,1,67,77,1,0,1
5,1,0,0,1,50,55,1,0,1
5,1,1,0,1,48,59,1,0,1
5,1,0,0,1,67,75,1,0,1
5,1,0,0,1,64,64,1,0,1
5,1,0,0,1,52,63,1,0,1
5,1,0,1,1,64,75,1,0,1
5,1,0,0,1,50,46,1,0,1
5,1,0,0,0,63,71,1,0,1
5,1,1,0,0,55,59,1,0,1
5,1,0,0,1,53,59,1,0,1
5,1,1,0,0,71,83,1,0,1
5,1,0,1,1,57,68,1,0,1
5,1,1,0,1,74,78,1,0,1
5,1,1,0,1,56,57,1,0,1
5,1,0,0,1,64,76,1,0,1
5,1,1,1,1,59,69,1,0,1
5,1,0,0,1,68,81,1,0,1
5,1,1,1,1,53,59,1,0,1
5,1,0,0,1,47,55,1,0,1
5,1,0,0,1,65,70,1,0,1
5,1,1,0,1,61,65,1,0,1
5,1,1,1,1,23,30,1,0,1
5,1,0,0,1,55,66,1,0,1
5,1,1,0,0,64,65,1,0,1
5,1,1,0,1,62,71,1,0,1
5,1,1,0,0,79,88,1,0,1
5,1,0,0,0,54,63,1,0,1
5,1,0,0,1,55,71,1,0,1
5,1,0,0,1,76,87,1,0,1
5,1,0,1,0,44,50,1,0,1
5,1,0,0,0,67,84,1,0,1
5,1,1,1,1,44,52,1,0,1
5,1,0,0,0,77,91,1,0,1
5,1,0,1,1,51,63,1,0,1
5,1,0,0,1,59,73,1,0,1
5,1,1,0,0,77,89,1,0,1
6,1,1,0,1,49,52,1,0,1
6,1,1,1,0,51,49,1,0,1
6,1,1,0,1,52,60,1,0,1
6,1,1,0,1,67,75,1,0,1
6,1,1,0,0,51,56,1,0,1
6,1,0,0,1,60,56,1,0,1
6,1,0,0,0,63,74,1,0,1
6,1,0,0,1,36,35,1,0,1
6,1,0,0,1,51,68,1,0,1
6,1,1,1,0,74,92,1,0,1
6,1,0,1,0,65,72,1,0,1
6,1,0,1,1,51,62,1,0,1
6,1,1,0,0,68,84,1,0,1
6,1,0,1,1,62,78,1,0,1
6,1,0,0,1,64,65,1,0,1
6,1,0,1,1,57,63,1,0,1
6,1,1,1,0,45,56,1,0,1
6,1,0,0,1,19,24,1,0,1
6,1,0,1,0,64,77,1,0,1
6,1,1,1,0,57,73,1,0,1
6,1,1,1,0,65,91,1,0,1
6,1,1,0,1,54,48,1,0,1
6,1,1,1,1,41,53,1,0,1
6,1,1,0,1,59,63,1,0,1
6,1,1,0,1,39,43,1,0,1
6,1,1,1,1,57,55,1,0,1
6,1,0,0,1,52,58,1,0,1
6,1,1,0,0,50,48,1,0,1
6,1,1,1,0,68,83,1,0,1
6,1,1,1,1,46,49,1,0,1
6,1,1,1,0,43,32,1,0,1
6,1,1,0,0,42,43,1,0,1
6,1,0,1,1,50,47,1,0,1
6,1,1,1,0,65,66,1,0,1
6,1,1,0,1,43,45,1,0,1
6,1,1,0,0,67,83,1,0,1
6,1,1,1,1,50,68,1,0,1
6,1,1,1,0,56,75,1,0,1
6,1,1,0,1,67,74,1,0,1
6,1,0,1,1,42,45,1,0,1
6,1,0,0,1,54,65,1,0,1
6,1,0,1,0,58,47,1,0,1
6,1,1,1,1,49,63,1,0,1
6,1,0,0,0,49,52,1,0,1
6,1,0,1,0,56,68,1,0,1
6,1,0,0,1,49,51,1,0,1
6,1,0,0,1,47,39,1,0,1
6,1,0,1,0,61,74,1,0,1
6,1,0,0,1,59,63,1,0,1
6,1,0,0,1,40,43,1,0,1
6,1,1,0,0,70,86,1,0,1
6,1,1,1,1,46,57,1,0,1
6,1,0,0,1,41,48,1,0,1
6,1,0,1,1,55,60,1,0,1
6,1,1,1,0,52,62,1,0,1
6,1,1,0,1,53,57,1,0,1
6,1,1,0,1,63,69,1,0,1
6,1,0,1,1,48,42,1,0,1
6,1,0,1,0,61,65,1,0,1
6,1,1,0,1,61,66,1,0,1
6,1,1,0,0,69,84,1,0,1
6,1,1,0,1,37,52,1,0,1
6,1,0,1,1,51,59,1,0,1
6,1,1,0,0,64,75,1,0,1
6,1,1,0,1,73,81,1,0,1
6,1,1,0,0,58,63,1,0,1
6,1,1,0,0,67,72,1,0,1
6,1,1,1,0,60,71,1,0,1
6,1,0,0,1,41,43,1,0,1
6,1,1,1,1,70,95,1,0,1
6,1,1,0,0,65,87,1,0,1
6,1,1,0,0,49,74,1,0,1
6,1,0,0,1,32,44,1,0,1
6,1,0,0,0,53,61,1,0,1
6,1,0,0,1,72,82,1,0,1
7,1,1,0,1,48,47,2,0,1
7,1,0,1,0,61,63,2,0,1
7,1,1,1,1,61,68,2,0,1
7,1,1,0,1,59,61,2,0,1
7,1,0,0,1,49,51,2,0,1
7,1,0,1,0,48,47,2,0,1
7,1,1,1,1,56,60,2,0,1
7,1,0,1,1,68,70,2,0,1
7,1,0,0,1,50,57,2,0,1
7,1,1,1,1,54,54,2,0,1
7,1,0,1,1,43,48,2,0,1
7,1,0,1,1,39,45,2,0,1
7,1,0,1,1,52,63,2,0,1
7,1,0,0,1,40,55,2,0,1
7,1,0,1,1,36,39,2,0,1
7,1,1,0,0,50,52,2,0,1
7,1,1,0,1,52,44,2,0,1
7,1,0,1,1,43,46,2,0,1
7,1,0,0,1,43,43,2,0,1
7,1,1,0,1,55,71,2,0,1
7,1,1,0,1,73,83,2,0,1
7,1,0,0,0,62,73,2,0,1
8,0,1,0,1,60,65,2,0,1
8,0,1,0,0,51,50,2,0,1
8,0,0,0,0,62,70,2,0,1
8,0,0,0,1,53,49,2,0,1
8,0,1,0,1,75,81,2,0,1
8,0,1,0,1,57,59,2,0,1
8,0,1,0,1,44,40,2,0,1
8,0,1,0,0,57,62,2,0,1
8,0,1,0,1,59,67,2,0,1
8,0,0,0,0,51,52,2,0,1
8,0,1,0,0,60,62,2,0,1
8,0,0,0,1,58,64,2,0,1
8,0,1,0,1,62,66,2,0,1
8,0,0,0,1,43,42,2,0,1
8,0,1,0,1,48,57,2,0,1
8,0,1,0,0,63,67,2,0,1
8,0,1,0,1,57,64,2,0,1
8,0,0,0,0,57,56,2,0,1
8,0,0,0,1,51,52,2,0,1
8,0,1,0,1,53,57,2,0,1
8,0,0,0,1,47,51,2,0,1
8,0,0,0,0,48,56,2,0,1
8,0,1,0,1,58,65,2,0,1
8,0,1,0,1,62,68,2,0,1
8,0,0,0,0,40,46,2,0,1
8,0,0,0,0,56,66,2,0,1
9,1,0,0,1,55,64,2,0,1
9,1,0,1,1,56,71,2,0,1
9,1,0,0,1,62,65,2,0,1
9,1,1,0,1,67,80,2,0,1
9,1,0,1,1,63,64,2,0,1
9,1,0,0,1,64,73,2,0,1
9,1,0,0,1,55,65,2,0,1
9,1,0,0,1,61,71,2,0,1
9,1,1,0,1,50,60,2,0,1
9,1,1,0,1,71,76,2,0,1
9,1,1,0,1,58,68,2,0,1
9,1,0,0,1,48,51,2,0,1
9,1,1,1,1,51,58,2,0,1
9,1,1,0,1,57,67,2,0,1
9,1,1,0,1,68,75,2,0,1
9,1,0,0,1,53,61,2,0,1
9,1,1,0,1,57,65,2,0,1
9,1,0,0,1,63,73,2,0,1
9,1,0,0,1,46,52,2,0,1
9,1,0,0,1,52,61,2,0,1
9,1,0,1,1,60,64,2,0,1
10,1,1,0,1,50,61,2,0,1
10,1,0,0,1,36,37,2,0,1
10,1,0,0,1,50,52,2,0,1
10,1,0,0,1,50,60,2,0,1
10,1,0,0,0,53,60,2,0,1
10,1,0,0,1,63,71,2,0,1
10,1,0,0,0,64,78,2,0,1
10,1,0,0,1,53,54,2,0,1
10,1,0,0,1,59,62,2,0,1
10,1,0,0,1,57,60,2,0,1
10,1,0,0,1,39,55,2,0,1
10,1,0,0,1,44,38,2,0,1
10,1,1,0,0,56,63,2,0,1
10,1,0,0,1,45,48,2,0,1
10,1,0,0,1,46,52,2,0,1
10,1,0,0,1,50,48,2,0,1
10,1,0,0,1,57,58,2,0,1
10,1,1,0,1,59,63,2,0,1
10,1,0,0,1,53,58,2,0,1
10,1,1,0,1,57,57,2,0,1
10,1,0,1,1,54,67,2,0,1
10,1,1,0,1,65,64,2,0,1
10,1,1,0,1,66,79,2,0,1
10,1,1,0,1,52,64,2,0,1
10,1,0,0,1,55,63,2,0,1
10,1,1,0,1,45,51,2,0,1
10,1,1,0,1,66,74,2,0,1
10,1,0,0,1,47,52,2,0,1
10,1,0,0,1,56,70,2,0,1
10,1,0,0,1,68,70,2,0,1
10,1,0,0,1,61,68,2,0,1
10,1,1,1,1,61,63,2,0,1
10,1,0,0,1,64,75,2,0,1
10,1,0,0,1,47,58,2,0,1
10,1,0,0,0,69,80,2,0,1
10,1,1,0,1,47,48,2,0,1
10,1,0,0,1,62,62,2,0,1
10,1,0,0,0,64,79,2,0,1
10,1,0,0,1,58,60,2,0,1
10,1,0,0,1,53,64,2,0,1
10,1,0,0,0,72,83,2,0,1
10,1,1,0,1,60,75,2,0,1
10,1,0,0,1,75,78,2,0,1
10,1,1,0,0,65,73,2,0,1
11,1,1,0,1,59,64,2,0,1
11,1,0,0,1,58,69,2,0,1
11,1,1,1,1,62,76,2,0,1
11,1,0,1,1,67,70,2,0,1
11,1,0,0,1,49,57,2,0,1
11,1,1,1,1,64,70,2,0,1
11,1,1,0,0,60,59,2,0,1
11,1,0,0,0,62,75,2,0,1
11,1,1,0,0,71,85,2,0,1
11,1,1,0,1,67,72,2,0,1
11,1,1,0,0,58,58,2,0,1
11,1,0,1,0,60,68,2,0,1
11,1,1,0,1,41,42,2,0,1
11,1,1,0,1,55,62,2,0,1
11,1,1,0,0,74,88,2,0,1
11,1,1,0,0,72,81,2,0,1
11,1,0,0,1,59,68,2,0,1
11,1,1,0,0,59,74,2,0,1
11,1,1,0,1,58,69,2,0,1
11,1,1,0,1,49,66,2,0,1
11,1,0,0,1,74,78,2,0,1
11,1,1,0,0,62,72,2,0,1
11,1,0,0,1,51,52,2,0,1
11,1,0,0,1,62,81,2,0,1
11,1,1,1,1,57,61,2,0,1
11,1,0,0,1,68,72,2,0,1
11,1,1,0,1,44,52,2,0,1
11,1,1,0,1,73,79,2,0,1
11,1,0,0,1,59,71,2,0,1
11,1,0,0,1,39,50,2,0,1
11,1,1,0,1,51,62,2,0,1
11,1,1,0,1,50,56,2,0,1
11,1,1,0,1,56,72,2,0,1
11,1,1,0,1,55,64,2,0,1
11,1,0,1,1,40,49,2,0,1
11,1,1,0,0,69,79,2,0,1
11,1,1,0,1,72,78,2,0,1
11,1,1,0,1,61,69,2,0,1
11,1,1,0,1,58,72,2,0,1
11,1,0,0,1,42,54,2,0,1
11,1,1,0,1,65,77,2,0,1
11,1,1,0,0,44,48,2,0,1
11,1,0,0,1,61,68,2,0,1
11,1,0,0,1,49,60,2,0,1
11,1,1,0,1,66,73,2,0,1
11,1,0,1,1,58,67,2,0,1
11,1,0,0,1,62,61,2,0,1
11,1,1,0,0,57,55,2,0,1
11,1,1,0,1,58,53,2,0,1
11,1,1,0,0,58,72,2,0,1
11,1,0,1,1,58,59,2,0,1
11,1,1,0,1,39,43,2,0,1
11,1,0,0,1,59,70,2,0,1
11,1,1,0,1,45,46,2,0,1
11,1,1,0,0,56,59,2,0,1
11,1,1,0,1,54,65,2,0,1
12,1,0,0,1,50,67,2,0,1
12,1,0,0,1,66,66,2,0,1
12,1,0,0,0,66,58,2,0,1
12,1,0,0,0,55,51,2,0,1
12,1,0,1,1,65,51,2,0,1
12,1,1,0,0,48,65,2,0,1
12,1,0,0,0,65,75,2,0,1
12,1,1,1,0,50,45,2,0,1
12,1,1,0,1,58,64,2,0,1
12,1,1,0,1,64,76,2,0,1
12,1,1,0,1,55,53,2,0,1
12,1,1,0,1,44,52,2,0,1
12,1,1,0,1,47,68,2,0,1
12,1,1,0,1,50,54,2,0,1
12,1,1,0,1,61,60,2,0,1
12,1,1,0,1,53,59,2,0,1
12,1,1,0,1,61,70,2,0,1
12,1,0,0,1,58,52,2,0,1
12,1,0,0,1,50,53,2,0,1
12,1,0,1,1,64,71,2,0,1
12,1,0,0,1,51,66,2,0,1
12,1,0,0,1,53,66,2,0,1
12,1,1,0,1,52,57,2,0,1
12,1,0,0,1,65,89,2,0,1
12,1,1,0,1,46,53,2,0,1
12,1,0,1,1,59,74,2,0,1
12,1,1,0,1,57,63,2,0,1
12,1,0,0,0,60,71,2,0,1
12,1,0,0,1,48,56,2,0,1
12,1,1,0,1,59,63,2,0,1
12,1,1,0,1,48,48,2,0,1
12,1,1,1,1,48,61,2,0,1
12,1,0,0,1,50,61,2,0,1
12,1,1,0,1,48,49,2,0,1
12,1,1,0,1,37,49,2,0,1
12,1,0,0,1,61,62,2,0,1
12,1,0,0,0,57,64,2,0,1
12,1,1,0,1,43,44,2,0,1
12,1,0,0,0,65,76,2,0,1
12,1,1,0,1,49,48,2,0,1
12,1,1,0,1,42,52,2,0,1
12,1,0,0,1,54,57,2,0,1
12,1,1,1,0,62,64,2,0,1
12,1,1,0,1,50,59,2,0,1
12,1,0,0,1,51,62,2,0,1
12,1,1,0,1,55,64,2,0,1
12,1,0,0,0,43,67,2,0,1
12,1,1,0,1,43,49,2,0,1
12,1,0,0,1,50,64,2,0,1
12,1,0,0,1,56,61,2,0,1
12,1,1,0,1,45,42,2,0,1
12,1,0,0,1,53,57,2,0,1
12,1,0,0,1,59,63,2,0,1
12,1,1,0,0,51,53,2,0,1
12,1,1,0,1,63,63,2,0,1
12,1,0,0,1,44,53,2,0,1
12,1,0,0,0,44,59,2,0,1
12,1,1,0,0,53,60,2,0,1
12,1,1,0,1,55,59,2,0,1
12,1,1,1,1,40,43,2,0,1
12,1,1,0,0,47,47,2,0,1
12,1,0,1,1,59,69,2,0,1
12,1,0,0,1,53,57,2,0,1
13,0,0,0,1,56,57,2,0,1
13,0,0,0,1,31,26,2,0,1
13,0,0,0,0,39,37,2,0,1
13,0,1,0,1,43,41,2,0,1
13,0,0,0,0,58,62,2,0,1
13,0,0,0,1,64,67,2,0,1
13,0,0,0,1,49,50,2,0,1
13,0,0,0,0,48,46,2,0,1
13,0,0,0,1,39,43,2,0,1
13,0,1,0,1,58,65,2,0,1
13,0,0,0,1,55,53,2,0,1
13,0,1,0,1,56,59,2,0,1
13,0,1,0,1,36,34,2,0,1
13,0,1,1,1,63,67,2,0,1
13,0,0,0,0,47,48,2,0,1
13,0,1,0,1,42,45,2,0,1
13,0,0,0,1,42,43,2,0,1
13,0,1,1,0,64,69,2,0,1
13,0,0,1,0,46,44,2,0,1
13,0,1,0,0,61,65,2,0,1
13,0,0,0,1,35,36,2,0,1
13,0,0,1,1,43,43,2,0,1
14,0,0,0,0,55,62,2,0,1
14,0,0,1,1,55,54,2,0,1
14,0,0,0,1,62,63,2,0,1
14,0,0,1,1,43,48,2,0,1
14,0,0,1,1,49,52,2,0,1
14,0,1,0,0,45,57,2,0,1
14,0,1,0,1,48,50,2,0,1
14,0,0,1,0,59,71,2,0,1
14,0,1,0,1,41,43,2,0,1
14,0,0,0,1,48,44,2,0,1
14,0,1,0,1,53,59,2,0,1
14,0,0,0,0,60,71,2,0,1
14,0,1,0,1,57,56,2,0,1
14,0,0,0,1,63,60,2,0,1
14,0,0,0,1,55,66,2,0,1
14,0,1,0,1,58,64,2,0,1
14,0,1,0,1,45,43,2,0,1
14,0,1,0,1,62,65,2,0,1
14,0,0,0,1,55,63,2,0,1
14,0,1,0,1,56,51,2,0,1
14,0,1,0,0,55,56,2,0,1
14,0,1,0,0,61,60,2,0,1
14,0,1,0,1,47,43,2,0,1
14,0,1,0,0,57,58,2,0,1
14,0,0,1,0,63,71,2,0,1
14,0,1,0,0,64,58,2,0,1
14,0,0,1,1,39,30,2,0,1
14,0,0,0,1,46,47,2,0,1
14,0,0,0,0,44,55,2,0,1
14,0,1,0,1,59,62,2,0,1
14,0,1,1,1,41,52,2,0,1
14,0,1,0,1,55,47,2,0,1
14,0,0,0,1,45,50,2,0,1
14,0,1,0,0,57,66,2,0,1
14,0,1,0,0,65,72,2,0,1
14,0,0,0,1,68,71,2,0,1
14,0,0,0,1,40,37,2,0,1
14,0,0,0,0,76,75,2,0,1
14,0,1,0,1,58,55,2,0,1
14,0,1,0,1,55,52,2,0,1
14,0,0,0,1,37,43,2,0,1
14,0,1,0,1,50,59,2,0,1
14,0,0,1,1,56,61,2,0,1
14,0,0,0,1,50,62,2,0,1
14,0,1,1,0,49,57,2,0,1
14,0,0,0,1,57,69,2,0,1
14,0,0,0,1,51,57,2,0,1
14,0,1,0,1,63,69,2,0,1
14,0,1,0,0,54,54,2,0,1
14,0,0,0,1,53,50,2,0,1
14,0,1,0,0,53,56,2,0,1
14,0,1,0,0,55,63,2,0,1
14,0,1,0,1,47,53,2,0,1
14,0,1,0,1,54,55,2,0,1
14,0,0,0,1,53,49,2,0,1
14,0,0,0,1,48,51,2,0,1
14,0,1,1,0,48,52,2,0,1
14,0,1,0,0,54,59,2,0,1
14,0,1,0,0,45,53,2,0,1
14,0,0,0,0,56,54,2,0,1
15,0,1,1,1,54,67,2,0,0
15,0,1,0,1,48,49,2,0,0
15,0,0,1,1,38,41,2,0,0
15,0,0,1,1,50,55,2,0,0
15,0,1,1,1,41,47,2,0,0
15,0,0,1,1,28,24,2,0,0
15,0,0,0,1,64,76,2,0,0
15,0,1,1,1,39,37,2,0,0
15,0,0,1,1,51,53,2,0,0
15,0,1,1,1,26,18,2,0,0
15,0,0,1,1,44,49,2,0,0
15,0,1,0,1,40,42,2,0,0
15,0,1,1,1,44,46,2,0,0
15,0,0,1,0,57,62,2,0,0
15,0,1,1,1,62,72,2,0,0
15,0,1,1,1,41,41,2,0,0
15,0,0,1,1,46,43,2,0,0
15,0,1,1,1,42,47,2,0,0
15,0,1,1,1,39,45,2,0,0
15,0,1,1,1,41,40,2,0,0
15,0,1,1,1,51,69,2,0,0
15,0,1,1,1,32,27,2,0,0
15,0,0,0,1,42,48,2,0,0
15,0,1,1,1,54,54,2,0,0
15,0,1,1,1,59,63,2,0,0
15,0,0,1,1,59,64,2,0,0
15,0,0,1,1,43,39,2,0,0
15,0,0,1,0,39,42,2,0,0
15,0,0,1,0,67,78,2,0,0
15,0,1,1,0,54,56,2,0,0
15,0,1,1,0,58,67,2,0,0
15,0,1,1,1,50,51,2,0,0
15,0,0,1,0,47,45,2,0,0
15,0,1,1,1,43,52,2,0,0
15,0,1,1,1,39,39,2,0,0
15,0,1,1,1,35,23,2,0,0
15,0,1,1,1,56,59,2,0,0
15,0,1,1,1,59,59,2,0,0
15,0,0,1,1,24,19,2,0,0
15,0,1,1,1,37,32,2,0,0
15,0,0,0,1,57,69,2,0,0
15,0,1,1,1,38,38,2,0,0
15,0,0,0,1,52,61,2,0,0
15,0,1,1,1,36,25,2,0,0
15,0,0,1,1,46,61,2,0,0
15,0,0,0,0,58,64,2,0,0
15,0,1,1,0,69,79,2,0,0
15,0,0,1,1,31,23,2,0,0
15,0,0,0,1,55,58,2,0,0
15,0,0,1,1,55,56,2,0,0
15,0,1,1,1,41,48,2,0,0
15,0,1,1,1,51,47,2,0,0
15,0,1,1,0,43,53,2,0,0
15,0,1,1,1,56,59,2,0,0
15,0,1,1,1,48,43,2,0,0
15,0,0,1,1,36,35,2,0,0
15,0,1,1,1,47,49,2,0,0
15,0,1,1,1,39,36,2,0,0
15,0,1,1,1,51,49,2,0,0
15,0,0,0,1,54,63,2,0,0
15,0,0,0,1,40,38,2,0,0
15,0,1,1,1,44,44,2,0,0
15,0,0,0,1,58,49,2,0,0
15,0,1,1,1,24,23,2,0,0
15,0,0,1,0,44,53,2,0,0
15,0,0,1,1,55,60,2,0,0
15,0,0,1,1,44,52,2,0,0
15,0,1,1,1,57,59,2,0,0
15,0,1,1,1,45,40,2,0,0
15,0,0,1,1,46,53,2,0,0
15,0,0,1,1,40,56,2,0,0
15,0,1,1,1,44,42,2,0,0
15,0,0,0,0,54,61,2,0,0
15,0,0,1,1,39,34,2,0,0
15,0,0,1,1,35,34,2,0,0
15,0,0,1,0,41,46,2,0,0
15,0,1,1,1,44,57,2,0,0
15,0,1,1,1,54,63,2,0,0
15,0,0,1,1,57,58,2,0,0
15,0,1,1,1,37,26,2,0,0
15,0,0,1,1,45,41,2,0,0
15,0,1,1,1,46,55,2,0,0
15,0,0,1,1,59,60,2,0,0
15,0,0,0,1,35,31,2,0,0
15,0,0,1,1,39,42,2,0,0
15,0,1,1,1,38,35,2,0,0
15,0,1,1,1,51,57,2,0,0
15,0,1,1,1,43,49,2,0,0
15,0,0,0,1,56,60,2,0,0
15,0,0,1,1,60,55,2,0,0
16,1,0,0,1,59,71,2,0,0
16,1,0,0,0,58,71,2,0,0
16,1,1,0,1,66,73,2,0,0
16,1,0,0,1,42,58,2,0,0
16,1,0,0,1,61,61,2,0,0
16,1,0,0,0,43,54,2,0,0
16,1,0,0,1,60,69,2,0,0
16,1,0,0,1,66,70,2,0,0
16,1,0,0,1,74,80,2,0,0
16,1,1,0,0,67,80,2,0,0
16,1,0,0,0,49,58,2,0,0
16,1,0,0,0,62,64,2,0,0
16,1,1,0,1,35,34,2,0,0
16,1,0,0,1,44,51,2,0,0
16,1,0,0,1,55,71,2,0,0
16,1,0,0,0,46,55,2,0,0
16,1,1,0,1,47,58,2,0,0
16,1,1,0,1,62,65,2,0,0
16,1,0,0,1,32,36,2,0,0
16,1,1,0,1,70,74,2,0,0
16,1,1,1,1,49,45,2,0,0
16,1,0,0,0,66,87,2,0,0
16,1,1,0,1,67,76,2,0,0
16,1,0,0,1,53,61,2,0,0
16,1,0,0,0,33,34,2,0,0
16,1,1,0,1,53,67,2,0,0
16,1,1,0,1,48,64,2,0,0
16,1,0,0,1,51,64,2,0,0
16,1,1,0,1,36,43,2,0,0
16,1,1,0,0,42,46,2,0,0
17,1,1,1,1,51,65,2,0,1
17,1,0,0,1,54,50,2,0,1
17,1,0,0,1,47,47,2,0,1
17,1,1,1,1,33,38,2,0,1
17,1,1,0,1,54,64,2,0,1
17,1,1,0,1,61,72,2,0,1
17,1,0,0,1,62,67,2,0,1
17,1,0,0,1,45,38,2,0,1
17,1,1,0,0,57,63,2,0,1
17,1,0,0,1,48,63,2,0,1
17,1,1,0,0,56,66,2,0,1
17,1,0,0,1,54,67,2,0,1
17,1,1,0,1,49,54,2,0,1
17,1,0,0,1,21,27,2,0,1
17,1,0,0,1,39,44,2,0,1
17,1,0,0,1,38,38,2,0,1
17,1,0,0,1,40,37,2,0,1
17,1,0,0,0,65,79,2,0,1
17,1,0,0,0,39,42,2,0,1
17,1,0,0,1,47,41,2,0,1
17,1,0,0,1,54,68,2,0,1
17,1,0,0,1,53,55,2,0,1
17,1,1,0,0,60,77,2,0,1
17,1,1,1,0,53,64,2,0,1
17,1,0,1,1,42,43,2,0,1
17,1,1,0,0,31,59,2,0,1
17,1,0,0,1,49,57,2,0,1
17,1,0,0,0,42,53,2,0,1
17,1,1,0,1,68,73,2,0,1
17,1,0,0,0,41,39,2,0,1
17,1,1,0,1,54,60,2,0,1
17,1,1,0,1,57,54,2,0,1
17,1,1,1,1,50,60,2,0,1
17,1,1,0,1,50,51,2,0,1
17,1,1,0,0,56,73,2,0,1
17,1,1,1,1,69,69,2,0,1
17,1,0,1,1,54,60,2,0,1
17,1,1,0,1,61,67,2,0,1
17,1,1,1,1,65,84,2,0,1
17,1,1,0,1,51,64,2,0,1
17,1,0,0,1,50,51,2,0,1
17,1,0,1,1,51,59,2,0,1
17,1,1,1,1,59,66,2,0,1
17,1,0,0,1,64,70,2,0,1
17,1,0,0,1,66,74,2,0,1
17,1,0,0,1,46,49,2,0,1
17,1,1,1,1,59,64,2,0,1
17,1,0,0,1,49,41,2,0,1
17,1,1,0,1,46,54,2,0,1
17,1,1,0,1,60,61,2,0,1
17,1,0,0,0,59,66,2,0,1
17,1,0,0,0,46,43,2,0,1
17,1,1,1,1,48,51,2,0,1
17,1,1,0,1,57,64,2,0,1
18,1,0,0,0,69,77,2,0,1
18,1,0,0,1,51,55,2,0,1
18,1,0,0,1,65,74,2,0,1
18,1,0,0,1,31,36,2,0,1
18,1,0,0,1,66,73,2,0,1
18,1,0,0,0,49,51,2,0,1
18,1,0,0,1,43,59,2,0,1
18,1,0,0,1,55,66,2,0,1
18,1,0,0,1,69,69,2,0,1
18,1,1,0,1,63,78,2,0,1
18,1,0,0,1,55,57,2,0,1
18,1,1,1,0,50,48,2,0,1
18,1,1,1,0,73,86,2,0,1
18,1,1,0,1,73,87,2,0,1
18,1,0,0,0,58,72,2,0,1
18,1,0,0,1,61,60,2,0,1
18,1,0,1,1,40,39,2,0,1
18,1,0,0,1,63,73,2,0,1
18,1,0,0,1,53,59,2,0,1
18,1,0,0,1,59,63,2,0,1
18,1,0,0,1,52,56,2,0,1
18,1,1,1,1,41,43,2,0,1
18,1,0,0,1,47,55,2,0,1
18,1,0,0,1,40,45,2,0,1
18,1,1,0,0,55,55,2,0,1
18,1,0,0,1,62,67,2,0,1
18,1,1,0,1,52,59,2,0,1
18,1,0,0,1,54,57,2,0,1
18,1,1,1,0,49,59,2,0,1
18,1,0,0,0,61,64,2,0,1
18,1,0,0,1,58,65,2,0,1
18,1,0,0,1,45,48,2,0,1
18,1,1,0,1,49,53,2,0,1
18,1,1,0,1,38,39,2,0,1
18,1,1,1,1,52,62,2,0,1
18,1,0,1,1,69,76,2,0,1
18,1,1,0,0,52,70,2,0,1
18,1,0,0,1,47,53,2,0,1
18,1,0,1,1,48,51,2,0,1
18,1,1,0,1,42,51,2,0,1
18,1,1,1,1,39,47,2,0,1
18,1,0,0,0,53,56,2,0,1
18,1,0,0,1,52,54,2,0,1
18,1,0,0,1,51,62,2,0,1
18,1,1,0,0,22,27,2,0,1
18,1,1,1,1,53,60,2,0,1
18,1,1,1,0,65,78,2,0,1
18,1,1,0,1,61,71,2,0,1
18,1,1,0,1,52,64,2,0,1
18,1,1,0,1,45,46,2,0,1
18,1,1,0,1,73,89,2,0,1
18,1,1,1,1,56,66,2,0,1
18,1,1,0,1,50,54,2,0,1
18,1,1,0,1,47,54,2,0,1
18,1,0,0,0,38,50,2,0,1
18,1,0,0,1,73,79,2,0,1
18,1,0,0,1,64,75,2,0,1
18,1,0,0,1,46,54,2,0,1
18,1,0,0,1,57,58,2,0,1
18,1,0,0,1,75,75,2,0,1
18,1,0,0,1,55,55,2,0,1
18,1,0,0,1,58,65,2,0,1
18,1,0,0,0,63,61,2,0,1
18,1,1,0,1,52,64,2,0,1
18,1,1,1,1,58,74,2,0,1
18,1,0,0,1,46,54,2,0,1
18,1,0,0,1,50,66,2,0,1
18,1,1,0,1,59,73,2,0,1
18,1,0,0,1,74,76,2,0,1
18,1,1,1,1,38,49,2,0,1
18,1,0,1,1,68,70,2,0,1
18,1,0,1,1,52,57,2,0,1
18,1,0,0,1,49,55,2,0,1
18,1,1,0,0,60,66,2,0,1
18,1,0,0,1,69,81,2,0,1
18,1,1,0,0,51,57,2,0,1
18,1,1,0,1,42,44,2,0,1
18,1,0,0,1,56,71,2,0,1
18,1,0,0,1,66,76,2,0,1
18,1,1,1,1,49,59,2,0,1
18,1,1,0,1,53,56,2,0,1
18,1,0,1,1,45,51,2,0,1
18,1,0,0,1,70,72,2,0,1
18,1,0,1,1,56,59,2,0,1
18,1,0,0,1,51,61,2,0,1
18,1,0,0,1,55,67,2,0,1
18,1,1,0,1,41,49,2,0,1
18,1,0,0,1,61,71,2,0,1
18,1,0,0,0,59,62,2,0,1
18,1,0,1,1,62,62,2,0,1
18,1,0,0,1,47,50,2,0,1
18,1,0,0,1,55,61,2,0,1
18,1,0,0,1,43,56,2,0,1
18,1,1,0,1,47,52,2,0,1
18,1,0,0,0,54,60,2,0,1
18,1,1,1,1,35,37,2,0,1
18,1,1,0,1,65,78,2,0,1
18,1,1,0,1,55,59,2,0,1
18,1,1,0,1,62,70,2,0,1
18,1,1,0,1,50,55,2,0,1
18,1,0,0,1,55,57,2,0,1
18,1,1,0,1,60,73,2,0,1
18,1,1,0,1,51,59,2,0,1
18,1,1,0,1,47,58,2,0,1
18,1,1,0,1,45,54,2,0,1
19,1,1,0,1,46,59,2,0,1
19,1,0,0,1,42,56,2,0,1
19,1,1,0,1,75,84,2,0,1
19,1,0,0,1,66,84,2,0,1
19,1,1,1,0,58,67,2,0,1
19,1,0,1,1,36,48,2,0,1
19,1,1,0,1,47,51,2,0,1
19,1,1,0,1,59,71,2,0,1
19,1,1,1,1,33,40,2,0,1
19,1,1,1,0,54,63,2,0,1
19,1,1,0,1,34,41,2,0,1
19,1,1,1,1,62,70,2,0,1
19,1,1,0,1,63,73,2,0,1
19,1,0,0,1,54,62,2,0,1
19,1,1,0,1,55,67,2,0,1
19,1,0,0,1,59,68,2,0,1
19,1,1,0,1,65,68,2,0,1
19,1,0,0,1,55,69,2,0,1
19,1,1,0,1,54,66,2,0,1
19,1,1,0,1,68,81,2,0,1
19,1,1,1,1,45,51,2,0,1
19,1,1,1,1,57,68,2,0,1
19,1,1,1,1,61,68,2,0,1
19,1,1,0,0,49,63,2,0,1
19,1,0,0,1,54,57,2,0,1
19,1,1,0,1,52,59,2,0,1
19,1,0,0,0,70,83,2,0,1
19,1,0,0,1,56,62,2,0,1
19,1,1,1,1,46,55,2,0,1
19,1,1,0,1,59,73,2,0,1
19,1,1,1,1,44,52,2,0,1
19,1,1,0,1,60,70,2,0,1
20,0,0,1,1,35,42,2,0,1
20,0,1,1,1,42,39,2,0,1
20,0,1,1,1,44,43,2,0,1
20,0,0,1,1,42,28,2,0,1
20,0,1,1,1,43,40,2,0,1
20,0,0,1,1,44,49,2,0,1
20,0,1,1,0,45,40,2,0,1
20,0,0,1,1,38,44,2,0,1
20,0,1,1,1,45,43,2,0,1
20,0,1,1,1,51,54,2,0,1
20,0,0,1,1,46,59,2,0,1
20,0,1,1,0,39,27,2,0,1
20,0,0,1,1,41,45,2,0,1
20,0,0,1,1,44,51,2,0,1
20,0,0,1,0,41,36,2,0,1
20,0,1,1,1,44,34,2,0,1
20,0,0,1,1,44,45,2,0,1
20,0,1,1,1,46,38,2,0,1
20,0,1,1,1,39,39,2,0,1
20,0,1,1,0,41,38,2,0,1
20,0,1,1,0,41,40,2,0,1
21,1,1,0,1,42,59,2,0,1
21,1,1,0,1,55,53,2,0,1
21,1,0,1,1,57,56,2,0,1
21,1,0,0,1,40,41,2,0,1
21,1,0,0,1,47,54,2,0,1
21,1,1,0,0,62,68,2,0,1
21,1,1,0,1,36,46,2,0,1
21,1,0,0,1,39,53,2,0,1
21,1,1,1,0,45,54,2,0,1
21,1,1,1,1,56,71,2,0,1
21,1,0,0,1,43,48,2,0,1
21,1,1,0,0,59,63,2,0,1
21,1,0,0,0,60,64,2,0,1
21,1,0,1,1,31,40,2,0,1
21,1,0,0,1,43,55,2,0,1
21,1,0,0,1,46,69,2,0,1
21,1,1,1,1,48,56,2,0,1
21,1,0,0,1,50,49,2,0,1
21,1,0,0,0,50,62,2,0,1
21,1,1,1,1,49,54,2,0,1
21,1,0,0,1,59,62,2,0,1
21,1,0,0,1,52,57,2,0,1
22,1,0,0,1,47,62,2,0,1
22,1,1,0,1,52,73,2,0,1
22,1,1,0,1,77,84,2,0,1
22,1,1,0,1,56,70,2,0,1
22,1,1,0,0,54,62,2,0,1
22,1,0,0,1,33,53,2,0,1
22,1,0,0,1,61,66,2,0,1
22,1,0,0,1,55,62,2,0,1
22,1,0,0,1,66,77,2,0,1
22,1,0,0,1,69,71,2,0,1
22,1,0,0,1,51,63,2,0,1
22,1,1,0,1,64,64,2,0,1
22,1,0,0,1,47,58,2,0,1
22,1,0,0,1,52,56,2,0,1
22,1,1,0,1,45,56,2,0,1
22,1,1,0,1,53,59,2,0,1
22,1,1,0,1,55,67,2,0,1
22,1,0,0,1,65,70,2,0,1
22,1,1,0,1,52,71,2,0,1
22,1,1,0,0,66,62,2,0,1
22,1,1,0,1,55,73,2,0,1
22,1,1,0,1,47,63,2,0,1
22,1,0,0,1,62,68,2,0,1
22,1,1,0,0,59,71,2,0,1
22,1,1,0,1,48,66,2,0,1
23,1,1,0,1,51,58,2,0,1
23,1,0,0,0,30,37,2,0,1
23,1,1,0,1,62,71,2,0,1
23,1,0,0,1,42,45,2,0,1
23,1,0,0,1,64,73,2,0,1
23,1,1,0,1,48,61,2,0,1
23,1,0,0,1,67,69,2,0,1
23,1,1,0,0,43,44,2,0,1
23,1,0,0,1,53,64,2,0,1
23,1,0,0,1,66,74,2,0,1
23,1,0,0,1,39,46,2,0,1
23,1,1,0,1,61,70,2,0,1
23,1,0,0,1,55,62,2,0,1
23,1,1,0,0,67,73,2,0,1
23,1,1,0,1,55,64,2,0,1
23,1,1,0,1,59,67,2,0,1
23,1,1,0,1,52,57,2,0,1
23,1,1,0,1,34,38,2,0,1
23,1,1,0,0,49,51,2,0,1
23,1,0,0,0,45,49,2,0,1
23,1,0,0,1,34,36,2,0,1
23,1,1,0,1,52,61,2,0,1
23,1,0,0,1,36,38,2,0,1
23,1,1,1,1,49,59,2,0,1
23,1,0,0,1,54,64,2,0,1
23,1,0,0,0,56,60,2,0,1
23,1,1,1,1,48,53,2,0,1
23,1,1,0,1,52,60,2,0,1
23,1,1,0,1,33,38,2,0,1
23,1,1,0,1,51,53,2,0,1
23,1,0,1,1,45,50,2,0,1
23,1,0,0,1,44,57,2,0,1
23,1,0,1,1,29,36,2,0,1
23,1,1,0,1,37,41,2,0,1
23,1,0,0,1,38,43,2,0,1
23,1,1,1,1,46,51,2,0,1
23,1,1,0,0,59,65,2,0,1
23,1,0,0,1,42,46,2,0,1
23,1,0,0,1,56,65,2,0,1
23,1,0,0,1,44,52,2,0,1
23,1,0,1,1,38,46,2,0,1
23,1,0,0,1,52,60,2,0,1
23,1,1,0,0,49,61,2,0,1
23,1,0,0,1,54,59,2,0,1
23,1,0,0,0,54,67,2,0,1
23,1,1,0,1,49,57,2,0,1
23,1,0,0,0,66,77,2,0,1
23,1,0,0,1,38,51,2,0,1
23,1,0,0,1,50,63,2,0,1
23,1,0,0,1,39,46,2,0,1
23,1,0,0,1,45,52,2,0,1
23,1,1,0,1,55,64,2,0,1
23,1,0,0,1,42,49,2,0,1
23,1,0,0,0,50,58,2,0,1
23,1,1,0,1,50,60,2,0,1
23,1,0,0,0,44,51,2,0,1
23,1,0,1,1,44,51,2,0,1
23,1,0,1,1,39,38,2,0,1
23,1,0,0,1,44,42,2,0,1
23,1,1,0,0,42,41,2,0,1
23,1,0,0,1,54,56,2,0,1
23,1,1,0,0,56,69,2,0,1
23,1,1,0,1,30,32,2,0,1
24,1,1,0,1,65,70,3,0,1
24,1,0,1,0,57,62,3,0,1
24,1,0,1,0,41,50,3,0,1
24,1,1,0,1,51,56,3,0,1
24,1,1,0,0,54,63,3,0,1
24,1,1,0,1,58,70,3,0,1
24,1,0,1,0,53,54,3,0,1
24,1,1,1,1,47,54,3,0,1
24,1,0,0,1,59,67,3,0,1
24,1,1,1,1,58,61,3,0,1
24,1,1,1,0,61,75,3,0,1
24,1,1,0,0,59,67,3,0,1
24,1,0,0,1,46,55,3,0,1
24,1,1,0,0,66,70,3,0,1
24,1,1,1,1,32,38,3,0,1
24,1,0,0,0,59,69,3,0,1
24,1,0,1,0,49,57,3,0,1
24,1,0,0,0,55,70,3,0,1
24,1,0,1,0,62,73,3,0,1
24,1,0,0,1,71,77,3,0,1
24,1,1,0,1,59,72,3,0,1
24,1,1,1,0,54,64,3,0,1
24,1,1,0,0,58,71,3,0,1
24,1,0,0,1,66,72,3,0,1
24,1,0,0,1,64,69,3,0,1
24,1,1,1,0,56,64,3,0,1
24,1,0,0,1,62,70,3,0,1
24,1,0,0,1,41,59,3,0,1
24,1,0,0,1,75,85,3,0,1
24,1,0,1,1,50,62,3,0,1
24,1,0,0,0,58,66,3,0,1
24,1,0,0,1,40,44,3,0,1
24,1,0,1,0,63,69,3,0,1
24,1,0,1,1,46,66,3,0,1
24,1,0,0,1,46,62,3,0,1
24,1,1,0,1,47,61,3,0,1
24,1,0,0,0,50,54,3,0,1
24,1,0,1,1,53,57,3,0,1
24,1,0,1,0,41,55,3,0,1
24,1,1,1,0,51,58,3,0,1
24,1,1,1,1,50,55,3,0,1
24,1,0,0,1,55,71,3,0,1
24,1,0,0,0,72,75,3,0,1
24,1,0,0,0,51,60,3,0,1
24,1,1,1,1,53,66,3,0,1
24,1,1,0,1,51,60,3,0,1
24,1,0,0,0,61,70,3,0,1
24,1,1,1,0,59,64,3,0,1
24,1,1,0,0,68,78,3,0,1
24,1,0,1,1,41,50,3,0,1
24,1,0,0,1,49,58,3,0,1
24,1,1,1,0,44,53,3,0,1
24,1,0,1,1,47,51,3,0,1
24,1,0,1,1,35,36,3,0,1
24,1,0,0,1,47,51,3,0,1
24,1,1,0,1,50,59,3,0,1
24,1,0,0,0,47,61,3,0,1
24,1,0,0,0,46,50,3,0,1
24,1,1,0,0,63,77,3,0,1
24,1,0,1,0,43,48,3,0,1
24,1,1,1,1,46,60,3,0,1
24,1,0,1,1,42,52,3,0,1
24,1,1,0,1,54,59,3,0,1
24,1,0,0,0,69,75,3,0,1
24,1,0,1,1,44,49,3,0,1
24,1,0,0,1,56,65,3,0,1
24,1,0,0,1,44,59,3,0,1
24,1,1,1,0,47,56,3,0,1
24,1,0,0,0,55,60,3,0,1
25,0,0,0,1,70,73,3,0,1
25,0,1,0,1,55,55,3,0,1
25,0,1,0,1,57,53,3,0,1
25,0,1,1,1,46,43,3,0,1
25,0,1,0,1,64,67,3,0,1
25,0,0,1,1,50,50,3,0,1
25,0,1,0,1,54,69,3,0,1
25,0,1,0,1,52,52,3,0,1
25,0,0,0,1,63,54,3,0,1
25,0,0,1,1,55,51,3,0,1
25,0,0,0,1,64,60,3,0,1
25,0,1,0,0,50,63,3,0,1
25,0,1,0,1,62,57,3,0,1
25,0,0,0,1,50,41,3,0,1
25,0,1,0,1,56,54,3,0,1
25,0,0,0,1,49,48,3,0,1
25,0,1,0,0,56,53,3,0,1
25,0,0,1,1,61,48,3,0,1
25,0,1,1,1,51,51,3,0,1
25,0,1,0,1,70,77,3,0,1
25,0,0,1,1,47,40,3,0,1
25,0,0,0,0,61,45,3,0,1
25,0,0,0,1,57,59,3,0,1
25,0,0,0,1,63,73,3,0,1
25,0,1,0,1,65,72,3,0,1
26,1,1,0,0,47,54,3,0,1
26,1,0,0,0,42,38,3,0,1
26,1,1,0,0,60,71,3,0,1
26,1,0,0,1,49,55,3,0,1
26,1,1,0,0,67,73,3,0,1
26,1,0,1,0,46,48,3,0,1
26,1,0,1,1,41,55,3,0,1
26,1,1,0,0,60,70,3,0,1
26,1,0,1,1,39,46,3,0,1
26,1,1,0,0,51,57,3,0,1
26,1,1,0,0,72,77,3,0,1
26,1,0,0,0,53,55,3,0,1
26,1,1,0,1,40,52,3,0,1
26,1,1,1,0,41,58,3,0,1
26,1,1,0,1,58,67,3,0,1
26,1,1,0,0,57,67,3,0,1
26,1,1,0,1,72,76,3,0,1
26,1,1,1,1,39,49,3,0,1
26,1,0,0,0,56,61,3,0,1
26,1,1,0,1,56,58,3,0,1
26,1,1,0,0,64,63,3,0,1
26,1,0,0,1,52,55,3,0,1
27,1,1,1,1,54,58,3,0,1
27,1,1,0,1,50,55,3,0,1
27,1,0,1,0,50,53,3,0,1
27,1,0,0,1,47,54,3,0,1
27,1,0,0,1,51,61,3,0,1
27,1,0,0,1,67,76,3,0,1
27,1,0,1,1,60,77,3,0,1
27,1,0,0,1,45,49,3,0,1
27,1,0,0,1,50,60,3,0,1
27,1,0,1,1,50,48,3,0,1
27,1,1,0,1,50,52,3,0,1
27,1,1,1,1,58,73,3,0,1
27,1,1,1,1,60,74,3,0,1
27,1,1,1,1,39,48,3,0,1
27,1,1,1,1,43,49,3,0,1
27,1,0,1,1,37,36,3,0,1
27,1,0,1,0,51,59,3,0,1
27,1,1,0,1,60,62,3,0,1
27,1,1,1,1,48,46,3,0,1
27,1,0,1,1,51,56,3,0,1
27,1,1,1,1,56,65,3,0,1
27,1,1,0,1,65,81,3,0,1
27,1,1,1,1,52,58,3,0,1
27,1,0,1,1,63,76,3,0,1
27,1,1,1,1,49,58,3,0,1
27,1,0,1,0,60,69,3,0,1
27,1,1,0,0,62,61,3,0,1
27,1,0,1,1,55,61,3,0,1
27,1,0,1,1,45,41,3,0,1
27,1,1,0,1,49,52,3,0,1
27,1,1,0,1,49,54,3,0,1
27,1,0,1,1,38,40,3,0,1
27,1,1,0,1,37,36,3,0,1
27,1,1,0,1,47,51,3,0,1
27,1,1,0,0,64,76,3,0,1
27,1,0,0,1,43,46,3,0,1
27,1,0,0,1,37,38,3,0,1
27,1,1,0,0,50,57,3,0,1
27,1,1,0,1,50,49,3,0,1
27,1,0,0,1,48,53,3,0,1
27,1,1,0,1,54,67,3,0,1
27,1,1,1,1,54,61,3,0,1
27,1,1,1,1,48,55,3,0,1
27,1,1,1,0,51,52,3,0,1
27,1,0,0,1,56,64,3,0,1
27,1,1,1,0,51,53,3,0,1
28,1,1,0,0,77,92,3,0,1
28,1,0,0,0,60,74,3,0,1
28,1,1,1,1,57,66,3,0,1
28,1,0,0,0,60,76,3,0,1
28,1,0,1,1,57,66,3,0,1
28,1,1,0,0,57,71,3,0,1
28,1,0,0,1,50,62,3,0,1
28,1,0,1,0,67,83,3,0,1
28,1,1,0,0,62,74,3,0,1
28,1,1,1,1,46,51,3,0,1
28,1,0,0,0,43,47,3,0,1
28,1,1,0,0,53,63,3,0,1
28,1,0,0,0,48,53,3,0,1
28,1,1,1,0,63,77,3,0,1
28,1,1,1,1,49,61,3,0,1
28,1,1,1,0,58,64,3,0,1
28,1,1,0,1,67,80,3,0,1
28,1,1,0,1,49,61,3,0,1
28,1,1,0,0,65,76,3,0,1
28,1,0,0,0,55,67,3,0,1
28,1,1,1,1,48,54,3,0,1
28,1,1,1,0,59,66,3,0,1
28,1,1,1,0,58,68,3,0,1
28,1,0,0,1,66,79,3,0,1
28,1,0,0,1,61,74,3,0,1
28,1,1,0,1,50,59,3,0,1
28,1,1,1,0,62,70,3,0,1
28,1,1,1,1,51,60,3,0,1
28,1,1,1,0,56,67,3,0,1
28,1,1,1,1,58,65,3,0,1
28,1,0,1,0,64,82,3,0,1
28,1,0,1,0,55,64,3,0,1
28,1,0,0,0,64,80,3,0,1
28,1,0,0,0,51,59,3,0,1
28,1,0,1,1,37,47,3,0,1
28,1,0,0,1,58,69,3,0,1
28,1,0,1,1,49,61,3,0,1
28,1,0,0,1,48,58,3,0,1
28,1,1,0,1,62,75,3,0,1
28,1,1,0,0,63,78,3,0,1
28,1,1,1,1,47,54,3,0,1
28,1,0,1,0,66,82,3,0,1
28,1,1,1,1,57,64,3,0,1
28,1,0,0,1,58,69,3,0,1
28,1,0,0,1,74,88,3,0,1
28,1,0,1,0,51,60,3,0,1
28,1,0,0,0,50,56,3,0,1
28,1,0,0,0,62,77,3,0,1
28,1,0,0,1,59,66,3,0,1
28,1,0,0,1,66,79,3,0,1
28,1,0,1,0,51,59,3,0,1
28,1,0,1,1,62,71,3,0,1
28,1,1,1,0,54,71,3,0,1
28,1,0,1,1,63,74,3,0,1
28,1,0,0,1,46,56,3,0,1
28,1,1,1,0,48,52,3,0,1
28,1,0,0,0,74,82,3,0,1
28,1,1,0,0,47,52,3,0,1
28,1,1,0,0,48,53,3,0,1
28,1,0,0,1,48,56,3,0,1
28,1,0,1,0,68,78,3,0,1
28,1,0,0,0,58,72,3,0,1
28,1,0,0,1,62,71,3,0,1
28,1,1,1,1,60,66,3,0,1
28,1,1,1,1,47,56,3,0,1
28,1,0,1,0,62,76,3,0,1
28,1,1,1,0,59,73,3,0,1
28,1,1,0,0,85,104,3,0,1
28,1,0,0,1,55,66,3,0,1
28,1,0,1,0,54,69,3,0,1
28,1,1,1,0,45,52,3,0,1
28,1,0,0,1,56,67,3,0,1
29,1,0,1,1,54,61,3,0,1
29,1,0,0,0,62,78,3,0,1
29,1,0,0,0,47,55,3,0,1
29,1,1,0,0,64,72,3,0,1
29,1,0,1,0,61,75,3,0,1
29,1,1,0,1,54,76,3,0,1
29,1,1,0,0,54,68,3,0,1
29,1,0,0,1,60,64,3,0,1
29,1,0,0,0,52,56,3,0,1
29,1,0,0,1,43,55,3,0,1
29,1,0,0,0,73,81,3,0,1
29,1,0,0,1,61,73,3,0,1
29,1,0,1,1,54,62,3,0,1
29,1,0,0,1,69,86,3,0,1
29,1,1,1,1,52,61,3,0,1
29,1,0,0,0,52,59,3,0,1
29,1,1,1,1,41,46,3,0,1
29,1,0,1,0,40,51,3,0,1
29,1,0,0,1,56,71,3,0,1
29,1,1,1,0,56,65,3,0,1
29,1,1,0,0,45,52,3,0,1
29,1,0,0,1,63,69,3,0,1
29,1,0,0,0,49,58,3,0,1
29,1,1,1,0,53,61,3,0,1
29,1,0,0,0,61,74,3,0,1
29,1,1,0,1,45,57,3,0,1
29,1,1,1,0,50,60,3,0,1
29,1,0,1,0,44,50,3,0,1
29,1,0,1,1,43,59,3,0,1
29,1,0,1,1,59,66,3,0,1
29,1,1,1,0,46,53,3,0,1
29,1,1,0,1,46,51,3,0,1
29,1,0,1,0,55,65,3,0,1
29,1,0,1,1,49,58,3,0,1
29,1,0,0,1,65,81,3,0,1
29,1,1,1,1,59,70,3,0,1
29,1,0,1,0,68,71,3,0,1
29,1,0,1,1,43,51,3,0,1
29,1,1,1,1,49,58,3,0,1
29,1,1,1,1,55,63,3,0,1
29,1,0,1,0,44,56,3,0,1
29,1,0,0,0,62,76,3,0,1
29,1,0,0,1,64,79,3,0,1
29,1,1,0,0,62,77,3,0,1
29,1,0,0,1,58,71,3,0,1
29,1,1,1,0,58,68,3,0,1
29,1,0,0,0,60,67,3,0,1
29,1,0,0,0,64,78,3,0,1
29,1,1,0,0,36,33,3,0,1
29,1,1,0,1,56,75,3,0,1
29,1,0,0,1,58,69,3,0,1
29,1,0,0,1,63,74,3,0,1
29,1,0,0,1,50,63,3,0,1
29,1,1,0,0,60,72,3,0,1
29,1,1,0,0,44,50,3,0,1
29,1,0,0,0,58,63,3,0,1
29,1,1,0,0,49,52,3,0,1
29,1,0,0,0,72,86,3,0,1
29,1,0,0,1,57,62,3,0,1
29,1,0,0,0,58,71,3,0,1
29,1,1,0,1,56,61,3,0,1
29,1,0,1,0,72,80,3,0,1
29,1,0,0,1,55,67,3,0,1
30,0,0,0,1,53,57,3,0,1
30,0,1,1,1,33,32,3,0,1
30,0,1,1,1,52,45,3,0,1
30,0,1,0,1,60,61,3,0,1
30,0,1,1,1,43,47,3,0,1
30,0,1,1,1,34,37,3,0,1
30,0,0,1,1,35,34,3,0,1
30,0,1,0,1,59,59,3,0,1
30,0,1,1,1,68,64,3,0,1
30,0,0,0,1,48,43,3,0,1
30,0,1,0,0,62,72,3,0,1
30,0,1,1,1,60,59,3,0,1
30,0,1,1,1,53,58,3,0,1
30,0,1,1,0,47,56,3,0,1
30,0,0,1,0,43,45,3,0,1
30,0,0,0,1,58,54,3,0,1
30,0,0,0,0,58,56,3,0,1
30,0,0,1,0,29,30,3,0,1
30,0,1,1,0,54,59,3,0,1
30,0,1,1,1,37,39,3,0,1
30,0,1,1,1,49,41,3,0,1
30,0,0,1,1,54,60,3,0,1
30,0,0,1,0,42,49,3,0,1
30,0,1,1,1,43,41,3,0,1
30,0,1,1,0,37,30,3,0,1
30,0,1,1,0,43,44,3,0,1
31,1,1,0,1,50,57,3,0,1
31,1,1,0,1,61,70,3,0,1
31,1,1,0,1,49,51,3,0,1
31,1,0,0,1,46,65,3,0,1
31,1,1,0,1,62,85,3,0,1
31,1,1,0,1,47,55,3,0,1
31,1,0,0,0,63,72,3,0,1
31,1,1,0,0,52,61,3,0,1
31,1,0,0,1,56,69,3,0,1
31,1,0,0,0,51,61,3,0,1
31,1,1,1,1,56,63,3,0,1
31,1,0,0,1,47,55,3,0,1
31,1,1,0,0,49,59,3,0,1
31,1,1,0,0,49,61,3,0,1
31,1,1,0,1,38,47,3,0,1
31,1,0,0,1,40,54,3,0,1
31,1,0,0,0,43,55,3,0,1
31,1,1,0,1,49,57,3,0,1
31,1,1,0,1,41,50,3,0,1
31,1,0,0,1,49,59,3,0,1
31,1,1,1,1,41,41,3,0,1
32,1,0,0,1,63,68,3,0,1
32,1,1,0,1,29,52,3,0,1
32,1,0,1,1,37,48,3,0,1
32,1,1,1,0,51,58,3,0,1
32,1,1,0,0,49,62,3,0,1
32,1,1,0,1,38,42,3,0,1
32,1,0,0,1,36,50,3,0,1
32,1,0,0,1,54,71,3,0,1
32,1,1,1,0,41,62,3,0,1
32,1,1,0,1,55,69,3,0,1
32,1,1,0,1,38,33,3,0,1
32,1,0,0,1,38,53,3,0,1
32,1,1,1,0,56,60,3,0,1
32,1,1,0,1,44,51,3,0,1
32,1,1,0,1,43,52,3,0,1
32,1,1,0,1,38,50,3,0,1
32,1,0,0,1,53,64,3,0,1
32,1,0,0,1,54,63,3,0,1
32,1,1,0,0,59,77,3,0,1
32,1,0,1,0,36,44,3,0,1
32,1,1,0,1,40,42,3,0,1
32,1,1,0,1,50,54,3,0,1
32,1,0,0,1,45,54,3,0,1
32,1,0,0,1,44,60,3,0,1
32,1,0,0,0,45,63,3,0,1
32,1,1,1,0,49,43,3,0,1
32,1,0,0,1,26,40,3,0,1
32,1,1,1,1,62,63,3,0,1
32,1,0,0,1,48,60,3,0,1
32,1,1,0,1,24,35,3,0,1
32,1,0,0,0,52,76,3,0,1
32,1,0,0,0,35,38,3,0,1
32,1,1,0,0,33,43,3,0,1
32,1,0,1,1,30,42,3,0,1
32,1,0,0,1,64,63,3,0,1
32,1,0,0,1,41,48,3,0,1
32,1,1,0,1,42,41,3,0,1
32,1,0,0,0,41,55,3,0,1
32,1,1,0,1,47,44,3,0,1
32,1,0,0,1,36,57,3,0,1
32,1,0,0,1,32,49,3,0,1
32,1,1,0,0,66,87,3,0,1
32,1,0,0,1,52,61,3,0,1
32,1,0,0,1,40,50,3,0,1
32,1,0,0,1,49,53,3,0,1
32,1,1,0,1,44,55,3,0,1
32,1,1,1,1,42,49,3,0,1
32,1,1,1,0,41,56,3,0,1
32,1,0,0,1,48,63,3,0,1
32,1,0,0,1,44,59,3,0,1
33,1,1,1,1,51,51,3,0,1
33,1,1,0,1,59,65,3,0,1
33,1,1,0,1,53,54,3,0,1
33,1,1,0,1,55,52,3,0,1
33,1,1,1,1,50,51,3,0,1
33,1,0,0,1,56,64,3,0,1
33,1,1,1,1,50,60,3,0,1
33,1,1,0,1,55,66,3,0,1
33,1,1,1,1,45,42,3,0,1
33,1,1,0,1,46,59,3,0,1
33,1,1,1,1,44,42,3,0,1
33,1,1,1,0,52,59,3,0,1
33,1,0,0,1,54,63,3,0,1
33,1,1,0,1,51,47,3,0,1
33,1,1,0,1,61,68,3,0,1
33,1,1,1,1,49,54,3,0,1
33,1,0,0,1,69,81,3,0,1
33,1,0,0,1,60,68,3,0,1
33,1,1,1,0,68,70,3,0,1
33,1,1,1,1,61,71,3,0,1
33,1,0,0,1,58,59,3,0,1
33,1,0,0,1,55,58,3,0,1
33,1,0,1,1,48,59,3,0,1
33,1,0,0,0,64,63,3,0,1
33,1,1,0,1,53,70,3,0,1
34,1,1,0,0,39,52,3,0,1
34,1,1,1,1,51,62,3,0,1
34,1,0,0,1,49,64,3,0,1
34,1,1,0,0,52,58,3,0,1
34,1,1,0,0,52,57,3,0,1
34,1,0,1,1,38,45,3,0,1
34,1,1,1,1,40,32,3,0,1
34,1,1,0,1,53,59,3,0,1
34,1,1,0,1,53,63,3,0,1
34,1,1,0,1,46,51,3,0,1
34,1,1,1,0,47,54,3,0,1
34,1,1,0,1,56,73,3,0,1
34,1,1,0,1,69,57,3,0,1
34,1,0,0,1,45,36,3,0,1
34,1,1,0,1,40,44,3,0,1
34,1,0,1,1,62,72,3,0,1
34,1,1,1,0,50,62,3,0,1
34,1,1,0,1,43,45,3,0,1
34,1,1,0,1,41,56,3,0,1
34,1,1,1,1,54,66,3,0,1
34,1,1,1,1,60,62,3,0,1
34,1,0,0,1,55,53,3,0,1
34,1,1,0,1,66,73,3,0,1
34,1,0,0,1,66,66,3,0,1
34,1,1,0,1,53,52,3,0,1
34,1,0,0,1,61,64,3,0,1
34,1,1,0,1,54,56,3,0,1
34,1,1,0,0,51,55,3,0,1
34,1,1,0,1,40,51,3,0,1
34,1,1,0,1,51,63,3,0,1
34,1,0,1,1,58,61,3,0,1
34,1,1,0,1,48,50,3,0,1
34,1,1,0,1,67,74,3,0,1
34,1,1,0,1,53,55,3,0,1
34,1,1,0,1,48,57,3,0,1
34,1,1,0,0,58,67,3,0,1
34,1,1,0,1,58,77,3,0,1
34,1,0,0,1,48,54,3,0,1
34,1,1,0,1,55,53,3,0,1
34,1,0,1,1,48,58,3,0,1
34,1,0,1,1,42,48,3,0,1
34,1,1,0,0,48,51,3,0,1
34,1,1,0,1,40,39,3,0,1
34,1,1,0,0,50,60,3,0,1
34,1,1,0,1,32,45,3,0,1
34,1,0,0,1,60,67,3,0,1
34,1,0,0,1,47,56,3,0,1
34,1,1,1,1,42,53,3,0,1
34,1,1,0,1,55,53,3,0,1
34,1,0,1,1,57,54,3,0,1
34,1,1,1,1,54,59,3,0,1
34,1,0,0,1,71,66,3,0,1
34,1,0,0,1,53,67,3,0,1
34,1,1,0,1,60,69,3,0,1
34,1,1,0,0,63,69,3,0,1
34,1,1,0,1,37,48,3,0,1
34,1,1,0,1,53,67,3,0,1
34,1,0,0,1,59,62,3,0,1
34,1,1,0,1,60,68,3,0,1
34,1,0,0,1,45,53,3,0,1
34,1,0,0,1,43,53,3,0,1
34,1,1,1,1,36,35,3,0,1
34,1,0,0,0,52,58,3,0,1
34,1,1,1,1,44,50,3,0,1
34,1,1,1,1,77,83,3,0,1
34,1,1,0,1,49,52,3,0,1
34,1,0,1,1,52,49,3,0,1
34,1,1,0,1,51,53,3,0,1
34,1,0,0,0,63,72,3,0,1
35,1,1,1,1,56,61,3,0,1
35,1,1,0,1,37,42,3,0,1
35,1,1,1,1,29,42,3,0,1
35,1,1,1,1,40,48,3,0,1
35,1,1,1,1,41,53,3,0,1
35,1,0,1,1,48,55,3,0,1
35,1,0,1,1,38,44,3,0,1
35,1,1,0,1,33,38,3,0,1
35,1,1,1,1,43,51,3,0,1
35,1,1,1,1,53,53,3,0,1
35,1,1,0,0,40,48,3,0,1
35,1,1,1,0,48,52,3,0,1
35,1,1,0,0,63,68,3,0,1
35,1,1,1,1,62,68,3,0,1
35,1,0,1,1,43,49,3,0,1
35,1,1,0,1,50,58,3,0,1
35,1,0,0,1,38,41,3,0,1
35,1,1,1,1,59,64,3,0,1
35,1,0,1,1,64,65,3,0,1
35,1,0,1,1,41,42,3,0,1
35,1,1,0,0,49,56,3,0,1
36,1,1,0,1,56,69,3,0,1
36,1,0,1,0,54,62,3,0,1
36,1,1,0,1,52,60,3,0,1
36,1,1,0,1,44,55,3,0,1
36,1,0,0,0,59,73,3,0,1
36,1,1,0,1,64,62,3,0,1
36,1,0,1,0,70,78,3,0,1
36,1,1,1,1,60,66,3,0,1
36,1,1,0,1,41,52,3,0,1
36,1,0,0,1,43,51,3,0,1
36,1,0,0,1,39,51,3,0,1
36,1,1,0,0,57,71,3,0,1
36,1,1,0,1,31,38,3,0,1
36,1,0,0,1,49,57,3,0,1
36,1,0,0,1,61,74,3,0,1
36,1,0,1,1,49,56,3,0,1
36,1,1,0,1,55,66,3,0,1
36,1,0,0,1,36,46,3,0,1
36,1,0,0,0,41,52,3,0,1
36,1,1,0,1,58,66,3,0,1
36,1,1,0,1,59,52,3,0,1
36,1,0,0,1,51,63,3,0,1
36,1,0,0,1,52,67,3,0,1
36,1,1,1,1,45,50,3,0,1
36,1,1,1,0,49,60,3,0,1
36,1,1,0,0,45,57,3,0,1
36,1,1,0,1,47,52,3,0,1
36,1,0,0,1,40,49,3,0,1
36,1,0,0,0,49,53,3,0,1
36,1,0,0,1,33,51,3,0,1
36,1,0,0,1,53,50,3,0,1
36,1,1,0,1,24,44,3,0,1
36,1,0,0,1,49,59,3,0,1
36,1,0,0,0,58,70,3,0,1
36,1,1,0,1,60,65,3,0,1
36,1,0,0,1,47,47,3,0,1
36,1,0,0,1,59,56,3,0,1
36,1,1,0,1,40,55,3,0,1
36,1,1,0,0,51,62,3,0,1
36,1,0,0,1,64,73,3,0,1
36,1,1,0,0,63,71,3,0,1
36,1,0,0,1,66,79,3,0,1
37,1,1,0,1,47,52,3,0,1
37,1,1,0,1,53,61,3,0,1
37,1,0,1,1,32,34,3,0,1
37,1,1,1,1,48,53,3,0,1
37,1,1,1,1,43,42,3,0,1
37,1,1,0,1,59,63,3,0,1
37,1,0,0,0,53,61,3,0,1
37,1,1,0,1,43,44,3,0,1
37,1,0,0,1,49,49,3,0,1
37,1,0,0,0,34,42,3,0,1
37,1,0,0,1,52,58,3,0,1
37,1,0,1,0,49,59,3,0,1
37,1,0,0,1,52,58,3,0,1
37,1,0,0,1,51,58,3,0,1
37,1,1,0,1,56,64,3,0,1
37,1,0,1,1,50,60,3,0,1
37,1,0,0,1,46,58,3,0,1
37,1,0,0,0,53,69,3,0,1
37,1,1,0,0,52,60,3,0,1
37,1,0,1,1,60,69,3,0,1
37,1,0,0,0,55,66,3,0,1
37,1,0,0,1,65,73,3,0,1
38,1,0,1,1,60,75,3,0,1
38,1,0,0,0,59,67,3,0,1
38,1,0,0,0,63,73,3,0,1
38,1,1,0,1,50,54,3,0,1
38,1,0,0,1,58,66,3,0,1
38,1,0,1,1,55,55,3,0,1
38,1,0,0,1,48,60,3,0,1
38,1,0,0,1,56,69,3,0,1
38,1,0,0,0,59,63,3,0,1
38,1,1,0,1,57,65,3,0,1
38,1,0,0,1,40,42,3,0,1
38,1,0,0,1,56,68,3,0,1
38,1,1,0,1,63,61,3,0,1
38,1,0,0,0,42,51,3,0,1
38,1,0,0,1,64,66,3,0,1
38,1,1,0,1,45,44,3,0,1
38,1,0,1,0,52,54,3,0,1
38,1,0,0,1,51,54,3,0,1
38,1,1,0,0,52,60,3,0,1
38,1,0,0,1,50,53,3,0,1
38,1,0,0,1,61,73,3,0,1
38,1,1,0,1,52,53,3,0,1
38,1,0,0,0,48,50,3,0,1
38,1,1,0,0,57,62,3,0,1
38,1,1,1,1,67,73,3,0,1
39,1,1,0,1,56,64,4,0,1
39,1,1,0,0,65,69,4,0,1
39,1,0,0,1,70,83,4,0,1
39,1,1,0,1,68,84,4,0,1
39,1,1,0,1,48,56,4,0,1
39,1,0,0,0,63,78,4,0,1
39,1,1,0,1,66,74,4,0,1
39,1,1,1,0,68,73,4,0,1
39,1,0,0,1,48,54,4,0,1
39,1,1,0,1,44,60,4,0,1
39,1,1,0,1,51,56,4,0,1
39,1,1,0,1,54,65,4,0,1
39,1,0,0,1,52,68,4,0,1
39,1,1,0,1,60,80,4,0,1
39,1,1,0,1,61,74,4,0,1
39,1,1,0,1,46,49,4,0,1
39,1,1,0,0,48,60,4,0,1
39,1,0,0,1,64,76,4,0,1
39,1,1,0,1,63,71,4,0,1
39,1,1,0,1,62,80,4,0,1
39,1,0,0,0,61,74,4,0,1
39,1,1,0,1,61,71,4,0,1
39,1,1,0,1,50,53,4,0,1
39,1,0,0,1,51,59,4,0,1
39,1,0,0,1,54,64,4,0,1
39,1,0,0,0,51,60,4,0,1
39,1,0,0,1,64,76,4,0,1
39,1,1,0,1,53,72,4,0,1
39,1,0,0,0,47,60,4,0,1
39,1,1,0,1,73,80,4,0,1
39,1,1,0,1,46,61,4,0,1
39,1,0,0,1,61,73,4,0,1
39,1,0,0,1,53,72,4,0,1
39,1,0,1,1,66,77,4,0,1
39,1,1,0,1,64,83,4,0,1
39,1,1,0,1,61,73,4,0,1
39,1,0,0,1,64,74,4,0,1
39,1,1,0,1,54,65,4,0,1
39,1,1,0,1,52,71,4,0,1
39,1,0,0,1,67,80,4,0,1
39,1,0,0,1,47,60,4,0,1
39,1,1,0,1,53,64,4,0,1
39,1,0,0,1,65,80,4,0,1
39,1,1,0,1,50,66,4,0,1
39,1,1,0,1,54,69,4,0,1
39,1,0,0,0,61,68,4,0,1
39,1,1,0,1,60,64,4,0,1
39,1,0,0,0,61,71,4,0,1
39,1,0,0,1,61,66,4,0,1
39,1,1,0,1,55,67,4,0,1
39,1,0,0,1,55,56,4,0,1
39,1,1,0,0,46,55,4,0,1
40,1,0,0,1,54,54,4,0,1
40,1,1,0,1,57,70,4,0,1
40,1,0,0,0,62,72,4,0,1
40,1,1,1,0,61,68,4,0,1
40,1,1,0,0,75,87,4,0,1
40,1,1,0,0,62,76,4,0,1
40,1,0,0,0,59,62,4,0,1
40,1,1,0,0,65,73,4,0,1
40,1,1,1,1,39,48,4,0,1
40,1,0,0,1,52,54,4,0,1
40,1,0,0,0,66,77,4,0,1
40,1,1,0,1,50,63,4,0,1
40,1,0,0,0,59,68,4,0,1
40,1,1,0,1,68,80,4,0,1
40,1,1,0,1,60,70,4,0,1
40,1,0,0,1,62,69,4,0,1
40,1,1,0,1,54,65,4,0,1
40,1,1,0,1,63,67,4,0,1
40,1,0,0,1,57,64,4,0,1
40,1,1,0,0,49,54,4,0,1
40,1,1,1,1,50,59,4,0,1
40,1,0,0,1,41,42,4,0,1
40,1,0,0,1,62,64,4,0,1
40,1,1,1,0,40,48,4,0,1
40,1,0,0,1,46,46,4,0,1
40,1,1,0,1,57,64,4,0,1
40,1,1,1,1,60,65,4,0,1
40,1,1,0,1,49,58,4,0,1
40,1,1,0,1,67,76,4,0,1
40,1,1,0,1,57,70,4,0,1
40,1,0,0,1,57,71,4,0,1
40,1,0,0,0,79,88,4,0,1
40,1,1,0,1,56,59,4,0,1
40,1,1,0,1,61,73,4,0,1
40,1,0,0,1,60,67,4,0,1
40,1,0,0,1,47,59,4,0,1
40,1,1,0,1,69,73,4,0,1
40,1,1,0,1,44,51,4,0,1
40,1,0,0,1,68,75,4,0,1
40,1,0,0,0,67,76,4,0,1
40,1,1,1,1,55,59,4,0,1
40,1,0,0,1,73,86,4,0,1
40,1,1,0,1,55,62,4,0,1
40,1,1,0,1,52,59,4,0,1
40,1,1,1,0,48,50,4,0,1
40,1,1,0,1,50,61,4,0,1
40,1,0,0,1,68,79,4,0,1
40,1,1,0,1,50,63,4,0,1
40,1,1,0,1,36,40,4,0,1
40,1,0,0,1,57,66,4,0,1
40,1,1,0,0,63,69,4,0,1
40,1,1,0,1,47,53,4,0,1
40,1,0,0,1,58,65,4,0,1
40,1,0,0,0,52,56,4,0,1
40,1,1,1,0,51,52,4,0,1
40,1,1,0,0,61,66,4,0,1
40,1,1,0,1,58,58,4,0,1
40,1,1,0,1,63,67,4,0,1
40,1,0,0,1,49,54,4,0,1
40,1,0,1,0,45,50,4,0,1
40,1,1,0,1,64,79,4,0,1
40,1,0,0,1,54,64,4,0,1
40,1,0,0,1,47,57,4,0,1
40,1,0,0,1,62,64,4,0,1
40,1,0,1,1,45,53,4,0,1
40,1,1,0,1,51,56,4,0,1
40,1,1,0,1,46,54,4,0,1
40,1,0,0,0,40,40,4,0,1
40,1,1,0,1,45,51,4,0,1
40,1,1,0,1,65,73,4,0,1
40,1,1,0,1,47,57,4,0,1
40,1,1,0,1,50,57,4,0,1
41,0,0,1,0,58,71,4,0,0
41,0,0,1,0,61,57,4,0,0
41,0,0,1,0,71,78,4,0,0
41,0,0,1,1,53,62,4,0,0
41,0,1,1,0,36,42,4,0,0
41,0,1,1,1,57,59,4,0,0
41,0,0,1,1,52,51,4,0,0
41,0,0,1,1,76,71,4,0,0
41,0,1,0,0,64,75,4,0,0
41,0,1,0,0,60,63,4,0,0
41,0,0,1,0,63,73,4,0,0
41,0,0,0,1,49,53,4,0,0
41,0,0,0,0,58,60,4,0,0
41,0,1,1,0,62,73,4,0,0
41,0,1,1,1,63,69,4,0,0
41,0,0,1,0,64,63,4,0,0
41,0,0,1,0,51,49,4,0,0
41,0,0,1,0,62,72,4,0,0
41,0,1,0,1,78,86,4,0,0
41,0,1,0,0,60,58,4,0,0
41,0,0,1,0,66,70,4,0,0
41,0,1,1,1,55,60,4,0,0
41,0,1,1,0,60,71,4,0,0
41,0,1,1,0,59,60,4,0,0
41,0,1,1,0,66,81,4,0,0
41,0,0,1,1,50,59,4,0,0
41,0,0,1,0,53,67,4,0,0
41,0,1,1,0,69,81,4,0,0
41,0,0,1,0,65,74,4,0,0
41,0,1,1,0,69,79,4,0,0
41,0,1,1,1,68,82,4,0,0
41,0,0,0,1,64,65,4,0,0
41,0,0,1,1,60,52,4,0,0
41,0,1,1,0,57,59,4,0,0
41,0,0,1,1,61,68,4,0,0
41,0,1,1,0,64,78,4,0,0
41,0,0,1,0,56,43,4,0,0
41,0,0,0,0,68,67,4,0,0
41,0,1,1,1,53,60,4,0,0
41,0,1,1,0,69,66,4,0,0
41,0,1,0,0,54,58,4,0,0
41,0,0,0,1,72,70,4,0,0
41,0,0,1,1,65,84,4,0,0
41,0,0,1,1,56,80,4,0,0
41,0,0,1,0,81,83,4,0,0
41,0,0,1,0,72,72,4,0,0
41,0,0,0,1,64,70,4,0,0
41,0,1,1,0,61,65,4,0,0
41,0,0,1,1,69,66,4,0,0
41,0,1,1,0,68,69,4,0,0
41,0,0,0,1,68,77,4,0,0
41,0,1,0,0,58,54,4,0,0
41,0,0,1,0,68,71,4,0,0
41,0,1,1,0,62,69,4,0,0
41,0,0,0,0,57,68,4,0,0
41,0,0,1,0,65,84,4,0,0
41,0,0,1,0,56,56,4,0,0
41,0,0,0,1,58,48,4,0,0
41,0,0,1,1,56,62,4,0,0
41,0,0,1,0,61,68,4,0,0
42,1,1,0,0,63,58,4,0,1
42,1,1,0,1,65,68,4,0,1
42,1,0,0,1,71,79,4,0,1
42,1,0,1,0,58,62,4,0,1
42,1,1,0,1,59,61,4,0,1
42,1,1,0,1,61,69,4,0,1
42,1,0,1,1,41,38,4,0,1
42,1,1,1,1,57,66,4,0,1
42,1,0,0,1,70,83,4,0,1
42,1,0,1,1,67,85,4,0,1
42,1,1,0,1,50,50,4,0,1
42,1,1,1,1,37,39,4,0,1
42,1,0,1,1,79,87,4,0,1
42,1,0,1,0,69,76,4,0,1
42,1,0,1,1,36,47,4,0,1
42,1,0,0,1,76,86,4,0,1
42,1,0,0,1,53,60,4,0,1
42,1,0,1,1,58,62,4,0,1
42,1,0,1,0,51,54,4,0,1
42,1,1,0,1,49,55,4,0,1
42,1,1,1,1,56,59,4,0,1
42,1,1,0,0,61,65,4,0,1
42,1,1,0,1,47,50,4,0,1
42,1,1,1,0,45,56,4,0,1
43,1,0,1,1,59,77,4,0,1
43,1,0,1,0,46,53,4,0,1
43,1,0,1,1,48,54,4,0,1
43,1,0,1,0,57,74,4,0,1
43,1,0,1,1,58,73,4,0,1
43,1,0,0,1,49,57,4,0,1
43,1,1,1,0,49,70,4,0,1
43,1,0,1,1,55,70,4,0,1
43,1,1,1,0,73,87,4,0,1
43,1,0,1,0,48,55,4,0,1
43,1,1,1,1,41,41,4,0,1
43,1,1,1,1,75,86,4,0,1
43,1,0,1,1,52,58,4,0,1
43,1,0,1,0,64,88,4,0,1
43,1,1,0,0,48,58,4,0,1
43,1,0,1,1,51,63,4,0,1
43,1,0,0,1,49,61,4,0,1
43,1,1,1,1,60,65,4,0,1
43,1,1,1,1,70,83,4,0,1
43,1,1,0,1,49,56,4,0,1
43,1,1,1,1,54,66,4,0,1
43,1,0,1,0,49,62,4,0,1
43,1,0,0,1,44,54,4,0,1
43,1,0,1,1,45,49,4,0,1
43,1,0,0,1,63,83,4,0,1
43,1,1,1,0,53,59,4,0,1
43,1,1,0,1,62,78,4,0,1
43,1,1,1,0,47,61,4,0,1
43,1,1,1,1,47,57,4,0,1
43,1,0,1,0,53,67,4,0,1
43,1,0,1,1,57,65,4,0,1
43,1,0,1,1,52,70,4,0,1
43,1,0,1,0,32,45,4,0,1
43,1,0,1,1,50,62,4,0,1
43,1,1,0,1,32,37,4,0,1
43,1,1,1,0,56,72,4,0,1
43,1,1,0,1,46,52,4,0,1
43,1,0,1,0,63,78,4,0,1
43,1,0,1,1,63,71,4,0,1
43,1,0,1,0,31,41,4,0,1
43,1,0,1,1,61,76,4,0,1
43,1,1,1,1,70,84,4,0,1
43,1,1,1,1,41,45,4,0,1
43,1,1,1,0,44,56,4,0,1
44,1,1,0,1,48,64,4,0,1
44,1,1,1,1,60,68,4,0,1
44,1,1,1,1,58,72,4,0,1
44,1,1,0,0,83,87,4,0,1
44,1,1,0,0,49,43,4,0,1
44,1,0,0,1,58,80,4,0,1
44,1,1,0,1,51,58,4,0,1
44,1,1,1,1,70,81,4,0,1
44,1,0,0,1,63,72,4,0,1
44,1,1,0,1,58,63,4,0,1
44,1,0,0,1,46,52,4,0,1
44,1,0,0,1,44,58,4,0,1
44,1,1,0,0,60,74,4,0,1
44,1,1,0,1,59,64,4,0,1
44,1,1,0,0,60,68,4,0,1
44,1,1,0,0,61,64,4,0,1
44,1,0,0,1,58,65,4,0,1
44,1,1,0,1,62,64,4,0,1
44,1,1,0,0,56,61,4,0,1
44,1,0,0,1,55,55,4,0,1
44,1,1,0,1,57,68,4,0,1
44,1,1,0,1,48,64,4,0,1
44,1,1,0,1,56,73,4,0,1
44,1,1,0,1,51,59,4,0,1
44,1,1,0,1,57,61,4,0,1
44,1,1,0,0,61,65,4,0,1
44,1,1,0,1,52,53,4,0,1
44,1,0,0,1,53,64,4,0,1
44,1,1,0,1,49,53,4,0,1
44,1,0,0,1,56,70,4,0,1
44,1,1,0,0,66,82,4,0,1
44,1,0,0,0,70,81,4,0,1
44,1,1,0,1,44,50,4,0,1
44,1,1,0,1,51,62,4,0,1
44,1,1,0,1,67,69,4,0,1
44,1,0,0,1,44,55,4,0,1
44,1,0,0,1,54,63,4,0,1
44,1,1,0,1,53,64,4,0,1
44,1,0,0,1,51,63,4,0,1
44,1,1,0,1,45,51,4,0,1
44,1,1,0,1,56,59,4,0,1
44,1,0,0,1,63,78,4,0,1
45,1,0,1,1,67,82,4,0,0
45,1,1,1,0,62,79,4,0,0
45,1,0,1,0,68,79,4,0,0
45,1,1,1,0,70,80,4,0,0
45,1,1,1,1,68,74,4,0,0
45,1,0,1,0,76,86,4,0,0
45,1,0,1,0,70,80,4,0,0
45,1,1,1,1,76,85,4,0,0
45,1,1,1,0,68,72,4,0,0
45,1,1,1,0,74,85,4,0,0
45,1,1,1,0,70,83,4,0,0
45,1,1,1,1,76,86,4,0,0
45,1,1,1,1,65,77,4,0,0
45,1,0,1,0,68,80,4,0,0
45,1,1,1,0,65,75,4,0,0
45,1,1,1,0,62,78,4,0,0
45,1,1,1,0,63,79,4,0,0
45,1,1,0,1,67,77,4,0,0
45,1,1,1,1,68,80,4,0,0
45,1,0,1,1,66,76,4,0,0
45,1,0,1,1,67,79,4,0,0
45,1,1,1,0,71,81,4,0,0
45,1,0,1,1,76,85,4,0,0
45,1,1,1,1,67,80,4,0,0
45,1,1,1,0,74,80,4,0,0
45,1,1,1,0,77,88,4,0,0
45,1,1,1,0,71,76,4,0,0
45,1,1,1,0,66,82,4,0,0
45,1,0,1,1,67,79,4,0,0
45,1,0,1,1,69,86,4,0,0
45,1,1,1,0,70,79,4,0,0
45,1,1,1,0,69,77,4,0,0
45,1,1,1,1,70,77,4,0,0
46,1,1,0,0,56,70,4,0,0
46,1,1,1,1,62,71,4,0,0
46,1,1,1,0,62,54,4,0,0
46,1,0,1,0,55,54,4,0,0
46,1,1,1,0,54,57,4,0,0
46,1,0,0,0,53,62,4,0,0
46,1,0,0,1,54,78,4,0,0
46,1,0,1,1,43,50,4,0,0
46,1,0,1,1,50,56,4,0,0
46,1,1,1,1,36,85,4,0,0
46,1,1,1,1,52,37,4,0,0
46,1,1,1,0,48,51,4,0,0
46,1,1,1,1,57,66,4,0,0
46,1,0,0,1,45,73,4,0,0
46,1,1,1,0,52,64,4,0,0
46,1,1,1,1,46,39,4,0,0
46,1,1,0,0,43,54,4,0,0
46,1,1,1,0,54,47,4,0,0
46,1,0,1,1,54,77,4,0,0
46,1,0,1,0,56,43,4,0,0
46,1,0,1,1,59,63,4,0,0
46,1,0,1,0,40,68,4,0,0
46,1,0,0,0,55,64,4,0,0
46,1,1,1,1,49,48,4,0,0
46,1,0,0,0,53,57,4,0,0
46,1,1,1,0,48,37,4,0,0
46,1,1,1,0,44,72,4,0,0
46,1,1,1,1,37,62,4,0,0
46,1,0,1,1,62,52,4,0,0
46,1,0,1,0,44,60,4,0,0
46,1,1,1,1,52,54,4,0,0
46,1,0,1,1,54,91,4,0,0
46,1,0,1,0,54,82,4,0,0
46,1,1,1,0,61,78,4,0,0
46,1,1,1,0,65,98,4,0,0
46,1,0,1,1,39,55,4,0,0
46,1,1,1,1,39,53,4,0,0
46,1,0,1,1,49,60,4,0,0
46,1,1,1,1,45,67,4,0,0
46,1,0,1,0,59,70,4,0,0
46,1,1,1,1,43,59,4,0,0
46,1,0,1,0,57,78,4,0,0
46,1,1,1,1,38,72,4,0,0
46,1,1,1,1,46,65,4,0,0
46,1,1,1,1,49,42,4,0,0
46,1,0,1,1,60,75,4,0,0
46,1,1,1,0,50,34,4,0,0
46,1,0,1,1,50,60,4,0,0
46,1,1,1,0,53,73,4,0,0
46,1,0,1,1,48,50,4,0,0
46,1,0,1,1,60,87,4,0,0
46,1,1,1,1,44,50,4,0,0
46,1,1,1,0,47,56,4,0,0
46,1,0,1,1,57,59,4,0,0
46,1,1,1,0,64,58,4,0,0
46,1,0,1,1,57,58,4,0,0
46,1,1,1,0,43,54,4,0,0
46,1,1,1,0,43,49,4,0,0
46,1,1,0,0,50,68,4,0,0
46,1,0,1,1,52,61,4,0,0
46,1,1,1,1,53,72,4,0,0
46,1,0,1,1,48,72,4,0,0
46,1,0,0,1,57,71,4,0,0
46,1,1,1,1,50,53,4,0,0
46,1,0,1,0,68,80,4,0,0
46,1,1,1,1,48,67,4,0,0
46,1,1,1,0,50,63,4,0,0
46,1,1,1,1,59,60,4,0,0
46,1,0,1,0,58,84,4,0,0
46,1,0,1,1,46,54,4,0,0
46,1,0,0,1,46,51,4,0,0
46,1,1,1,1,52,77,4,0,0
46,1,0,1,1,60,75,4,0,0
46,1,1,1,1,60,79,4,0,0
46,1,0,1,0,57,82,4,0,0
46,1,1,0,1,47,64,4,0,0
46,1,0,1,1,56,64,4,0,0
46,1,0,1,0,53,82,4,0,0
46,1,1,1,0,54,67,4,0,0
46,1,1,1,0,55,93,4,0,0
46,1,1,1,1,49,76,4,0,0
46,1,1,0,0,57,55,4,0,0
46,1,1,1,1,52,57,4,0,0
46,1,0,1,1,49,66,4,0,0
46,1,1,0,0,50,64,4,0,0
46,1,1,1,1,46,49,4,0,0
46,1,1,1,1,49,69,4,0,0
46,1,1,1,1,55,66,4,0,0
46,1,0,1,1,50,75,4,0,0
46,1,0,1,1,42,73,4,0,0
47,1,0,1,0,71,66,2,0,1
47,1,0,0,0,65,58,2,0,1
47,1,0,0,1,53,60,2,0,1
47,1,1,1,0,67,81,2,0,1
47,1,1,0,0,66,69,2,0,1
47,1,0,0,1,57,67,2,0,1
47,1,1,0,1,63,67,2,0,1
47,1,0,0,1,56,64,2,0,1
47,1,1,0,0,67,63,2,0,1
47,1,0,1,1,62,79,2,0,1
47,1,0,0,0,57,64,2,0,1
47,1,1,0,0,66,75,2,0,1
47,1,1,0,1,69,85,2,0,1
47,1,1,0,0,57,54,2,0,1
47,1,0,0,0,49,59,2,0,1
47,1,0,0,1,59,64,2,0,1
47,1,1,0,0,59,61,2,0,1
47,1,0,0,1,56,47,2,0,1
47,1,0,0,1,55,53,2,0,1
47,1,1,0,0,66,89,2,0,1
47,1,1,0,0,62,69,2,0,1
47,1,1,0,0,51,54,2,0,1
47,1,0,0,0,76,71,2,0,1
47,1,0,0,1,59,66,2,0,1
47,1,0,0,0,59,72,2,0,1
47,1,1,0,1,57,67,2,0,1
47,1,1,0,1,72,85,2,0,1
47,1,1,0,0,71,63,2,0,1
47,1,1,0,0,66,73,2,0,1
47,1,0,0,1,57,65,2,0,1
47,1,0,0,1,50,64,2,0,1
47,1,1,0,0,60,77,2,0,1
47,1,0,0,0,59,83,2,0,1
47,1,1,1,1,49,41,2,0,1
47,1,1,0,0,70,76,2,0,1
47,1,0,0,0,51,54,2,0,1
47,1,0,0,0,71,58,2,0,1
47,1,1,1,1,74,81,2,0,1
47,1,1,1,0,60,83,2,0,1
47,1,1,0,1,63,48,2,0,1
47,1,0,0,0,53,50,2,0,1
47,1,1,0,0,48,64,2,0,1
48,1,0,0,1,47,51,2,0,1
48,1,0,0,1,42,44,2,0,1
48,1,0,0,1,49,50,2,0,1
48,1,1,1,1,33,34,2,0,1
48,1,0,0,1,30,38,2,0,1
48,1,0,0,1,44,47,2,0,1
48,1,0,0,1,55,69,2,0,1
48,1,1,0,1,46,60,2,0,1
48,1,1,0,1,46,61,2,0,1
48,1,0,0,1,43,41,2,0,1
48,1,1,0,1,41,40,2,0,1
48,1,0,0,1,47,55,2,0,1
48,1,1,0,1,50,66,2,0,1
48,1,0,0,0,50,54,2,0,1
48,1,0,0,1,58,67,2,0,1
48,1,1,0,1,40,48,2,0,1
48,1,1,1,1,43,44,2,0,1
48,1,1,0,1,37,33,2,0,1
48,1,0,0,1,37,34,2,0,1
48,1,1,1,1,44,49,2,0,1
48,1,0,0,1,41,46,2,0,1
48,1,1,0,0,75,73,2,0,1
48,1,1,0,1,45,45,2,0,1
48,1,0,0,0,38,39,2,0,1
48,1,0,0,1,46,50,2,0,1
48,1,1,0,0,59,48,2,0,1
48,1,1,0,1,66,71,2,0,1
48,1,1,0,0,59,64,2,0,1
48,1,0,1,1,40,48,2,0,1
48,1,0,0,1,33,38,2,0,1
48,1,0,0,0,42,38,2,0,1
48,1,1,0,1,63,81,2,0,1
48,1,0,0,1,36,31,2,0,1
48,1,1,0,1,48,47,2,0,1
48,1,1,1,1,57,62,2,0,1
48,1,0,0,1,35,28,2,0,1
48,1,1,1,0,66,64,2,0,1
48,1,0,0,1,42,52,2,0,1
48,1,1,1,1,52,63,2,0,1
48,1,0,0,1,48,66,2,0,1
48,1,1,0,1,58,58,2,0,1
48,1,0,0,0,51,61,2,0,1
48,1,1,0,1,55,62,2,0,1
48,1,0,1,1,31,41,2,0,1
48,1,1,0,0,54,55,2,0,1
48,1,1,0,1,37,39,2,0,1
48,1,0,0,0,57,50,2,0,1
48,1,1,0,1,66,70,2,0,1
48,1,1,1,1,50,73,2,0,1
48,1,0,0,1,52,63,2,0,1
48,1,1,0,1,67,79,2,0,1
48,1,1,0,1,52,64,2,0,1
48,1,1,0,0,52,46,2,0,1
48,1,1,0,1,44,36,2,0,1
48,1,0,0,1,52,56,2,0,1
48,1,0,0,1,41,48,2,0,1
48,1,0,0,1,59,54,2,0,1
48,1,0,0,1,36,38,2,0,1
49,0,0,0,1,67,74,1,0,0
49,0,1,1,1,65,69,1,0,0
49,0,0,1,0,58,66,1,0,0
49,0,1,1,1,55,58,1,0,0
49,0,1,1,1,62,65,1,0,0
49,0,0,1,1,62,58,1,0,0
49,0,0,0,1,65,61,1,0,0
49,0,1,1,1,55,56,1,0,0
49,0,1,1,1,66,66,1,0,0
49,0,0,1,1,56,60,1,0,0
49,0,1,1,0,69,71,1,0,0
49,0,0,1,0,65,68,1,0,0
49,0,1,1,1,65,62,1,0,0
49,0,0,1,0,57,63,1,0,0
49,0,1,1,1,59,72,1,0,0
49,0,0,1,0,64,77,1,0,0
49,0,0,1,0,66,69,1,0,0
49,0,0,0,1,63,63,1,0,0
49,0,0,1,1,58,68,1,0,0
49,0,0,0,1,67,68,1,0,0
49,0,0,1,1,60,70,1,0,0
49,0,0,1,0,68,70,1,0,0
49,0,1,1,1,61,63,1,0,0
49,0,1,1,1,53,55,1,0,0
49,0,1,1,0,58,53,1,0,0
49,0,1,1,1,64,66,1,0,0
49,0,1,0,0,59,65,1,0,0
49,0,0,1,1,62,67,1,0,0
49,0,1,1,1,65,71,1,0,0
49,0,0,0,0,61,67,1,0,0
49,0,1,1,0,58,67,1,0,0
49,0,0,1,1,56,67,1,0,0
49,0,1,1,1,55,56,1,0,0
49,0,1,1,1,64,64,1,0,0
49,0,1,1,1,67,73,1,0,0
49,0,0,1,1,58,55,1,0,0
49,0,0,0,0,51,51,1,0,0
49,0,0,0,0,58,62,1,0,0
49,0,1,1,0,57,56,1,0,0
49,0,1,1,1,61,70,1,0,0
49,0,1,1,1,55,56,1,0,0
49,0,0,0,0,58,63,1,0,0
49,0,1,1,1,58,58,1,0,0
49,0,1,1,1,57,64,1,0,0
49,0,1,1,1,61,61,1,0,0
49,0,0,1,0,67,68,1,0,0
49,0,1,1,1,53,54,1,0,0
49,0,0,1,0,61,67,1,0,0
49,0,0,1,1,62,71,1,0,0
49,0,0,1,1,58,63,1,0,0
49,0,0,0,1,56,68,1,0,0
49,0,1,1,0,53,60,1,0,0
49,0,1,1,1,54,56,1,0,0
49,0,1,0,0,61,64,1,0,0
49,0,0,0,1,54,59,1,0,0
49,0,1,1,1,59,58,1,0,0
49,0,1,1,1,54,63,1,0,0
49,0,0,1,1,58,59,1,0,0
49,0,0,0,1,60,59,1,0,0
49,0,1,0,1,57,66,1,0,0
50,0,0,0,1,61,52,1,0,1
50,0,0,0,1,60,62,1,0,1
50,0,1,0,1,63,73,1,0,1
50,0,0,0,0,59,66,1,0,1
50,0,0,0,1,60,60,1,0,1
50,0,0,0,1,55,53,1,0,1
50,0,0,0,1,61,65,1,0,1
50,0,1,0,0,55,75,1,0,1
50,0,0,1,1,55,64,1,0,1
50,0,0,1,1,62,61,1,0,1
50,0,1,0,1,53,61,1,0,1
50,0,1,1,1,57,68,1,0,1
50,0,1,0,1,70,76,1,0,1
50,0,1,0,1,55,61,1,0,1
50,0,1,0,1,53,53,1,0,1
50,0,1,0,1,54,59,1,0,1
50,0,1,0,1,64,64,1,0,1
50,0,1,0,1,65,61,1,0,1
50,0,1,0,1,57,49,1,0,1
50,0,1,0,1,67,77,1,0,1
50,0,1,0,1,66,82,1,0,1
50,0,0,0,1,53,53,1,0,1
50,0,1,1,1,54,59,1,0,1
50,0,1,0,1,64,63,1,0,1
50,0,0,0,1,72,81,1,0,1
50,0,1,0,1,69,69,1,0,1
50,0,0,1,1,59,60,1,0,1
50,0,1,0,1,39,39,1,0,1
50,0,0,0,1,56,57,1,0,1
50,0,1,0,0,53,74,1,0,1
50,0,0,0,1,58,71,1,0,1
50,0,0,1,1,62,73,1,0,1
50,0,1,0,1,53,50,1,0,1
50,0,1,1,1,72,71,1,0,1
50,0,0,1,1,55,63,1,0,1
50,0,0,1,1,48,51,1,0,1
50,0,1,0,1,47,45,1,0,1
50,0,0,0,1,52,56,1,0,1
50,0,1,0,1,50,48,1,0,1
50,0,1,1,1,58,67,1,0,1
51,1,0,0,1,68,79,3,0,1
51,1,0,0,1,61,62,3,0,1
51,1,1,0,0,54,58,3,0,1
51,1,0,0,1,41,51,3,0,1
51,1,1,0,1,55,73,3,0,1
51,1,0,0,0,43,58,3,0,1
51,1,1,0,0,70,84,3,0,1
51,1,0,0,0,57,70,3,0,1
51,1,1,0,0,57,66,3,0,1
51,1,0,0,1,64,71,3,0,1
51,1,0,0,1,58,65,3,0,1
51,1,0,0,1,57,82,3,0,1
51,1,1,0,0,56,62,3,0,1
51,1,1,0,0,33,42,3,0,1
51,1,0,0,0,60,66,3,0,1
51,1,0,0,1,55,67,3,0,1
51,1,0,0,1,40,45,3,0,1
51,1,0,0,0,51,60,3,0,1
51,1,0,0,1,72,75,3,0,1
51,1,0,0,0,49,58,3,0,1
51,1,0,0,0,54,57,3,0,1
51,1,1,0,1,65,80,3,0,1
51,1,1,0,1,52,58,3,0,1
51,1,0,0,0,50,61,3,0,1
51,1,0,0,1,61,79,3,0,1
51,1,0,0,1,48,54,3,0,1
51,1,1,0,0,51,59,3,0,1
51,1,0,0,1,47,58,3,0,1
51,1,0,0,0,46,57,3,0,1
51,1,1,0,1,69,85,3,0,1
51,1,1,0,0,46,55,3,0,1
51,1,0,0,1,59,69,3,0,1
51,1,0,0,1,58,70,3,0,1
51,1,1,0,1,66,75,3,0,1
51,1,1,0,1,53,68,3,0,1
51,1,1,0,0,51,58,3,0,1
51,1,0,0,1,45,67,3,0,1
51,1,1,0,1,47,57,3,0,1
51,1,0,0,0,45,47,3,0,1
51,1,1,0,1,51,59,3,0,1
51,1,1,0,1,58,77,3,0,1
51,1,0,0,1,54,53,3,0,1
52,1,0,0,0,57,68,3,0,1
52,1,0,0,0,56,72,3,0,1
52,1,0,1,1,47,39,3,0,1
52,1,1,0,1,51,60,3,0,1
52,1,1,1,1,53,41,3,0,1
52,1,0,0,1,59,74,3,0,1
52,1,1,0,0,57,74,3,0,1
52,1,0,0,1,62,60,3,0,1
52,1,0,0,1,56,64,3,0,1
52,1,1,1,1,44,66,3,0,1
52,1,1,0,1,50,57,3,0,1
52,1,0,1,1,59,70,3,0,1
52,1,1,0,0,69,69,3,0,1
52,1,0,1,1,56,75,3,0,1
52,1,0,0,1,50,54,3,0,1
52,1,1,0,0,53,54,3,0,1
52,1,0,1,1,49,50,3,0,1
52,1,1,0,0,56,57,3,0,1
52,1,1,1,1,41,45,3,0,1
52,1,1,0,0,53,62,3,0,1
52,1,0,0,1,45,71,3,0,1
52,1,0,0,0,58,66,3,0,1
52,1,0,0,0,51,67,3,0,1
52,1,1,1,0,53,51,3,0,1
52,1,0,0,1,57,56,3,0,1
52,1,1,0,0,40,42,3,0,1
52,1,0,0,1,63,50,3,0,1
52,1,0,0,0,54,70,3,0,1
52,1,0,0,1,58,47,3,0,1
52,1,1,1,1,42,50,3,0,1
52,1,1,0,0,61,73,3,0,1
52,1,0,0,1,61,73,3,0,1
52,1,0,0,1,43,58,3,0,1
52,1,0,1,1,33,69,3,0,1
52,1,0,0,1,46,61,3,0,1
52,1,1,1,0,48,70,3,0,1
52,1,0,1,1,59,73,3,0,1
52,1,1,1,1,45,59,3,0,1
52,1,0,1,1,44,64,3,0,1
52,1,0,1,1,48,54,3,0,1
52,1,1,0,1,52,60,3,0,1
52,1,1,1,1,49,57,3,0,1
52,1,1,0,1,44,54,3,0,1
52,1,0,1,1,55,73,3,0,1
52,1,1,0,1,58,65,3,0,1
52,1,1,0,0,47,38,3,0,1
52,1,1,0,1,52,41,3,0,1
52,1,1,1,1,52,57,3,0,1
52,1,0,1,1,47,69,3,0,1
52,1,0,0,0,52,54,3,0,1
52,1,1,1,1,53,65,3,0,1
52,1,0,1,1,53,65,3,0,1
52,1,0,0,1,52,74,3,0,1
52,1,0,1,0,59,68,3,0,1
52,1,1,0,0,57,74,3,0,1
52,1,1,1,1,49,57,3,0,1
52,1,1,0,1,45,39,3,0,1
52,1,1,0,0,48,46,3,0,1
52,1,0,0,0,54,60,3,0,1
52,1,1,0,0,58,58,3,0,1
52,1,0,0,1,55,53,3,0,1
52,1,0,1,1,42,64,3,0,1
52,1,0,0,0,46,65,3,0,1
52,1,1,0,1,37,44,3,0,1
52,1,1,0,1,54,52,3,0,1
52,1,1,0,0,58,73,3,0,1
53,1,1,1,1,46,58,3,0,1
53,1,0,0,1,59,69,3,0,1
53,1,1,1,1,46,61,3,0,1
53,1,0,1,1,55,62,3,0,1
53,1,1,1,1,50,55,3,0,1
53,1,0,1,1,53,63,3,0,1
53,1,1,0,0,66,70,3,0,1
53,1,0,0,0,62,63,3,0,1
53,1,0,0,1,53,59,3,0,1
53,1,1,1,1,29,37,3,0,1
53,1,0,0,1,37,53,3,0,1
53,1,1,0,0,32,32,3,0,1
53,1,1,1,1,37,48,3,0,1
53,1,0,1,0,64,72,3,0,1
53,1,0,1,1,46,52,3,0,1
53,1,0,0,1,47,53,3,0,1
53,1,0,1,0,38,47,3,0,1
53,1,0,1,1,48,49,3,0,1
53,1,1,1,1,47,55,3,0,1
53,1,1,0,1,57,61,3,0,1
53,1,0,0,1,61,72,3,0,1
53,1,1,1,1,60,67,3,0,1
53,1,1,0,1,36,50,3,0,1
53,1,0,0,1,58,61,3,0,1
53,1,0,0,1,49,58,3,0,1
53,1,1,0,1,52,57,3,0,1
53,1,0,0,1,53,64,3,0,1
53,1,0,0,1,36,41,3,0,1
53,1,1,0,0,48,53,3,0,1
53,1,0,0,0,65,67,3,0,1
53,1,1,0,1,35,37,3,0,1
53,1,0,0,1,43,54,3,0,1
53,1,1,1,0,60,69,3,0,1
53,1,0,1,0,56,63,3,0,1
53,1,1,0,0,55,61,3,0,1
53,1,1,0,0,57,68,3,0,1
53,1,0,0,1,57,56,3,0,1
53,1,0,1,1,56,68,3,0,1
53,1,1,1,1,56,61,3,0,1
53,1,1,1,0,56,65,3,0,1
53,1,0,0,1,54,64,3,0,1
53,1,1,1,0,49,48,3,0,1
54,0,1,1,1,46,49,1,1,0
54,0,1,1,1,56,60,1,1,0
54,0,1,1,1,32,28,1,1,0
54,0,1,0,1,66,66,1,1,0
54,0,1,0,1,43,49,1,1,0
54,0,1,1,1,44,56,1,1,0
54,0,1,1,1,76,74,1,1,0
54,0,1,1,1,52,52,1,1,0
54,0,1,0,1,66,66,1,1,0
54,0,1,0,1,64,68,1,1,0
54,0,1,1,1,34,36,1,1,0
54,0,1,1,0,58,49,1,1,0
54,0,1,1,1,42,37,1,1,0
54,0,1,0,1,46,45,1,1,0
54,0,1,1,1,54,60,1,1,0
54,0,1,1,0,56,59,1,1,0
54,0,1,0,1,72,71,1,1,0
54,0,1,1,0,55,54,1,1,0
54,0,1,1,1,43,42,1,1,0
54,0,1,1,1,44,45,1,1,0
55,0,0,0,0,67,72,1,1,0
55,0,0,0,0,62,66,1,1,0
55,0,0,0,0,58,65,1,1,0
55,0,0,0,0,55,64,1,1,0
55,0,0,0,0,67,68,1,1,0
55,0,0,0,0,66,73,1,1,0
55,0,0,0,0,61,64,1,1,0
55,0,0,0,0,59,60,1,1,0
55,0,0,0,0,77,85,1,1,0
55,0,0,0,0,51,55,1,1,0
55,0,0,0,0,63,67,1,1,0
55,0,0,0,1,47,58,1,1,0
55,0,0,0,0,67,78,1,1,0
55,0,0,0,0,60,62,1,1,0
55,0,0,0,1,69,73,1,1,0
55,0,0,0,0,53,65,1,1,0
55,0,0,0,0,63,72,1,1,0
55,0,0,0,0,52,56,1,1,0
55,0,0,0,0,66,82,1,1,0
55,0,0,0,0,65,74,1,1,0
55,0,0,0,1,67,71,1,1,0
55,0,0,0,1,73,81,1,1,0
55,0,0,1,0,69,73,1,1,0
55,0,0,0,0,51,50,1,1,0
55,0,0,1,1,54,65,1,1,0
55,0,0,0,0,60,64,1,1,0
55,0,0,0,0,70,75,1,1,0
55,0,0,0,0,68,74,1,1,0
55,0,0,0,0,64,73,1,1,0
55,0,0,0,0,74,87,1,1,0
56,0,0,0,0,68,73,1,1,0
56,0,1,0,0,57,67,1,1,0
56,0,1,1,0,45,51,1,1,0
56,0,1,1,1,50,55,1,1,0
56,0,0,0,0,63,60,1,1,0
56,0,1,0,1,50,54,1,1,0
56,0,0,1,1,62,66,1,1,0
56,0,0,0,0,75,79,1,1,0
56,0,1,0,0,53,52,1,1,0
56,0,1,0,1,51,51,1,1,0
56,0,0,1,0,59,61,1,1,0
56,0,0,1,1,58,57,1,1,0
56,0,0,1,1,43,35,1,1,0
56,0,1,0,1,45,48,1,1,0
56,0,0,0,0,59,68,1,1,0
56,0,1,1,1,60,69,1,1,0
56,0,0,0,1,58,70,1,1,0
56,0,0,0,0,54,62,1,1,0
56,0,0,1,1,54,52,1,1,0
56,0,0,1,1,59,49,1,1,0
56,0,1,1,1,56,60,1,1,0
56,0,0,0,0,72,77,1,1,0
56,0,0,0,0,68,75,1,1,0
56,0,1,0,0,61,72,1,1,0
56,0,0,0,0,62,73,1,1,0
56,0,0,0,0,68,70,1,1,0
56,0,1,0,0,51,57,1,1,0
56,0,0,0,0,45,44,1,1,0
56,0,1,0,1,49,45,1,1,0
56,0,0,0,0,67,69,1,1,0
56,0,1,0,0,53,53,1,1,0
56,0,0,0,1,52,49,1,1,0
56,0,1,0,0,49,48,1,1,0
56,0,0,1,1,63,72,1,1,0
56,0,0,0,1,56,57,1,1,0
56,0,0,0,0,63,58,1,1,0
56,0,0,0,0,71,75,1,1,0
56,0,0,0,1,53,60,1,1,0
56,0,0,0,1,51,43,1,1,0
56,0,0,0,0,73,71,1,1,0
56,0,1,0,1,46,46,1,1,0
56,0,1,0,1,39,38,1,1,0
56,0,0,1,1,47,48,1,1,0
56,0,1,0,0,48,52,1,1,0
57,0,1,1,0,53,60,1,1,0
57,0,1,1,1,52,60,1,1,0
57,0,1,0,1,49,52,1,1,0
57,0,1,0,1,52,57,1,1,0
57,0,1,0,1,60,67,1,1,0
57,0,1,1,0,60,68,1,1,0
57,0,1,0,1,41,49,1,1,0
57,0,1,0,0,55,58,1,1,0
57,0,1,0,0,60,56,1,1,0
57,0,1,0,1,54,64,1,1,0
57,0,1,0,1,59,68,1,1,0
57,0,1,0,1,60,62,1,1,0
57,0,1,0,1,58,60,1,1,0
57,0,1,0,1,49,55,1,1,0
57,0,1,1,1,62,62,1,1,0
57,0,1,1,1,56,57,1,1,0
57,0,1,1,1,64,73,1,1,0
57,0,1,1,1,48,57,1,1,0
57,0,1,0,1,62,61,1,1,0
57,0,1,0,1,51,53,1,1,0
57,0,1,0,0,55,60,1,1,0
57,0,1,0,1,45,46,1,1,0
57,0,1,0,0,50,60,1,1,0
57,0,1,1,0,55,60,1,1,0
57,0,1,0,0,51,57,1,1,0
57,0,1,0,0,55,61,1,1,0
57,0,1,0,1,50,50,1,1,0
57,0,1,0,0,59,68,1,1,0
57,0,1,0,0,52,56,1,1,0
57,0,1,0,0,50,57,1,1,0
57,0,1,0,0,64,61,1,1,0
57,0,1,1,0,56,57,1,1,0
57,0,1,1,0,58,65,1,1,0
57,0,1,1,0,61,59,1,1,0
57,0,1,1,1,50,59,1,1,0
57,0,1,1,0,57,64,1,1,0
57,0,1,0,0,54,58,1,1,0
57,0,1,0,1,51,54,1,1,0
57,0,1,0,0,53,59,1,1,0
57,0,1,1,1,54,54,1,1,0
58,0,0,1,1,66,68,1,1,0
58,0,0,1,1,60,68,1,1,0
58,0,0,0,0,57,61,1,1,0
58,0,0,0,1,57,58,1,1,0
58,0,0,0,0,66,65,1,1,0
58,0,0,0,0,66,73,1,1,0
58,0,0,0,0,69,90,1,1,0
58,0,0,0,0,58,63,1,1,0
58,0,0,0,0,53,57,1,1,0
58,0,0,0,1,60,70,1,1,0
58,0,0,1,0,63,63,1,1,0
58,0,0,0,0,60,62,1,1,0
58,0,0,0,0,59,54,1,1,0
58,0,0,0,0,67,65,1,1,0
58,0,0,0,1,58,62,1,1,0
58,0,0,0,0,53,57,1,1,0
58,0,0,0,0,58,60,1,1,0
58,0,0,0,1,55,69,1,1,0
58,0,0,0,1,55,60,1,1,0
58,0,0,0,0,63,71,1,1,0
58,0,0,0,1,70,73,1,1,0
58,0,0,0,0,71,81,1,1,0
59,0,1,1,0,54,64,1,1,0
59,0,0,1,1,55,52,1,1,0
59,0,0,0,0,56,65,1,1,0
59,0,1,1,1,45,48,1,1,0
59,0,0,1,0,54,58,1,1,0
59,0,1,1,0,68,76,1,1,0
59,0,1,1,0,47,52,1,1,0
59,0,0,0,0,54,57,1,1,0
59,0,0,0,0,58,64,1,1,0
59,0,1,1,1,58,58,1,1,0
59,0,0,1,1,55,59,1,1,0
59,0,0,0,1,57,70,1,1,0
59,0,1,1,1,50,52,1,1,0
59,0,1,0,0,62,60,1,1,0
59,0,0,1,0,33,35,1,1,0
59,0,0,0,0,68,72,1,1,0
59,0,1,0,1,58,70,1,1,0
59,0,0,1,0,63,74,1,1,0
59,0,0,1,1,64,70,1,1,0
59,0,1,1,1,75,77,1,1,0
59,0,0,0,1,53,55,1,1,0
59,0,1,1,0,60,62,1,1,0
59,0,0,0,0,56,58,1,1,0
59,0,0,0,1,39,35,1,1,0
59,0,0,0,0,54,62,1,1,0
59,0,1,1,1,52,57,1,1,0
59,0,0,1,1,53,60,1,1,0
59,0,1,1,1,55,63,1,1,0
59,0,1,1,0,57,67,1,1,0
59,0,0,0,1,69,75,1,1,0
59,0,0,0,0,68,72,1,1,0
59,0,1,0,1,65,69,1,1,0
59,0,1,1,0,51,58,1,1,0
59,0,1,1,0,52,54,1,1,0
59,0,1,0,1,57,57,1,1,0
59,0,1,1,1,57,58,1,1,0
59,0,0,0,0,68,72,1,1,0
59,0,1,0,0,42,50,1,1,0
59,0,0,1,1,54,67,1,1,0
59,0,0,1,1,65,67,1,1,0
59,0,1,0,1,65,67,1,1,0
59,0,1,0,1,65,74,1,1,0
59,0,1,0,0,66,69,1,1,0
59,0,0,1,0,55,52,1,1,0
60,0,1,0,1,62,66,1,1,0
60,0,0,1,0,46,51,1,1,0
60,0,1,0,1,58,65,1,1,0
60,0,1,0,0,74,85,1,1,0
60,0,0,1,1,69,85,1,1,0
60,0,0,1,0,53,58,1,1,0
60,0,1,0,0,43,47,1,1,0
60,0,1,1,1,64,63,1,1,0
60,0,1,0,0,53,58,1,1,0
60,0,0,0,0,60,66,1,1,0
60,0,0,0,1,62,72,1,1,0
60,0,1,0,1,62,73,1,1,0
60,0,1,0,0,69,76,1,1,0
60,0,1,1,1,52,55,1,1,0
60,0,0,0,1,64,60,1,1,0
60,0,1,0,1,62,71,1,1,0
60,0,0,0,1,62,61,1,1,0
60,0,0,0,0,63,64,1,1,0
60,0,1,0,1,60,69,1,1,0
60,0,0,0,1,61,71,1,1,0
60,0,1,0,0,48,57,1,1,0
60,0,1,1,1,53,55,1,1,0
60,0,1,0,1,59,67,1,1,0
60,0,0,0,1,60,64,1,1,0
60,0,1,0,1,52,54,1,1,0
60,0,0,0,1,56,55,1,1,0
60,0,0,0,0,67,73,1,1,0
60,0,0,1,1,58,61,1,1,0
60,0,0,0,1,55,57,1,1,0
60,0,0,0,1,57,60,1,1,0
60,0,1,0,1,61,68,1,1,0
60,0,0,1,1,59,65,1,1,0
60,0,1,0,1,56,70,1,1,0
60,0,1,1,0,43,38,1,1,0
60,0,1,0,1,55,63,1,1,0
60,0,0,1,0,66,71,1,1,0
60,0,0,1,1,49,57,1,1,0
60,0,1,0,0,75,84,1,1,0
60,0,0,1,1,58,70,1,1,0
60,0,1,1,0,61,66,1,1,0
60,0,0,0,1,61,61,1,1,0
60,0,0,1,0,64,67,1,1,0
60,0,1,1,0,63,55,1,1,0
60,0,0,0,1,52,52,1,1,0
61,0,1,0,1,57,60,1,1,0
61,0,1,0,0,54,57,1,1,0
61,0,1,0,0,68,77,1,1,0
61,0,1,0,1,62,65,1,1,0
61,0,1,0,0,71,79,1,1,0
61,0,1,0,0,53,65,1,1,0
61,0,1,0,0,66,71,1,1,0
61,0,1,1,1,56,61,1,1,0
61,0,1,0,0,50,58,1,1,0
61,0,1,0,0,50,61,1,1,0
61,0,1,0,0,65,67,1,1,0
61,0,1,0,0,63,72,1,1,0
61,0,1,0,0,46,53,1,1,0
61,0,1,0,1,49,59,1,1,0
61,0,1,0,0,78,79,1,1,0
61,0,1,0,0,57,62,1,1,0
61,0,1,0,0,60,66,1,1,0
61,0,1,1,0,49,58,1,1,0
61,0,1,0,0,57,64,1,1,0
61,0,1,0,1,54,58,1,1,0
61,0,1,0,0,69,75,1,1,0
61,0,1,0,0,71,73,1,1,0
61,0,1,0,0,49,55,1,1,0
61,0,1,1,0,67,77,1,1,0
61,0,1,0,0,50,57,1,1,0
61,0,1,0,1,65,71,1,1,0
61,0,1,0,1,67,71,1,1,0
61,0,1,0,0,68,74,1,1,0
61,0,1,0,0,50,58,1,1,0
61,0,1,0,0,75,78,1,1,0
61,0,1,0,1,61,66,1,1,0
61,0,1,0,0,52,58,1,1,0
61,0,1,0,1,60,66,1,1,0
61,0,1,0,0,63,69,1,1,0
61,0,1,0,1,64,74,1,1,0
61,0,1,1,1,60,62,1,1,0
61,0,1,1,1,51,58,1,1,0
61,0,1,0,0,74,80,1,1,0
61,0,1,0,0,47,57,1,1,0
61,0,1,0,0,59,70,1,1,0
61,0,1,0,0,65,73,1,1,0
61,0,1,0,1,60,66,1,1,0
61,0,1,0,0,62,64,1,1,0
61,0,1,0,0,74,73,1,1,0
61,0,1,0,0,56,62,1,1,0
61,0,1,0,1,53,61,1,1,0
61,0,1,0,0,49,57,1,1,0
61,0,1,0,0,57,65,1,1,0
62,1,1,0,1,63,73,2,1,0
62,1,0,0,1,54,72,2,1,0
62,1,0,1,1,61,77,2,1,0
62,1,1,0,0,47,63,2,1,0
62,1,1,0,1,56,61,2,1,0
62,1,0,0,1,59,72,2,1,0
62,1,1,1,0,55,66,2,1,0
62,1,0,0,1,68,80,2,1,0
62,1,1,1,0,42,54,2,1,0
62,1,1,1,1,56,68,2,1,0
62,1,0,0,0,51,72,2,1,0
62,1,0,1,1,69,74,2,1,0
62,1,1,1,1,50,69,2,1,0
62,1,0,1,1,39,47,2,1,0
62,1,0,0,0,61,70,2,1,0
62,1,0,0,0,67,80,2,1,0
62,1,1,1,1,48,67,2,1,0
62,1,0,0,1,57,70,2,1,0
62,1,1,1,0,48,64,2,1,0
62,1,1,0,1,55,66,2,1,0
62,1,1,0,1,57,68,2,1,0
62,1,1,0,1,65,76,2,1,0
62,1,0,0,1,57,74,2,1,0
62,1,1,1,1,66,77,2,1,0
62,1,0,0,1,68,70,2,1,0
62,1,1,1,0,58,75,2,1,0
63,0,1,1,1,48,50,2,1,0
63,0,0,0,1,58,63,2,1,0
63,0,1,1,0,37,39,2,1,0
63,0,1,0,0,70,73,2,1,0
63,0,1,0,0,60,67,2,1,0
63,0,0,0,0,62,63,2,1,0
63,0,0,0,1,47,53,2,1,0
63,0,0,1,0,52,60,2,1,0
63,0,1,0,0,69,74,2,1,0
63,0,0,0,0,71,74,2,1,0
63,0,1,0,0,63,66,2,1,0
63,0,0,1,1,48,51,2,1,0
63,0,0,0,1,77,80,2,1,0
63,0,1,0,0,49,55,2,1,0
63,0,1,0,0,54,55,2,1,0
63,0,0,0,1,79,82,2,1,0
63,0,0,0,0,60,61,2,1,0
63,0,1,0,0,72,71,2,1,0
63,0,1,1,0,55,67,2,1,0
63,0,1,0,0,64,69,2,1,0
63,0,1,0,1,49,49,2,1,0
63,0,0,1,0,44,50,2,1,0
63,0,1,1,1,54,58,2,1,0
63,0,0,1,1,57,63,2,1,0
63,0,0,0,0,62,59,2,1,0
63,0,0,0,1,57,62,2,1,0
63,0,1,1,0,56,61,2,1,0
63,0,0,1,0,70,70,2,1,0
63,0,1,0,0,56,63,2,1,0
63,0,1,1,1,37,43,2,1,0
63,0,1,1,1,63,67,2,1,0
63,0,0,0,0,55,61,2,1,0
63,0,1,0,0,61,60,2,1,0
63,0,0,1,0,59,66,2,1,0
63,0,1,1,1,63,69,2,1,0
63,0,1,1,1,55,61,2,1,0
63,0,0,0,0,75,78,2,1,0
63,0,0,1,1,59,62,2,1,0
63,0,0,1,0,57,62,2,1,0
63,0,0,1,1,65,70,2,1,0
63,0,0,0,1,53,60,2,1,0
63,0,1,0,0,37,35,2,1,0
63,0,1,0,0,45,48,2,1,0
63,0,0,0,0,70,68,2,1,0
63,0,0,0,0,49,52,2,1,0
63,0,1,0,1,60,64,2,1,0
63,0,0,0,0,76,75,2,1,0
63,0,0,1,0,51,62,2,1,0
63,0,0,1,0,63,70,2,1,0
63,0,0,0,1,73,79,2,1,0
63,0,1,1,0,47,57,2,1,0
63,0,0,0,1,86,89,2,1,0
63,0,1,0,1,47,52,2,1,0
63,0,0,0,1,63,65,2,1,0
63,0,0,0,0,71,80,2,1,0
63,0,1,0,0,59,53,2,1,0
63,0,1,0,1,58,62,2,1,0
63,0,0,0,1,75,79,2,1,0
63,0,0,0,1,64,73,2,1,0
63,0,0,0,0,79,81,2,1,0
63,0,0,0,0,53,62,2,1,0
63,0,0,0,1,55,62,2,1,0
63,0,0,0,0,54,57,2,1,0
63,0,0,0,0,63,76,2,1,0
63,0,0,1,1,62,65,2,1,0
63,0,0,1,0,52,59,2,1,0
63,0,1,1,0,48,55,2,1,0
63,0,1,1,1,46,54,2,1,0
63,0,0,0,0,63,71,2,1,0
63,0,1,0,0,62,65,2,1,0
63,0,0,0,0,76,76,2,1,0
63,0,0,0,0,70,67,2,1,0
63,0,0,0,0,77,82,2,1,0
63,0,1,1,0,66,70,2,1,0
63,0,0,0,0,71,74,2,1,0
63,0,0,1,1,51,62,2,1,0
63,0,1,0,0,57,59,2,1,0
63,0,0,1,0,62,67,2,1,0
63,0,0,0,1,69,68,2,1,0
63,0,0,1,0,56,61,2,1,0
63,0,1,1,0,53,58,2,1,0
63,0,1,0,1,62,61,2,1,0
63,0,1,1,0,43,47,2,1,0
63,0,0,1,0,54,57,2,1,0
64,0,1,0,1,50,42,2,1,0
64,0,0,1,1,61,65,2,1,0
64,0,1,1,0,68,75,2,1,0
64,0,0,0,1,47,50,2,1,0
64,0,0,0,1,57,59,2,1,0
64,0,1,0,1,65,68,2,1,0
64,0,0,0,0,66,73,2,1,0
64,0,1,0,1,57,65,2,1,0
64,0,1,0,1,59,58,2,1,0
64,0,0,0,1,42,48,2,1,0
64,0,1,0,1,66,72,2,1,0
64,0,0,0,1,64,73,2,1,0
64,0,0,1,1,71,80,2,1,0
64,0,0,0,1,67,69,2,1,0
64,0,1,0,1,49,58,2,1,0
64,0,0,0,1,63,70,2,1,0
64,0,1,0,0,48,56,2,1,0
64,0,0,0,1,58,64,2,1,0
64,0,0,0,1,57,67,2,1,0
64,0,0,0,1,52,59,2,1,0
64,0,0,1,0,36,31,2,1,0
64,0,0,0,1,62,57,2,1,0
64,0,1,0,0,66,80,2,1,0
64,0,0,0,1,46,50,2,1,0
64,0,1,0,1,58,69,2,1,0
65,0,0,1,1,57,55,2,1,0
65,0,0,0,0,64,67,2,1,0
65,0,0,1,0,53,50,2,1,0
65,0,1,1,0,62,61,2,1,0
65,0,1,0,1,58,59,2,1,0
65,0,0,0,1,43,42,2,1,0
65,0,0,0,0,71,68,2,1,0
65,0,0,1,0,72,68,2,1,0
65,0,1,1,1,52,54,2,1,0
65,0,0,1,1,48,53,2,1,0
65,0,1,0,0,53,48,2,1,0
65,0,0,0,1,55,59,2,1,0
65,0,1,0,1,56,51,2,1,0
65,0,0,1,1,55,55,2,1,0
65,0,1,0,1,66,78,2,1,0
65,0,0,0,1,46,53,2,1,0
65,0,0,1,1,44,36,2,1,0
65,0,1,1,1,49,50,2,1,0
65,0,1,0,1,42,46,2,1,0
65,0,0,0,0,58,57,2,1,0
65,0,0,0,0,61,69,2,1,0
65,0,0,0,0,59,70,2,1,0
66,0,1,0,1,63,73,2,1,0
66,0,0,0,1,47,57,2,1,0
66,0,0,0,1,57,62,2,1,0
66,0,0,0,1,73,80,2,1,0
66,0,0,0,1,53,57,2,1,0
66,0,0,0,1,53,64,2,1,0
66,0,0,0,0,50,49,2,1,0
66,0,0,0,0,64,63,2,1,0
66,0,0,0,0,67,74,2,1,0
66,0,0,0,1,62,65,2,1,0
66,0,1,0,0,53,55,2,1,0
66,0,0,0,1,52,53,2,1,0
66,0,0,0,0,75,84,2,1,0
66,0,1,0,1,49,62,2,1,0
66,0,1,0,1,45,51,2,1,0
66,0,0,0,0,51,52,2,1,0
66,0,1,0,1,44,47,2,1,0
66,0,1,0,1,45,47,2,1,0
66,0,1,0,1,46,55,2,1,0
66,0,1,0,1,48,52,2,1,0
66,0,0,0,0,62,62,2,1,0
66,0,0,0,1,72,77,2,1,0
66,0,1,0,1,54,57,2,1,0
66,0,0,1,1,52,48,2,1,0
66,0,1,0,0,62,70,2,1,0
67,1,0,0,0,65,76,2,1,0
67,1,1,0,1,50,57,2,1,0
67,1,1,0,0,65,67,2,1,0
67,1,0,0,0,59,73,2,1,0
67,1,1,0,0,55,60,2,1,0
67,1,1,1,1,67,82,2,1,0
67,1,1,0,0,45,44,2,1,0
67,1,0,1,1,61,69,2,1,0
67,1,1,0,0,60,75,2,1,0
67,1,0,0,0,72,76,2,1,0
67,1,1,0,1,49,53,2,1,0
67,1,0,0,0,59,59,2,1,0
67,1,1,0,1,53,64,2,1,0
67,1,1,0,1,58,72,2,1,0
67,1,1,0,1,59,72,2,1,0
67,1,1,0,1,66,73,2,1,0
67,1,1,0,1,54,63,2,1,0
67,1,0,0,1,63,67,2,1,0
67,1,0,1,0,65,68,2,1,0
67,1,0,0,0,50,60,2,1,0
67,1,0,0,0,54,67,2,1,0
67,1,0,0,1,52,63,2,1,0
67,1,0,0,1,75,89,2,1,0
67,1,0,1,0,51,66,2,1,0
67,1,0,0,0,52,58,2,1,0
67,1,0,0,1,61,75,2,1,0
67,1,0,0,1,50,65,2,1,0
67,1,0,0,1,68,78,2,1,0
67,1,0,0,0,67,78,2,1,0
67,1,1,0,1,56,63,2,1,0
67,1,0,1,1,50,58,2,1,0
67,1,1,0,1,65,77,2,1,0
67,1,1,0,0,53,59,2,1,0
67,1,1,1,0,61,75,2,1,0
67,1,0,0,0,69,72,2,1,0
67,1,0,0,0,76,87,2,1,0
67,1,0,0,1,71,66,2,1,0
67,1,0,0,0,59,71,2,1,0
67,1,1,0,0,70,82,2,1,0
67,1,0,0,0,62,65,2,1,0
67,1,0,0,1,63,71,2,1,0
67,1,1,1,0,59,71,2,1,0
67,1,1,0,0,57,54,2,1,0
67,1,1,0,1,47,52,2,1,0
67,1,0,0,1,53,66,2,1,0
67,1,0,0,0,52,56,2,1,0
67,1,0,0,1,64,63,2,1,0
67,1,1,0,1,66,75,2,1,0
67,1,0,1,0,61,77,2,1,0
67,1,1,0,1,46,54,2,1,0
67,1,0,0,0,69,72,2,1,0
67,1,0,0,0,72,83,2,1,0
67,1,0,0,1,66,74,2,1,0
67,1,0,0,1,88,102,2,1,0
68,1,0,0,0,54,64,2,1,0
68,1,1,0,0,50,75,2,1,0
68,1,0,0,0,49,81,2,1,0
68,1,0,0,1,61,67,2,1,0
68,1,0,0,1,55,65,2,1,0
68,1,1,0,1,59,79,2,1,0
68,1,0,0,1,59,79,2,1,0
68,1,0,0,1,56,64,2,1,0
68,1,0,0,1,60,69,2,1,0
68,1,1,0,0,55,59,2,1,0
68,1,0,0,1,58,53,2,1,0
68,1,1,0,1,56,51,2,1,0
68,1,1,0,0,54,65,2,1,0
68,1,0,0,1,54,68,2,1,0
68,1,0,0,0,52,82,2,1,0
68,1,0,0,1,56,71,2,1,0
68,1,1,0,1,61,70,2,1,0
68,1,1,0,0,59,66,2,1,0
68,1,1,0,1,56,54,2,1,0
68,1,0,0,0,56,71,2,1,0
68,1,0,0,0,53,50,2,1,0
68,1,0,0,1,59,63,2,1,0
68,1,1,0,0,54,52,2,1,0
68,1,1,0,1,57,90,2,1,0
68,1,0,0,1,53,67,2,1,0
68,1,1,0,1,52,69,2,1,0
68,1,1,0,1,59,71,2,1,0
68,1,0,0,1,59,69,2,1,0
68,1,0,0,0,53,62,2,1,0
68,1,0,0,1,56,52,2,1,0
68,1,1,0,1,55,61,2,1,0
68,1,0,0,1,50,72,2,1,0
68,1,1,0,1,57,64,2,1,0
68,1,1,0,1,60,74,2,1,0
68,1,0,0,1,54,58,2,1,0
68,1,1,0,1,64,68,2,1,0
68,1,0,0,1,55,73,2,1,0
68,1,1,0,1,61,59,2,1,0
68,1,1,0,1,65,72,2,1,0
68,1,0,0,1,49,62,2,1,0
68,1,0,0,1,56,58,2,1,0
68,1,1,0,0,66,66,2,1,0
68,1,0,0,1,61,86,2,1,0
68,1,1,0,1,64,66,2,1,0
68,1,0,0,0,57,63,2,1,0
68,1,1,0,0,59,65,2,1,0
68,1,1,0,1,59,63,2,1,0
68,1,0,0,1,58,62,2,1,0
68,1,1,0,1,57,62,2,1,0
68,1,0,0,1,49,68,2,1,0
68,1,1,0,1,58,65,2,1,0
68,1,0,0,1,53,71,2,1,0
68,1,1,0,1,54,61,2,1,0
68,1,1,0,0,52,78,2,1,0
68,1,0,0,1,49,65,2,1,0
68,1,1,0,1,46,69,2,1,0
68,1,0,0,1,50,84,2,1,0
68,1,0,0,1,55,77,2,1,0
68,1,1,0,1,54,66,2,1,0
68,1,0,0,1,54,79,2,1,0
68,1,1,0,1,50,64,2,1,0
68,1,1,0,1,56,59,2,1,0
68,1,0,0,1,62,63,2,1,0
68,1,1,0,1,56,79,2,1,0
68,1,1,0,1,66,79,2,1,0
68,1,0,0,1,55,76,2,1,0
68,1,1,0,1,55,55,2,1,0
68,1,0,0,1,60,71,2,1,0
68,1,1,0,0,46,63,2,1,0
68,1,1,0,1,62,61,2,1,0
68,1,1,0,0,53,64,2,1,0
68,1,1,0,1,52,72,2,1,0
68,1,0,0,0,54,53,2,1,0
68,1,0,0,0,56,74,2,1,0
68,1,0,0,1,59,72,2,1,0
68,1,1,0,1,61,53,2,1,0
68,1,1,0,0,58,71,2,1,0
68,1,1,0,1,57,56,2,1,0
68,1,1,0,1,54,66,2,1,0
68,1,1,0,1,64,65,2,1,0
68,1,0,0,1,58,81,2,1,0
68,1,1,0,1,58,62,2,1,0
68,1,0,0,1,59,75,2,1,0
68,1,1,0,1,50,73,2,1,0
68,1,0,0,0,65,76,2,1,0
68,1,0,0,1,55,56,2,1,0
68,1,0,0,1,64,74,2,1,0
68,1,1,0,1,50,60,2,1,0
68,1,0,0,0,55,75,2,1,0
68,1,0,0,1,53,64,2,1,0
68,1,0,0,1,55,80,2,1,0
68,1,1,0,1,65,62,2,1,0
68,1,0,0,1,65,66,2,1,0
68,1,0,0,1,57,94,2,1,0
68,1,0,0,1,54,77,2,1,0
68,1,1,0,1,47,62,2,1,0
69,0,1,0,1,59,67,2,1,0
69,0,1,0,0,63,71,2,1,0
69,0,0,0,1,61,63,2,1,0
69,0,1,0,1,59,60,2,1,0
69,0,1,0,1,59,62,2,1,0
69,0,1,0,1,63,68,2,1,0
69,0,0,0,1,44,60,2,1,0
69,0,1,0,0,66,74,2,1,0
69,0,1,0,0,53,54,2,1,0
69,0,0,0,1,49,58,2,1,0
69,0,1,0,1,47,49,2,1,0
69,0,1,0,0,65,69,2,1,0
69,0,0,0,0,68,81,2,1,0
69,0,1,0,0,65,69,2,1,0
69,0,1,0,1,53,55,2,1,0
69,0,1,0,1,51,58,2,1,0
69,0,1,0,1,58,61,2,1,0
69,0,0,0,0,58,65,2,1,0
69,0,0,0,0,63,69,2,1,0
69,0,1,0,0,63,69,2,1,0
69,0,1,0,0,65,73,2,1,0
69,0,1,0,1,53,61,2,1,0
69,0,0,0,1,56,61,2,1,0
69,0,0,0,0,59,58,2,1,0
69,0,0,0,0,61,62,2,1,0
69,0,1,0,1,61,64,2,1,0
70,0,0,0,0,62,71,2,1,0
70,0,1,0,1,54,57,2,1,0
70,0,0,0,1,55,68,2,1,0
70,0,1,0,1,57,61,2,1,0
70,0,0,0,1,56,61,2,1,0
70,0,0,0,0,65,73,2,1,0
70,0,1,0,0,59,63,2,1,0
70,0,1,1,1,64,67,2,1,0
70,0,0,0,1,60,62,2,1,0
70,0,1,0,1,49,57,2,1,0
70,0,1,0,1,54,65,2,1,0
70,0,1,0,1,59,59,2,1,0
70,0,0,0,1,70,75,2,1,0
70,0,0,0,1,50,53,2,1,0
70,0,0,0,0,63,72,2,1,0
70,0,0,0,0,48,51,2,1,0
70,0,0,0,0,58,68,2,1,0
70,0,0,1,1,49,54,2,1,0
70,0,1,0,1,66,71,2,1,0
70,0,1,0,1,43,43,2,1,0
70,0,0,0,1,54,56,2,1,0
70,0,1,0,1,54,58,2,1,0
70,0,1,0,0,38,39,2,1,0
70,0,1,0,1,62,74,2,1,0
70,0,0,0,1,52,60,2,1,0
70,0,0,0,1,58,59,2,1,0
70,0,0,0,1,58,61,2,1,0
70,0,0,0,1,63,67,2,1,0
70,0,1,0,0,56,62,2,1,0
70,0,0,1,1,53,53,2,1,0
70,0,0,0,1,53,56,2,1,0
70,0,1,0,1,45,46,2,1,0
70,0,1,0,1,49,56,2,1,0
70,0,0,0,1,63,60,2,1,0
70,0,0,0,1,62,63,2,1,0
70,0,0,0,1,64,64,2,1,0
70,0,0,0,0,48,48,2,1,0
70,0,0,0,1,54,54,2,1,0
70,0,0,1,1,56,60,2,1,0
70,0,0,1,1,61,62,2,1,0
71,1,0,0,0,55,68,3,1,0
71,1,0,1,1,46,61,3,1,0
71,1,0,1,1,63,76,3,1,0
71,1,0,0,0,70,77,3,1,0
71,1,0,0,0,61,73,3,1,0
71,1,0,1,0,67,80,3,1,0
71,1,0,1,1,46,59,3,1,0
71,1,0,0,1,59,74,3,1,0
71,1,0,0,1,64,73,3,1,0
71,1,0,0,0,56,65,3,1,0
71,1,0,0,1,70,82,3,1,0
71,1,0,0,0,51,64,3,1,0
71,1,0,1,0,77,87,3,1,0
71,1,0,0,0,58,75,3,1,0
71,1,0,0,1,52,71,3,1,0
71,1,0,0,0,62,72,3,1,0
71,1,0,0,1,65,73,3,1,0
71,1,0,0,0,60,70,3,1,0
71,1,0,1,1,53,62,3,1,0
71,1,0,1,1,67,70,3,1,0
71,1,0,0,0,58,72,3,1,0
71,1,0,0,0,69,76,3,1,0
71,1,0,0,1,52,65,3,1,0
71,1,0,0,0,59,67,3,1,0
71,1,0,0,0,73,80,3,1,0
71,1,0,0,1,63,71,3,1,0
71,1,0,1,0,63,74,3,1,0
71,1,0,0,1,70,82,3,1,0
71,1,0,0,0,45,63,3,1,0
71,1,0,1,0,50,60,3,1,0
71,1,0,0,0,66,70,3,1,0
71,1,0,0,0,73,82,3,1,0
71,1,0,0,0,73,84,3,1,0
71,1,0,0,0,65,73,3,1,0
71,1,0,1,1,64,72,3,1,0
71,1,0,0,0,53,65,3,1,0
71,1,0,1,0,44,49,3,1,0
71,1,0,1,0,54,64,3,1,0
71,1,0,1,1,67,76,3,1,0
71,1,0,0,1,51,61,3,1,0
71,1,0,0,0,59,69,3,1,0
71,1,0,1,0,60,68,3,1,0
71,1,0,0,0,61,76,3,1,0
71,1,0,0,0,65,65,3,1,0
71,1,0,0,0,55,76,3,1,0
71,1,0,1,0,61,67,3,1,0
71,1,0,0,0,48,62,3,1,0
71,1,0,0,0,47,60,3,1,0
72,0,1,0,1,69,75,3,1,0
72,0,0,0,0,47,44,3,1,0
72,0,0,0,0,50,57,3,1,0
72,0,0,1,0,42,41,3,1,0
72,0,1,0,0,45,40,3,1,0
72,0,0,0,0,52,47,3,1,0
72,0,1,0,0,57,63,3,1,0
72,0,1,0,0,53,59,3,1,0
72,0,0,1,1,47,54,3,1,0
72,0,1,0,0,59,61,3,1,0
72,0,1,0,1,47,44,3,1,0
72,0,0,0,0,58,62,3,1,0
72,0,0,1,1,69,79,3,1,0
72,0,1,1,0,40,36,3,1,0
72,0,1,0,0,60,66,3,1,0
72,0,0,0,1,56,63,3,1,0
72,0,1,0,0,52,54,3,1,0
72,0,1,0,0,69,74,3,1,0
72,0,0,0,1,44,43,3,1,0
72,0,0,0,1,32,34,3,1,0
72,0,1,1,0,44,45,3,1,0
72,0,1,0,0,31,29,3,1,0
72,0,0,0,0,54,52,3,1,0
72,0,1,0,1,63,69,3,1,0
72,0,0,0,0,62,60,3,1,0
72,0,1,1,0,52,55,3,1,0
72,0,0,1,1,48,54,3,1,0
72,0,0,1,0,67,71,3,1,0
72,0,0,0,1,44,55,3,1,0
72,0,0,0,0,58,66,3,1,0
72,0,0,1,0,52,55,3,1,0
72,0,1,1,0,47,46,3,1,0
73,1,0,0,0,71,79,3,1,0
73,1,1,0,0,46,49,3,1,0
73,1,1,0,1,47,60,3,1,0
73,1,0,1,1,53,58,3,1,0
73,1,1,1,1,60,74,3,1,0
73,1,0,0,1,37,42,3,1,0
73,1,0,0,1,53,67,3,1,0
73,1,0,0,1,56,62,3,1,0
73,1,1,1,0,64,67,3,1,0
73,1,1,0,1,51,62,3,1,0
73,1,1,1,1,44,49,3,1,0
73,1,1,1,1,61,63,3,1,0
73,1,1,0,1,59,66,3,1,0
73,1,0,0,1,64,67,3,1,0
73,1,1,0,0,38,49,3,1,0
73,1,1,0,1,60,68,3,1,0
73,1,0,0,1,72,87,3,1,0
73,1,1,0,1,68,75,3,1,0
73,1,0,0,0,48,54,3,1,0
73,1,1,1,0,60,76,3,1,0
73,1,1,0,1,38,51,3,1,0
73,1,0,1,1,51,63,3,1,0
73,1,1,0,1,57,60,3,1,0
73,1,1,1,1,56,65,3,1,0
73,1,1,0,1,57,68,3,1,0
73,1,1,1,0,43,49,3,1,0
73,1,0,0,1,65,83,3,1,0
73,1,0,0,0,44,48,3,1,0
73,1,0,0,1,60,64,3,1,0
73,1,1,0,1,52,55,3,1,0
73,1,1,0,0,42,48,3,1,0
73,1,0,0,1,65,76,3,1,0
73,1,0,0,1,55,64,3,1,0
73,1,1,1,1,54,65,3,1,0
73,1,1,0,0,60,63,3,1,0
73,1,1,0,1,49,55,3,1,0
73,1,1,1,1,48,61,3,1,0
73,1,1,0,1,47,59,3,1,0
73,1,1,0,1,58,59,3,1,0
73,1,0,1,1,45,46,3,1,0
73,1,1,0,0,54,62,3,1,0
73,1,1,0,1,60,64,3,1,0
73,1,0,1,1,60,76,3,1,0
73,1,1,0,1,55,64,3,1,0
73,1,0,0,1,41,55,3,1,0
73,1,0,1,1,63,66,3,1,0
73,1,1,0,1,40,46,3,1,0
73,1,0,0,1,50,54,3,1,0
73,1,1,0,1,56,59,3,1,0
73,1,1,0,0,58,57,3,1,0
73,1,0,0,1,58,66,3,1,0
73,1,1,0,1,49,55,3,1,0
73,1,0,0,1,40,47,3,1,0
73,1,1,0,1,53,63,3,1,0
73,1,1,0,1,58,55,3,1,0
73,1,1,0,1,66,79,3,1,0
73,1,1,1,0,49,59,3,1,0
73,1,0,1,0,38,51,3,1,0
73,1,1,1,1,59,72,3,1,0
73,1,0,1,1,55,71,3,1,0
74,0,0,1,0,52,49,3,1,0
74,0,0,1,1,36,38,3,1,0
74,0,0,1,0,47,47,3,1,0
74,0,0,1,0,59,61,3,1,0
74,0,0,1,1,56,62,3,1,0
74,0,0,1,1,51,59,3,1,0
74,0,0,1,0,59,66,3,1,0
74,0,0,1,1,51,54,3,1,0
74,0,1,0,0,42,50,3,1,0
74,0,0,1,1,36,43,3,1,0
74,0,0,1,0,54,54,3,1,0
74,0,0,1,1,48,55,3,1,0
74,0,0,1,0,47,46,3,1,0
74,0,0,1,0,38,32,3,1,0
74,0,1,1,1,45,48,3,1,0
74,0,1,1,1,39,37,3,1,0
74,0,0,1,0,40,37,3,1,0
74,0,0,1,0,61,66,3,1,0
74,0,1,1,1,39,37,3,1,0
74,0,0,1,0,47,52,3,1,0
74,0,1,1,0,62,55,3,1,0
74,0,0,1,1,52,52,3,1,0
74,0,0,1,1,46,49,3,1,0
74,0,1,1,1,58,62,3,1,0
74,0,0,1,1,42,42,3,1,0
74,0,0,1,1,43,36,3,1,0
74,0,1,1,1,57,63,3,1,0
74,0,0,1,1,51,54,3,1,0
74,0,0,1,0,50,54,3,1,0
74,0,1,1,0,49,43,3,1,0
74,0,0,1,1,40,46,3,1,0
74,0,0,1,0,57,60,3,1,0
74,0,1,1,0,36,39,3,1,0
74,0,1,1,0,35,44,3,1,0
74,0,1,1,0,52,55,3,1,0
74,0,1,1,1,37,41,3,1,0
74,0,0,1,1,45,45,3,1,0
74,0,1,1,0,43,45,3,1,0
74,0,1,1,0,58,69,3,1,0
74,0,0,1,1,51,54,3,1,0
74,0,0,1,1,55,60,3,1,0
74,0,0,1,1,47,47,3,1,0
74,0,1,1,1,40,37,3,1,0
74,0,0,1,1,39,40,3,1,0
74,0,1,1,1,30,27,3,1,0
74,0,1,1,1,37,39,3,1,0
74,0,0,1,1,58,61,3,1,0
74,0,0,1,0,51,55,3,1,0
74,0,0,1,0,51,61,3,1,0
74,0,0,1,1,53,57,3,1,0
74,0,0,1,1,44,45,3,1,0
74,0,0,1,0,52,51,3,1,0
74,0,0,1,1,32,32,3,1,0
74,0,1,1,0,55,66,3,1,0
74,0,1,1,0,57,59,3,1,0
74,0,1,1,0,47,49,3,1,0
74,0,1,1,0,40,40,3,1,0
74,0,0,1,0,51,51,3,1,0
74,0,1,1,0,48,50,3,1,0
74,0,0,1,0,55,48,3,1,0
74,0,0,1,1,51,51,3,1,0
74,0,0,1,1,35,39,3,1,0
74,0,0,1,0,41,40,3,1,0
74,0,1,1,1,43,46,3,1,0
74,0,1,1,0,56,58,3,1,0
74,0,0,1,0,65,64,3,1,0
74,0,1,1,0,39,44,3,1,0
74,0,1,1,1,42,45,3,1,0
74,0,0,1,1,49,56,3,1,0
75,1,1,0,0,48,64,3,1,0
75,1,1,0,1,61,68,3,1,0
75,1,1,0,1,47,60,3,1,0
75,1,1,0,1,60,70,3,1,0
75,1,1,0,0,46,53,3,1,0
75,1,1,0,1,46,51,3,1,0
75,1,1,0,0,58,70,3,1,0
75,1,1,0,1,57,67,3,1,0
75,1,1,1,0,46,52,3,1,0
75,1,1,1,0,62,74,3,1,0
75,1,1,0,0,46,54,3,1,0
75,1,1,0,0,51,57,3,1,0
75,1,1,0,1,53,67,3,1,0
75,1,1,1,1,53,60,3,1,0
75,1,1,0,0,53,63,3,1,0
75,1,1,0,1,53,58,3,1,0
75,1,1,0,0,54,59,3,1,0
75,1,1,0,0,48,58,3,1,0
75,1,1,0,1,50,56,3,1,0
75,1,1,0,0,64,76,3,1,0
75,1,0,0,0,57,66,3,1,0
75,1,1,0,0,59,66,3,1,0
75,1,1,0,0,53,62,3,1,0
75,1,1,0,0,50,59,3,1,0
75,1,1,0,1,70,83,3,1,0
75,1,1,0,1,55,64,3,1,0
76,1,1,0,1,57,71,3,1,0
76,1,1,0,0,55,58,3,1,0
76,1,1,0,0,53,68,3,1,0
76,1,1,0,1,58,67,3,1,0
76,1,1,1,1,54,69,3,1,0
76,1,1,0,1,60,69,3,1,0
76,1,1,1,0,62,73,3,1,0
76,1,1,0,0,62,69,3,1,0
76,1,1,0,0,61,72,3,1,0
76,1,1,0,1,63,73,3,1,0
76,1,1,0,0,57,67,3,1,0
76,1,1,0,1,57,68,3,1,0
76,1,1,1,0,68,78,3,1,0
76,1,1,0,1,59,70,3,1,0
76,1,1,0,1,46,64,3,1,0
76,1,1,0,1,57,64,3,1,0
76,1,1,0,0,55,62,3,1,0
76,1,1,0,1,54,65,3,1,0
76,1,1,1,1,49,55,3,1,0
76,1,1,0,1,55,68,3,1,0
76,1,1,0,1,63,68,3,1,0
76,1,1,0,0,44,55,3,1,0
76,1,1,0,1,48,60,3,1,0
76,1,1,0,0,57,69,3,1,0
76,1,1,1,1,58,66,3,1,0
76,1,1,1,0,67,80,3,1,0
76,1,1,0,0,52,64,3,1,0
76,1,1,0,0,50,65,3,1,0
76,1,1,0,1,67,67,3,1,0
76,1,1,0,1,62,69,3,1,0
76,1,1,0,1,49,61,3,1,0
76,1,1,0,0,69,78,3,1,0
76,1,1,0,0,63,69,3,1,0
76,1,1,0,1,52,65,3,1,0
76,1,1,1,1,56,66,3,1,0
76,1,1,0,0,57,61,3,1,0
76,1,1,0,1,67,75,3,1,0
76,1,1,0,1,45,54,3,1,0
76,1,1,0,1,51,64,3,1,0
76,1,1,1,0,58,65,3,1,0
76,1,1,0,1,57,67,3,1,0
76,1,1,0,1,55,68,3,1,0
76,1,1,0,0,58,71,3,1,0
76,1,1,0,1,41,54,3,1,0
76,1,1,0,1,52,48,3,1,0
76,1,1,0,0,60,71,3,1,0
76,1,1,0,1,59,68,3,1,0
76,1,1,0,0,61,69,3,1,0
76,1,1,0,0,57,64,3,1,0
76,1,1,1,0,56,68,3,1,0
76,1,1,1,0,57,60,3,1,0
76,1,1,0,0,58,74,3,1,0
76,1,1,0,0,45,59,3,1,0
76,1,1,0,1,61,67,3,1,0
76,1,1,0,1,65,78,3,1,0
76,1,1,0,0,64,73,3,1,0
76,1,1,0,1,59,72,3,1,0
76,1,1,0,0,58,74,3,1,0
76,1,1,0,0,62,75,3,1,0
76,1,1,0,1,55,63,3,1,0
76,1,1,0,0,54,68,3,1,0
76,1,1,1,0,53,62,3,1,0
76,1,1,0,1,65,69,3,1,0
76,1,1,0,1,63,71,3,1,0
76,1,1,0,1,51,66,3,1,0
76,1,1,0,0,70,78,3,1,0
76,1,1,0,0,64,77,3,1,0
76,1,1,0,0,53,66,3,1,0
76,1,1,0,0,52,63,3,1,0
77,1,0,1,0,72,85,3,1,0
77,1,1,0,0,60,74,3,1,0
77,1,1,1,1,65,81,3,1,0
77,1,1,1,0,66,79,3,1,0
77,1,1,1,0,65,77,3,1,0
77,1,1,0,0,58,69,3,1,0
77,1,0,1,0,58,68,3,1,0
77,1,0,1,0,63,74,3,1,0
77,1,0,0,0,75,85,3,1,0
77,1,1,1,1,48,47,3,1,0
77,1,0,0,0,58,65,3,1,0
77,1,0,0,0,57,68,3,1,0
77,1,1,1,1,62,75,3,1,0
77,1,1,1,1,52,57,3,1,0
77,1,1,1,0,50,54,3,1,0
77,1,1,0,0,63,79,3,1,0
77,1,0,0,1,67,73,3,1,0
77,1,1,0,0,61,70,3,1,0
77,1,0,0,1,58,67,3,1,0
77,1,0,1,0,49,59,3,1,0
77,1,1,1,1,54,66,3,1,0
77,1,0,1,1,45,64,3,1,0
77,1,1,1,1,46,56,3,1,0
77,1,0,0,0,59,72,3,1,0
77,1,1,0,1,37,40,3,1,0
77,1,1,0,1,55,65,3,1,0
77,1,1,0,1,63,70,3,1,0
78,0,0,0,0,65,70,3,1,0
78,0,0,0,0,57,65,3,1,0
78,0,1,0,1,52,58,3,1,0
78,0,0,0,0,67,74,3,1,0
78,0,1,1,0,59,66,3,1,0
78,0,1,1,1,55,64,3,1,0
78,0,0,0,0,65,75,3,1,0
78,0,1,0,0,54,61,3,1,0
78,0,0,0,1,44,52,3,1,0
78,0,1,0,1,64,70,3,1,0
78,0,0,0,1,71,76,3,1,0
78,0,0,0,1,62,71,3,1,0
78,0,1,0,0,57,62,3,1,0
78,0,0,0,1,59,65,3,1,0
78,0,1,1,0,70,72,3,1,0
78,0,0,0,0,72,81,3,1,0
78,0,1,0,0,61,68,3,1,0
78,0,1,0,1,60,69,3,1,0
78,0,0,0,1,57,62,3,1,0
78,0,1,1,1,57,63,3,1,0
78,0,0,0,0,53,62,3,1,0
78,0,0,0,1,73,82,3,1,0
78,0,0,0,0,63,68,3,1,0
78,0,1,0,1,39,48,3,1,0
79,1,0,1,1,56,62,4,1,0
79,1,0,1,1,45,48,4,1,0
79,1,0,1,1,51,62,4,1,0
79,1,0,1,1,59,80,4,1,0
79,1,0,1,1,58,76,4,1,0
79,1,0,1,0,55,66,4,1,0
79,1,0,0,0,62,79,4,1,0
79,1,0,1,0,57,66,4,1,0
79,1,0,1,0,69,80,4,1,0
79,1,0,1,1,57,61,4,1,0
79,1,0,1,1,61,72,4,1,0
79,1,0,1,0,58,64,4,1,0
79,1,0,0,1,53,61,4,1,0
79,1,0,1,1,46,62,4,1,0
79,1,0,0,1,56,68,4,1,0
79,1,0,1,0,48,56,4,1,0
79,1,0,0,0,57,63,4,1,0
79,1,0,0,0,48,62,4,1,0
79,1,0,0,1,42,57,4,1,0
79,1,0,1,1,47,57,4,1,0
79,1,0,1,1,60,80,4,1,0
79,1,1,1,0,67,70,4,1,0
79,1,0,1,0,57,66,4,1,0
79,1,0,1,0,57,60,4,1,0
79,1,0,1,1,51,67,4,1,0
79,1,0,0,1,66,89,4,1,0
79,1,0,0,1,52,60,4,1,0
79,1,0,1,1,42,48,4,1,0
79,1,0,1,1,64,70,4,1,0
79,1,0,1,1,61,65,4,1,0
79,1,0,1,1,47,56,4,1,0
79,1,0,0,0,46,67,4,1,0
79,1,0,1,1,45,53,4,1,0
79,1,0,0,1,38,41,4,1,0
79,1,0,1,1,46,51,4,1,0
79,1,0,1,0,56,61,4,1,0
79,1,0,1,0,64,78,4,1,0
79,1,0,1,0,46,59,4,1,0
79,1,0,0,1,50,63,4,1,0
79,1,0,1,1,50,53,4,1,0
79,1,0,1,1,50,53,4,1,0
79,1,0,0,0,56,67,4,1,0
79,1,0,0,1,57,67,4,1,0
79,1,0,0,0,53,62,4,1,0
79,1,0,1,1,72,85,4,1,0
79,1,0,0,0,64,71,4,1,0
79,1,0,0,0,51,62,4,1,0
79,1,0,1,0,51,67,4,1,0
79,1,0,1,0,51,57,4,1,0
79,1,0,1,1,54,67,4,1,0
79,1,0,0,0,58,69,4,1,0
79,1,0,0,0,65,76,4,1,0
79,1,0,1,0,43,46,4,1,0
79,1,0,1,1,78,91,4,1,0
79,1,0,0,1,60,69,4,1,0
79,1,0,1,1,51,58,4,1,0
79,1,0,1,1,53,67,4,1,0
79,1,0,1,1,51,63,4,1,0
79,1,0,0,1,49,65,4,1,0
79,1,0,1,0,51,62,4,1,0
79,1,0,1,0,64,78,4,1,0
79,1,0,1,0,55,65,4,1,0
79,1,0,1,1,55,64,4,1,0
79,1,0,1,1,48,62,4,1,0
79,1,0,0,1,66,79,4,1,0
79,1,0,0,1,52,63,4,1,0
79,1,0,1,1,42,51,4,1,0
79,1,0,1,1,38,36,4,1,0
79,1,0,1,0,52,54,4,1,0
80,1,1,1,0,65,80,4,1,0
80,1,1,1,0,60,77,4,1,0
80,1,1,1,0,57,64,4,1,0
80,1,1,0,0,63,77,4,1,0
80,1,1,0,0,59,74,4,1,0
80,1,1,1,1,67,70,4,1,0
80,1,1,1,0,52,68,4,1,0
80,1,1,0,0,57,61,4,1,0
80,1,1,1,0,67,79,4,1,0
80,1,1,1,0,66,77,4,1,0
80,1,1,0,0,58,69,4,1,0
80,1,1,1,1,62,65,4,1,0
80,1,1,1,0,63,70,4,1,0
80,1,1,1,0,55,64,4,1,0
80,1,1,1,0,55,57,4,1,0
80,1,1,0,0,64,73,4,1,0
80,1,1,1,0,57,58,4,1,0
80,1,1,1,0,63,69,4,1,0
80,1,1,0,1,57,68,4,1,0
80,1,1,1,0,66,76,4,1,0
80,1,1,1,0,62,72,4,1,0
80,1,1,1,0,59,66,4,1,0
80,1,1,0,0,55,67,4,1,0
80,1,1,1,1,62,74,4,1,0
80,1,1,1,0,68,76,4,1,0
80,1,1,1,0,60,74,4,1,0
80,1,1,0,0,66,80,4,1,0
80,1,1,1,0,57,67,4,1,0
80,1,1,1,0,64,78,4,1,0
80,1,1,0,0,58,68,4,1,0
80,1,1,1,0,60,73,4,1,0
80,1,1,1,0,58,61,4,1,0
80,1,1,1,1,56,72,4,1,0
80,1,1,1,0,53,58,4,1,0
80,1,1,0,1,66,72,4,1,0
80,1,1,1,1,58,63,4,1,0
80,1,1,1,1,61,69,4,1,0
80,1,1,1,0,63,80,4,1,0
80,1,1,0,0,55,67,4,1,0
80,1,1,0,0,64,80,4,1,0
81,1,0,1,1,59,70,4,1,0
81,1,0,1,1,48,60,4,1,0
81,1,0,1,0,52,60,4,1,0
81,1,0,0,1,52,60,4,1,0
81,1,0,1,0,75,91,4,1,0
81,1,0,1,1,60,68,4,1,0
81,1,0,0,0,55,66,4,1,0
81,1,0,1,1,59,71,4,1,0
81,1,0,1,1,49,54,4,1,0
81,1,0,1,1,53,62,4,1,0
81,1,0,1,0,46,56,4,1,0
81,1,0,1,1,45,61,4,1,0
81,1,0,1,1,52,63,4,1,0
81,1,0,1,1,54,70,4,1,0
81,1,0,1,1,57,63,4,1,0
81,1,0,1,1,53,61,4,1,0
81,1,0,1,1,61,69,4,1,0
81,1,0,1,1,46,53,4,1,0
81,1,0,1,1,51,54,4,1,0
81,1,0,1,1,43,50,4,1,0
81,1,0,0,1,60,84,4,1,0
82,1,0,1,0,54,64,4,1,0
82,1,0,1,0,57,70,4,1,0
82,1,0,1,1,65,68,4,1,0
82,1,0,1,0,65,65,4,1,0
82,1,0,1,1,50,59,4,1,0
82,1,0,1,1,61,71,4,1,0
82,1,0,0,1,55,74,4,1,0
82,1,0,0,0,52,75,4,1,0
82,1,0,1,0,62,70,4,1,0
82,1,0,0,0,60,70,4,1,0
82,1,0,0,1,61,76,4,1,0
82,1,0,0,0,52,59,4,1,0
82,1,0,0,0,62,66,4,1,0
82,1,0,0,0,54,67,4,1,0
82,1,0,0,0,58,68,4,1,0
82,1,0,1,0,49,57,4,1,0
82,1,0,1,0,49,62,4,1,0
82,1,0,0,1,56,70,4,1,0
82,1,0,0,1,46,65,4,1,0
82,1,0,1,0,57,77,4,1,0
82,1,0,0,1,60,70,4,1,0
82,1,0,0,0,61,79,4,1,0
82,1,0,1,0,60,72,4,1,0
82,1,0,1,0,50,58,4,1,0
82,1,0,1,0,71,77,4,1,0
82,1,0,0,1,56,68,4,1,0
82,1,0,0,0,56,60,4,1,0
82,1,0,1,0,53,59,4,1,0
82,1,0,0,0,65,78,4,1,0
82,1,0,0,0,71,84,4,1,0
82,1,0,0,0,65,75,4,1,0
82,1,0,0,0,76,91,4,1,0
82,1,0,0,1,61,72,4,1,0
82,1,0,1,1,43,52,4,1,0
82,1,0,1,0,56,64,4,1,0
82,1,0,1,0,58,73,4,1,0
82,1,0,1,0,74,83,4,1,0
82,1,0,0,1,57,63,4,1,0
82,1,0,1,0,59,74,4,1,0
82,1,0,0,0,61,75,4,1,0
82,1,0,0,0,57,76,4,1,0
82,1,0,1,0,77,81,4,1,0
82,1,0,0,0,54,63,4,1,0
82,1,0,0,1,60,80,4,1,0
82,1,0,0,0,47,60,4,1,0
82,1,0,1,1,58,62,4,1,0
82,1,0,1,1,62,65,4,1,0
82,1,0,1,0,51,63,4,1,0
82,1,0,0,1,65,74,4,1,0
82,1,0,0,1,64,84,4,1,0
82,1,0,0,0,56,75,4,1,0
82,1,0,1,1,58,65,4,1,0
82,1,0,0,1,62,82,4,1,0
82,1,0,0,1,69,82,4,1,0
82,1,0,1,0,56,66,4,1,0
82,1,0,0,0,72,83,4,1,0
82,1,0,1,0,49,58,4,1,0
82,1,0,0,1,66,72,4,1,0
82,1,0,0,0,61,67,4,1,0
82,1,0,1,0,65,82,4,1,0
83,1,1,0,1,59,75,3,1,0
83,1,1,0,0,47,55,3,1,0
83,1,1,1,0,56,72,3,1,0
83,1,1,0,0,53,61,3,1,0
83,1,1,1,1,54,62,3,1,0
83,1,0,0,0,70,81,3,1,0
83,1,1,0,0,61,70,3,1,0
83,1,0,0,0,42,50,3,1,0
83,1,1,0,1,46,54,3,1,0
83,1,1,0,0,43,52,3,1,0
83,1,1,1,0,58,61,3,1,0
83,1,1,1,0,54,68,3,1,0
83,1,1,0,1,60,66,3,1,0
83,1,1,1,1,67,80,3,1,0
83,1,1,0,0,61,71,3,1,0
83,1,0,1,1,53,71,3,1,0
83,1,1,0,1,55,62,3,1,0
83,1,1,1,1,61,74,3,1,0
83,1,1,0,1,53,67,3,1,0
83,1,1,1,0,63,77,3,1,0
83,1,1,1,0,51,63,3,1,0
83,1,1,0,1,56,67,3,1,0
83,1,1,1,0,50,59,3,1,0
83,1,1,1,0,58,70,3,1,0
83,1,1,0,0,55,65,3,1,0
83,1,0,1,1,69,78,3,1,0
84,1,0,1,0,63,78,3,1,0
84,1,0,0,0,55,65,3,1,0
84,1,0,1,1,85,88,3,1,0
84,1,1,0,1,63,75,3,1,0
84,1,0,1,0,66,82,3,1,0
84,1,1,0,0,66,78,3,1,0
84,1,0,0,1,60,73,3,1,0
84,1,1,1,1,55,72,3,1,0
84,1,0,0,0,62,78,3,1,0
84,1,0,0,1,64,74,3,1,0
84,1,0,1,0,64,76,3,1,0
84,1,1,1,0,58,65,3,1,0
84,1,0,0,1,70,82,3,1,0
84,1,0,0,1,59,67,3,1,0
84,1,0,0,0,66,77,3,1,0
84,1,1,0,0,62,82,3,1,0
84,1,0,1,1,64,76,3,1,0
84,1,0,0,0,69,67,3,1,0
84,1,1,0,0,71,81,3,1,0
84,1,0,0,1,65,81,3,1,0
84,1,1,0,0,57,70,3,1,0
84,1,1,1,0,60,70,3,1,0
84,1,1,1,1,57,69,3,1,0
84,1,1,1,0,62,77,3,1,0
84,1,1,0,0,61,78,3,1,0
84,1,0,0,1,62,80,3,1,0
84,1,1,1,1,54,64,3,1,0
84,1,1,1,1,60,74,3,1,0
84,1,0,1,0,66,71,3,1,0
84,1,0,0,1,54,66,3,1,0
84,1,0,1,1,75,75,3,1,0
84,1,0,0,0,85,88,3,1,0
84,1,0,0,0,60,76,3,1,0
84,1,0,1,0,56,70,3,1,0
84,1,0,0,0,51,59,3,1,0
84,1,1,1,1,37,53,3,1,0
84,1,1,1,0,71,82,3,1,0
84,1,1,0,1,40,58,3,1,0
84,1,0,0,0,74,74,3,1,0
84,1,0,1,0,60,74,3,1,0
84,1,1,1,0,69,82,3,1,0
84,1,0,0,1,60,74,3,1,0
84,1,0,1,1,52,61,3,1,0
84,1,1,1,1,54,65,3,1,0
84,1,0,1,0,59,73,3,1,0
84,1,1,1,1,42,52,3,1,0
84,1,1,0,1,56,74,3,1,0
84,1,0,0,0,55,75,3,1,0
84,1,0,1,1,37,54,3,1,0
84,1,1,0,1,69,82,3,1,0
84,1,0,1,1,65,73,3,1,0
84,1,1,0,1,66,77,3,1,0
84,1,0,1,0,64,74,3,1,0
84,1,1,0,1,56,65,3,1,0
84,1,0,0,0,69,78,3,1,0
84,1,1,1,0,64,75,3,1,0
85,0,0,0,0,57,58,2,1,0
85,0,0,0,0,46,49,2,1,0
85,0,0,0,0,47,44,2,1,0
85,0,0,0,0,39,45,2,1,0
85,0,0,1,0,58,60,2,1,0
85,0,0,0,0,55,56,2,1,0
85,0,0,0,1,53,64,2,1,0
85,0,0,1,1,48,52,2,1,0
85,0,0,0,0,68,62,2,1,0
85,0,0,1,1,58,64,2,1,0
85,0,0,0,1,50,51,2,1,0
85,0,0,1,1,62,66,2,1,0
85,0,0,0,1,47,55,2,1,0
85,0,0,0,1,57,58,2,1,0
85,0,0,1,1,58,66,2,1,0
85,0,0,1,0,42,44,2,1,0
85,0,0,1,1,58,57,2,1,0
85,0,0,0,0,63,70,2,1,0
85,0,0,0,0,54,62,2,1,0
85,0,0,0,1,44,49,2,1,0
85,0,0,1,1,62,72,2,1,0
85,0,0,1,1,65,73,2,1,0
85,0,0,0,0,44,46,2,1,0
85,0,0,0,1,59,62,2,1,0
85,0,0,0,0,52,52,2,1,0
85,0,0,0,1,64,66,2,1,0
85,0,0,1,0,48,51,2,1,0
85,0,0,0,0,49,50,2,1,0
85,0,0,1,1,67,67,2,1,0
85,0,0,0,0,63,72,2,1,0
85,0,0,1,1,55,66,2,1,0
85,0,0,1,0,45,48,2,1,0
85,0,0,0,0,46,45,2,1,0
85,0,0,0,0,49,48,2,1,0
85,0,0,0,1,53,49,2,1,0
85,0,0,1,0,53,62,2,1,0
85,0,0,1,1,50,51,2,1,0
85,0,0,1,0,45,49,2,1,0
85,0,0,1,1,51,52,2,1,0
85,0,0,0,0,35,34,2,1,0
85,0,0,1,1,53,48,2,1,0
85,0,0,0,1,51,50,2,1,0
85,0,0,0,1,47,55,2,1,0
85,0,0,0,1,63,61,2,1,0
85,0,0,0,1,46,54,2,1,0
85,0,0,1,1,57,56,2,1,0
85,0,0,0,1,63,73,2,1,0
85,0,0,0,1,46,46,2,1,0
85,0,0,1,0,47,41,2,1,0
85,0,0,0,1,54,60,2,1,0
85,0,0,1,0,48,49,2,1,0
85,0,0,1,1,58,64,2,1,0
85,0,0,1,0,39,30,2,1,0
85,0,0,1,0,49,48,2,1,0
86,0,0,1,1,68,82,2,1,0
86,0,0,0,1,49,43,2,1,0
86,0,0,0,0,51,44,2,1,0
86,0,0,0,1,61,68,2,1,0
86,0,0,0,1,43,49,2,1,0
86,0,0,1,0,57,70,2,1,0
86,0,0,1,1,57,70,2,1,0
86,0,1,1,1,40,51,2,1,0
86,0,0,0,0,61,65,2,1,0
86,0,0,0,1,51,59,2,1,0
86,0,0,1,1,53,58,2,1,0
86,0,0,1,1,60,74,2,1,0
86,0,0,0,0,78,79,2,1,0
86,0,0,0,1,51,48,2,1,0
86,0,0,0,0,59,59,2,1,0
86,0,0,0,1,65,68,2,1,0
86,0,0,0,0,59,62,2,1,0
86,0,0,0,1,53,61,2,1,0
86,0,0,1,0,59,54,2,1,0
86,0,0,0,1,41,53,2,1,0
86,0,0,0,1,48,56,2,1,0
86,0,0,0,1,55,56,2,1,0
86,0,0,1,0,45,57,2,1,0
86,0,0,1,1,58,60,2,1,0
86,0,0,0,0,51,54,2,1,0
86,0,0,0,1,51,50,2,1,0
86,0,0,0,0,57,67,2,1,0
86,0,0,0,1,62,68,2,1,0
86,0,0,1,0,64,76,2,1,0
86,0,0,0,1,47,43,2,1,0
86,0,0,1,1,50,51,2,1,0
86,0,0,0,0,62,63,2,1,0
86,0,0,0,1,52,56,2,1,0
86,0,0,0,1,54,60,2,1,0
86,0,0,0,0,56,59,2,1,0
86,0,0,0,0,60,66,2,1,0
86,0,0,0,1,37,45,2,1,0
86,0,0,0,0,53,62,2,1,0
86,0,0,0,1,45,57,2,1,0
86,0,0,1,0,55,58,2,1,0
86,0,0,1,1,42,48,2,1,0
86,0,0,0,1,46,56,2,1,0
86,0,0,0,1,55,55,2,1,0
86,0,0,1,1,37,42,2,1,0
86,0,0,1,0,76,87,2,1,0
86,0,0,1,0,67,71,2,1,0
86,0,0,0,0,50,46,2,1,0
86,0,0,1,0,56,57,2,1,0
86,0,0,1,0,57,56,2,1,0
86,0,0,0,1,55,55,2,1,0
86,0,0,1,1,48,41,2,1,0
86,0,0,0,0,65,69,2,1,0
86,0,0,1,1,47,44,2,1,0
86,0,0,0,0,46,55,2,1,0
86,0,0,0,1,45,55,2,1,0
86,0,0,1,0,42,42,2,1,0
86,0,0,1,0,65,63,2,1,0
86,0,0,0,1,41,52,2,1,0
86,0,0,0,0,61,65,2,1,0
86,0,0,0,1,66,76,2,1,0
86,0,0,1,0,56,59,2,1,0
86,0,0,0,0,67,68,2,1,0
86,0,0,0,1,44,55,2,1,0
86,0,0,0,1,43,49,2,1,0
86,0,0,1,1,50,59,2,1,0
86,0,0,1,0,47,46,2,1,0
86,0,0,1,0,48,46,2,1,0
86,0,0,0,0,58,67,2,1,0
86,0,0,0,0,54,60,2,1,0
86,0,0,0,0,70,74,2,1,0
86,0,0,1,0,64,66,2,1,0
86,0,0,1,0,46,50,2,1,0
87,1,1,0,0,64,69,2,1,0
87,1,1,1,1,45,60,2,1,0
87,1,1,1,1,48,61,2,1,0
87,1,1,0,1,68,78,2,1,0
87,1,1,0,1,53,56,2,1,0
87,1,1,1,0,68,77,2,1,0
87,1,1,1,1,56,66,2,1,0
87,1,1,0,1,60,75,2,1,0
87,1,1,1,1,50,60,2,1,0
87,1,1,0,1,63,66,2,1,0
87,1,1,0,1,53,58,2,1,0
87,1,1,0,0,64,74,2,1,0
87,1,1,1,0,63,65,2,1,0
87,1,1,0,0,59,68,2,1,0
87,1,1,0,1,58,68,2,1,0
87,1,1,0,1,43,47,2,1,0
87,1,1,0,1,48,58,2,1,0
87,1,1,0,0,54,58,2,1,0
87,1,1,0,0,51,59,2,1,0
87,1,1,0,1,63,75,2,1,0
87,1,1,0,0,58,68,2,1,0
87,1,1,1,0,66,79,2,1,0
87,1,1,1,1,45,55,2,1,0
87,1,1,1,1,46,61,2,1,0
87,1,1,0,1,53,59,2,1,0
87,1,1,0,1,47,47,2,1,0
87,1,1,1,1,50,58,2,1,0
87,1,1,0,1,53,59,2,1,0
87,1,1,0,0,59,73,2,1,0
87,1,1,0,1,45,55,2,1,0
87,1,1,0,0,67,74,2,1,0
87,1,1,0,0,54,59,2,1,0
87,1,1,1,0,50,59,2,1,0
87,1,1,1,0,55,65,2,1,0
87,1,1,0,0,63,71,2,1,0
87,1,1,0,1,43,53,2,1,0
87,1,1,0,1,57,66,2,1,0
87,1,1,1,1,50,59,2,1,0
87,1,1,0,1,59,68,2,1,0
87,1,1,1,1,50,65,2,1,0
87,1,1,0,1,50,59,2,1,0
87,1,1,1,1,47,53,2,1,0
87,1,1,0,0,68,81,2,1,0
87,1,1,0,0,53,66,2,1,0
87,1,1,1,0,70,75,2,1,0
87,1,1,0,0,66,75,2,1,0
87,1,1,0,0,56,67,2,1,0
87,1,1,0,0,49,54,2,1,0
88,0,0,0,0,61,75,1,1,0
88,0,1,1,0,68,88,1,1,0
88,0,0,0,0,59,70,1,1,0
88,0,1,1,0,55,69,1,1,0
88,0,0,0,0,62,63,1,1,0
88,0,1,1,0,46,49,1,1,0
88,0,0,0,0,62,52,1,1,0
88,0,0,0,0,49,52,1,1,0
88,0,0,0,0,54,52,1,1,0
88,0,0,0,0,61,63,1,1,0
88,0,0,0,1,48,51,1,1,0
88,0,1,0,1,48,54,1,1,0
88,0,1,0,1,43,43,1,1,0
88,0,1,0,1,49,54,1,1,0
88,0,0,0,0,55,52,1,1,0
88,0,0,0,1,50,48,1,1,0
88,0,0,1,0,65,77,1,1,0
88,0,0,1,1,58,50,1,1,0
88,0,0,1,0,52,51,1,1,0
88,0,1,1,0,47,40,1,1,0
88,0,0,0,0,58,69,1,1,0
88,0,1,0,0,46,57,1,1,0
88,0,0,0,0,74,82,1,1,0
88,0,0,0,0,71,65,1,1,0
88,0,1,1,1,59,53,1,1,0
88,0,0,1,0,53,56,1,1,0
88,0,1,1,1,57,62,1,1,0
88,0,0,0,0,65,55,1,1,0
88,0,0,0,1,52,55,1,1,0
88,0,0,0,0,56,59,1,1,0
88,0,1,1,1,35,48,1,1,0
88,0,0,0,1,52,59,1,1,0
88,0,0,0,1,60,51,1,1,0
88,0,0,1,0,54,62,1,1,0
88,0,0,1,1,60,61,1,1,0
88,0,0,1,1,65,72,1,1,0
88,0,0,0,0,53,47,1,1,0
88,0,0,1,0,47,65,1,1,0
88,0,0,0,0,54,58,1,1,0
88,0,0,0,1,55,49,1,1,0
88,0,0,0,1,50,54,1,1,0
88,0,0,0,0,44,39,1,1,0
88,0,0,0,1,86,93,1,1,0
88,0,0,1,1,66,85,1,1,0
88,0,0,0,0,67,88,1,1,0
88,0,0,1,0,49,52,1,1,0
88,0,1,1,0,55,55,1,1,0
88,0,0,0,1,47,54,1,1,0
88,0,0,0,1,61,57,1,1,0
88,0,1,0,1,56,57,1,1,0
88,0,0,1,0,55,64,1,1,0
88,0,0,1,0,53,62,1,1,0
88,0,1,0,0,65,65,1,1,0
88,0,1,0,0,43,52,1,1,0
88,0,1,1,0,46,56,1,1,0
88,0,0,0,1,42,40,1,1,0
88,0,1,0,0,63,69,1,1,0
88,0,0,0,1,46,50,1,1,0
88,0,1,0,1,53,57,1,1,0
88,0,0,0,1,53,61,1,1,0
88,0,1,1,1,58,67,1,1,0
88,0,1,0,0,62,59,1,1,0
88,0,1,1,0,57,64,1,1,0
89,0,1,1,0,58,62,1,1,0
89,0,1,1,0,48,56,1,1,0
89,0,0,0,1,61,63,1,1,0
89,0,0,1,1,56,61,1,1,0
89,0,1,1,0,58,64,1,1,0
89,0,0,0,0,52,61,1,1,0
89,0,0,0,1,66,74,1,1,0
89,0,1,0,1,65,76,1,1,0
89,0,1,1,1,67,68,1,1,0
89,0,0,0,1,59,64,1,1,0
89,0,1,1,1,63,63,1,1,0
89,0,0,0,1,58,71,1,1,0
89,0,0,1,1,64,64,1,1,0
89,0,1,1,0,60,64,1,1,0
89,0,1,1,1,66,72,1,1,0
89,0,1,1,0,55,64,1,1,0
89,0,1,1,1,56,52,1,1,0
89,0,0,1,1,67,74,1,1,0
89,0,0,0,1,67,72,1,1,0
89,0,1,1,0,56,61,1,1,0
89,0,1,0,1,58,62,1,1,0
89,0,1,1,1,58,69,1,1,0
89,0,0,0,0,47,45,1,1,0
89,0,0,1,1,52,59,1,1,0
89,0,1,0,1,56,60,1,1,0
89,0,0,1,0,50,52,1,1,0
89,0,0,0,1,62,61,1,1,0
89,0,1,1,0,52,53,1,1,0
89,0,1,0,0,71,73,1,1,0
89,0,0,1,1,53,56,1,1,0
89,0,1,1,1,52,56,1,1,0
89,0,1,0,1,62,70,1,1,0
89,0,0,1,1,53,56,1,1,0
89,0,1,0,1,56,67,1,1,0
89,0,0,0,0,60,69,1,1,0
89,0,0,1,1,59,54,1,1,0
89,0,0,0,0,53,59,1,1,0
89,0,0,1,1,45,45,1,1,0
89,0,0,1,1,53,66,1,1,0
89,0,1,0,1,52,51,1,1,0
89,0,1,0,1,66,68,1,1,0
89,0,0,0,1,59,71,1,1,0
89,0,0,1,0,59,65,1,1,0
89,0,0,0,1,62,75,1,1,0
89,0,1,0,1,64,61,1,1,0
89,0,0,1,1,54,49,1,1,0
89,0,1,0,0,57,60,1,1,0
89,0,0,0,1,66,70,1,1,0
89,0,0,1,1,51,56,1,1,0
89,0,0,1,1,67,73,1,1,0
89,0,1,1,0,62,67,1,1,0
89,0,0,0,0,54,63,1,1,0
89,0,1,0,0,55,61,1,1,0
89,0,0,0,1,55,55,1,1,0
89,0,1,1,1,52,49,1,1,0
89,0,1,1,0,62,68,1,1,0
89,0,0,1,0,55,67,1,1,0
89,0,1,0,1,47,53,1,1,0
89,0,0,0,0,56,77,1,1,0
89,0,1,1,1,60,55,1,1,0
89,0,0,1,0,61,71,1,1,0
89,0,1,1,0,57,65,1,1,0
89,0,0,1,0,51,54,1,1,0
89,0,0,1,0,49,61,1,1,0
89,0,1,0,1,54,52,1,1,0
89,0,0,0,0,60,64,1,1,0
89,0,0,1,0,60,65,1,1,0
89,0,0,1,1,62,65,1,1,0
89,0,0,1,1,50,51,1,1,0
89,0,1,0,1,65,63,1,1,0
89,0,0,1,1,51,56,1,1,0
89,0,0,0,1,61,64,1,1,0
89,0,1,1,1,65,73,1,1,0
89,0,0,1,1,60,67,1,1,0
89,0,1,1,0,61,69,1,1,0
89,0,0,1,1,55,60,1,1,0
89,0,0,1,0,58,71,1,1,0
89,0,1,1,1,53,57,1,1,0
89,0,0,1,0,46,56,1,1,0
89,0,0,1,1,56,58,1,1,0
89,0,0,0,0,69,79,1,1,0
90,0,1,1,1,62,71,3,1,0
90,0,1,1,0,57,66,3,1,0
90,0,1,0,0,65,72,3,1,0
90,0,1,0,0,51,51,3,1,0
90,0,1,1,0,56,68,3,1,0
90,0,1,0,0,59,61,3,1,0
90,0,1,1,0,62,61,3,1,0
90,0,1,1,0,65,71,3,1,0
90,0,1,1,0,64,74,3,1,0
90,0,1,0,1,64,67,3,1,0
90,0,1,0,0,64,65,3,1,0
90,0,1,0,0,78,83,3,1,0
90,0,1,1,1,54,63,3,1,0
90,0,1,0,0,75,80,3,1,0
90,0,1,0,0,69,74,3,1,0
90,0,1,1,0,61,62,3,1,0
90,0,1,0,0,49,66,3,1,0
90,0,1,0,1,55,54,3,1,0
90,0,1,0,0,61,67,3,1,0
90,0,1,0,0,61,69,3,1,0
90,0,1,0,0,57,56,3,1,0
90,0,1,1,0,63,66,3,1,0
90,0,1,1,0,58,53,3,1,0
90,0,1,0,0,65,65,3,1,0
90,0,1,1,1,61,62,3,1,0
90,0,1,1,0,52,47,3,1,0
90,0,1,0,1,63,69,3,1,0
90,0,1,1,1,66,71,3,1,0
90,0,1,0,0,66,67,3,1,0
90,0,1,0,1,62,69,3,1,0
90,0,1,1,1,59,65,3,1,0
90,0,1,0,0,62,70,3,1,0
90,0,1,1,1,66,77,3,1,0
90,0,1,0,0,65,71,3,1,0
90,0,1,0,0,68,78,3,1,0
90,0,1,0,0,70,69,3,1,0
90,0,1,0,1,63,69,3,1,0
90,0,1,1,1,49,53,3,1,0
90,0,1,0,0,67,63,3,1,0
90,0,1,0,0,61,61,3,1,0
90,0,1,0,0,59,62,3,1,0
90,0,1,1,1,56,60,3,1,0
90,0,1,1,0,62,64,3,1,0
90,0,1,0,0,62,67,3,1,0
90,0,1,0,0,72,74,3,1,0
90,0,1,0,0,56,63,3,1,0
90,0,1,0,0,61,63,3,1,0
90,0,1,1,0,59,67,3,1,0
90,0,1,0,0,68,75,3,1,0
90,0,1,1,0,68,77,3,1,0
90,0,1,0,0,61,62,3,1,0
90,0,1,0,0,52,54,3,1,0
91,0,1,1,0,48,60,3,1,0
91,0,0,1,0,55,62,3,1,0
91,0,1,1,0,58,56,3,1,0
91,0,0,1,1,49,50,3,1,0
91,0,1,1,1,44,50,3,1,0
91,0,1,1,0,54,60,3,1,0
91,0,1,1,0,41,44,3,1,0
91,0,0,1,1,47,58,3,1,0
91,0,1,1,0,69,72,3,1,0
91,0,1,1,0,39,48,3,1,0
91,0,0,1,1,56,68,3,1,0
91,0,1,1,1,51,40,3,1,0
91,0,1,1,1,46,59,3,1,0
91,0,1,1,1,35,40,3,1,0
91,0,1,1,1,54,71,3,1,0
91,0,1,1,1,55,64,3,1,0
91,0,0,1,0,54,66,3,1,0
91,0,0,1,1,51,58,3,1,0
91,0,0,1,1,53,60,3,1,0
91,0,0,1,0,54,63,3,1,0
91,0,1,1,0,56,66,3,1,0
91,0,1,1,0,48,49,3,1,0
91,0,1,1,0,45,47,3,1,0
91,0,1,1,1,42,54,3,1,0
91,0,1,1,0,45,56,3,1,0
91,0,1,1,0,52,56,3,1,0
91,0,0,1,0,54,67,3,1,0
91,0,1,1,0,61,66,3,1,0
91,0,0,1,0,59,70,3,1,0
91,0,1,1,1,49,49,3,1,0
91,0,1,1,0,49,51,3,1,0
91,0,1,1,0,48,54,3,1,0
91,0,1,1,0,57,59,3,1,0
91,0,1,1,0,45,45,3,1,0
91,0,1,1,0,57,74,3,1,0
91,0,1,1,0,52,59,3,1,0
91,0,1,1,0,51,52,3,1,0
91,0,1,1,0,54,51,3,1,0
91,0,0,1,0,52,54,3,1,0
91,0,1,1,1,48,53,3,1,0
91,0,1,1,0,50,51,3,1,0
91,0,0,1,1,48,54,3,1,0
91,0,1,1,0,50,60,3,1,0
91,0,1,1,1,50,64,3,1,0
91,0,0,1,1,44,47,3,1,0
91,0,1,1,1,57,75,3,1,0
91,0,1,1,1,57,64,3,1,0
91,0,0,1,0,59,63,3,1,0
91,0,0,1,0,53,56,3,1,0
91,0,1,1,1,53,61,3,1,0
91,0,0,1,0,47,61,3,1,0
91,0,1,1,1,47,50,3,1,0
91,0,0,1,1,55,63,3,1,0
91,0,1,1,1,49,57,3,1,0
91,0,1,1,1,53,61,3,1,0
91,0,0,1,0,55,50,3,1,0
92,1,0,0,1,48,50,1,1,0
92,1,1,0,0,67,75,1,1,0
92,1,0,0,0,54,54,1,1,0
92,1,1,0,0,52,62,1,1,0
92,1,0,0,1,58,64,1,1,0
92,1,1,0,1,58,53,1,1,0
92,1,1,0,1,55,41,1,1,0
92,1,1,0,1,48,42,1,1,0
92,1,1,0,0,54,52,1,1,0
92,1,1,0,1,59,69,1,1,0
92,1,1,0,0,55,61,1,1,0
92,1,1,0,0,41,52,1,1,0
92,1,1,0,1,48,51,1,1,0
92,1,0,0,0,52,51,1,1,0
92,1,0,0,1,55,53,1,1,0
92,1,1,0,1,55,51,1,1,0
92,1,1,0,1,46,45,1,1,0
92,1,1,0,1,47,42,1,1,0
92,1,1,0,1,52,52,1,1,0
92,1,0,0,1,62,63,1,1,0
92,1,1,0,0,68,58,1,1,0
92,1,1,0,1,53,63,1,1,0
92,1,0,0,1,58,65,1,1,0
92,1,0,0,0,56,72,1,1,0
92,1,0,0,0,55,58,1,1,0
92,1,0,0,0,68,75,1,1,0
92,1,1,0,1,63,73,1,1,0
92,1,0,0,0,54,60,1,1,0
92,1,1,0,0,46,55,1,1,0
92,1,1,0,1,57,73,1,1,0
92,1,1,0,0,61,67,1,1,0
92,1,0,0,1,44,49,1,1,0
92,1,0,0,1,58,57,1,1,0
92,1,0,0,0,56,57,1,1,0
92,1,0,0,0,61,66,1,1,0
92,1,0,0,0,47,51,1,1,0
92,1,1,0,1,49,47,1,1,0
92,1,0,0,1,47,54,1,1,0
92,1,1,0,1,73,78,1,1,0
92,1,1,0,0,52,62,1,1,0
92,1,1,0,1,60,54,1,1,0
92,1,1,0,1,59,63,1,1,0
92,1,1,0,0,59,63,1,1,0
92,1,1,0,0,56,68,1,1,0
92,1,0,0,1,52,56,1,1,0
92,1,0,0,0,56,63,1,1,0
92,1,1,0,1,52,51,1,1,0
93,0,0,0,0,47,65,1,1,0
93,0,0,1,1,63,69,1,1,0
93,0,0,0,1,57,67,1,1,0
93,0,1,1,0,40,47,1,1,0
93,0,0,1,0,63,67,1,1,0
93,0,1,1,1,59,76,1,1,0
93,0,1,0,1,55,54,1,1,0
93,0,1,0,1,70,64,1,1,0
93,0,1,0,0,55,59,1,1,0
93,0,1,0,0,60,65,1,1,0
93,0,1,1,0,50,49,1,1,0
93,0,1,0,1,48,29,1,1,0
93,0,1,1,1,37,46,1,1,0
93,0,0,1,1,63,62,1,1,0
93,0,0,0,0,57,62,1,1,0
93,0,1,1,0,64,67,1,1,0
93,0,0,1,0,55,71,1,1,0
93,0,1,1,0,49,62,1,1,0
93,0,1,0,0,50,45,1,1,0
93,0,1,1,1,78,75,1,1,0
93,0,0,0,0,48,68,1,1,0
93,0,0,1,0,69,47,1,1,0
93,0,0,1,1,60,63,1,1,0
93,0,0,0,0,67,64,1,1,0
93,0,1,0,1,43,62,1,1,0
93,0,1,0,0,56,59,1,1,0
93,0,0,1,1,70,79,1,1,0
93,0,0,0,0,59,67,1,1,0
93,0,0,0,1,50,61,1,1,0
93,0,0,1,1,44,70,1,1,0
93,0,1,1,0,54,65,1,1,0
93,0,1,1,1,63,59,1,1,0
93,0,0,0,1,51,59,1,1,0
93,0,1,0,1,61,71,1,1,0
93,0,0,0,0,44,61,1,1,0
93,0,0,1,0,62,65,1,1,0
93,0,1,1,1,56,56,1,1,0
93,0,0,0,1,48,69,1,1,0
93,0,0,1,0,74,72,1,1,0
93,0,1,0,0,56,66,1,1,0
93,0,0,1,1,60,63,1,1,0
93,0,1,0,1,72,80,1,1,0
93,0,1,1,1,56,60,1,1,0
93,0,0,1,1,61,65,1,1,0
93,0,1,0,0,44,58,1,1,0
93,0,0,1,0,60,65,1,1,0
94,1,1,0,1,53,81,2,1,0
94,1,1,0,0,52,73,2,1,0
94,1,1,1,0,60,88,2,1,0
94,1,1,0,0,59,71,2,1,0
94,1,1,0,0,59,70,2,1,0
94,1,1,0,0,65,80,2,1,0
94,1,1,0,0,71,80,2,1,0
94,1,1,0,1,69,71,2,1,0
94,1,1,0,0,62,78,2,1,0
94,1,1,1,1,52,63,2,1,0
94,1,1,0,0,61,73,2,1,0
94,1,1,0,0,68,78,2,1,0
94,1,1,1,0,73,83,2,1,0
94,1,1,0,0,68,80,2,1,0
94,1,1,0,0,68,85,2,1,0
94,1,1,0,0,64,70,2,1,0
94,1,1,0,0,58,73,2,1,0
94,1,1,1,1,59,75,2,1,0
94,1,1,0,0,57,80,2,1,0
94,1,1,0,0,53,79,2,1,0
94,1,1,0,0,66,79,2,1,0
94,1,1,0,0,60,71,2,1,0
94,1,1,0,0,76,84,2,1,0
94,1,1,0,0,61,69,2,1,0
94,1,1,0,0,51,70,2,1,0
94,1,1,0,0,58,77,2,1,0
94,1,1,0,1,65,82,2,1,0
94,1,1,0,1,59,79,2,1,0
94,1,1,0,0,63,83,2,1,0
94,1,1,0,0,67,80,2,1,0
94,1,1,0,0,72,71,2,1,0
94,1,1,0,0,55,81,2,1,0
94,1,1,0,0,59,80,2,1,0
94,1,1,1,0,56,64,2,1,0
94,1,1,0,0,63,82,2,1,0
94,1,1,0,1,61,77,2,1,0
94,1,1,0,0,62,82,2,1,0
94,1,1,0,1,67,73,2,1,0
94,1,1,0,0,61,78,2,1,0
94,1,1,1,1,64,78,2,1,0
94,1,1,0,0,62,86,2,1,0
94,1,1,1,0,64,70,2,1,0
94,1,1,1,0,55,66,2,1,0
94,1,1,1,0,65,82,2,1,0
94,1,1,0,0,65,75,2,1,0
94,1,1,0,0,55,79,2,1,0
94,1,1,0,0,63,77,2,1,0
94,1,1,0,0,70,77,2,1,0
94,1,1,0,0,64,78,2,1,0
94,1,1,0,0,66,75,2,1,0
94,1,1,0,0,57,76,2,1,0
94,1,1,0,0,57,81,2,1,0
94,1,1,0,1,56,81,2,1,0
94,1,1,0,0,66,78,2,1,0
94,1,1,0,0,59,69,2,1,0
94,1,1,0,0,71,85,2,1,0
94,1,1,0,0,70,78,2,1,0
94,1,1,0,0,63,83,2,1,0
94,1,1,0,0,55,69,2,1,0
94,1,1,1,0,50,77,2,1,0
94,1,1,0,0,53,68,2,1,0
94,1,1,0,0,71,79,2,1,0
94,1,1,0,0,63,81,2,1,0
95,0,1,1,1,40,29,2,1,0
95,0,1,0,0,63,66,2,1,0
95,0,1,0,0,60,72,2,1,0
95,0,1,0,1,37,50,2,1,0
95,0,1,1,0,38,34,2,1,0
95,0,0,0,1,66,67,2,1,0
95,0,0,0,1,47,52,2,1,0
95,0,1,1,1,51,56,2,1,0
95,0,1,0,0,48,44,2,1,0
95,0,1,0,0,56,61,2,1,0
95,0,0,1,0,43,45,2,1,0
95,0,1,0,0,55,59,2,1,0
95,0,1,1,1,40,54,2,1,0
95,0,0,0,1,57,54,2,1,0
95,0,0,0,0,44,46,2,1,0
95,0,1,0,1,46,54,2,1,0
95,0,0,0,0,36,33,2,1,0
95,0,0,1,0,45,54,2,1,0
95,0,1,0,1,47,46,2,1,0
95,0,1,0,1,69,82,2,1,0
95,0,0,1,0,51,57,2,1,0
95,0,1,1,1,54,50,2,1,0
95,0,1,0,1,42,41,2,1,0
95,0,1,1,0,50,56,2,1,0
95,0,1,1,1,53,60,2,1,0
95,0,1,1,0,34,34,2,1,0
95,0,0,0,1,50,44,2,1,0
95,0,1,0,0,61,71,2,1,0
95,0,1,1,0,43,40,2,1,0
95,0,1,0,0,39,41,2,1,0
95,0,1,0,0,53,63,2,1,0
95,0,0,1,1,55,63,2,1,0
95,0,0,0,1,53,52,2,1,0
95,0,1,1,1,58,69,2,1,0
95,0,0,0,1,62,52,2,1,0
95,0,1,1,1,48,48,2,1,0
95,0,1,0,1,54,55,2,1,0
95,0,1,0,1,35,39,2,1,0
95,0,1,0,1,45,44,2,1,0
95,0,1,1,1,51,54,2,1,0
95,0,0,0,1,39,38,2,1,0
95,0,0,1,0,53,63,2,1,0
95,0,1,1,1,57,60,2,1,0
95,0,0,0,1,70,87,2,1,0
95,0,1,1,1,41,37,2,1,0
95,0,1,0,1,55,65,2,1,0
95,0,1,1,0,45,49,2,1,0
95,0,1,0,0,40,39,2,1,0
95,0,1,0,1,53,61,2,1,0
95,0,1,0,1,53,53,2,1,0
95,0,0,1,1,49,58,2,1,0
95,0,0,0,0,48,45,2,1,0
95,0,0,0,0,72,74,2,1,0
95,0,0,1,1,52,48,2,1,0
95,0,1,1,0,60,67,2,1,0
95,0,1,0,0,55,63,2,1,0
95,0,1,0,0,52,57,2,1,0
95,0,0,1,1,63,65,2,1,0
95,0,1,0,1,39,44,2,1,0
95,0,1,1,1,64,78,2,1,0
95,0,0,0,0,64,67,2,1,0
95,0,0,0,1,63,68,2,1,0
95,0,1,0,0,47,37,2,1,0
95,0,0,0,1,51,55,2,1,0
95,0,0,1,0,40,42,2,1,0
95,0,1,1,1,49,48,2,1,0
95,0,1,0,1,43,40,2,1,0
95,0,0,0,1,55,61,2,1,0
95,0,1,0,1,43,47,2,1,0
95,0,1,1,0,68,71,2,1,0
95,0,1,1,1,42,47,2,1,0
95,0,1,1,1,49,48,2,1,0
96,0,0,0,0,56,59,2,1,0
96,0,0,0,0,64,61,2,1,0
96,0,0,0,1,49,51,2,1,0
96,0,1,0,0,64,71,2,1,0
96,0,1,0,1,52,55,2,1,0
96,0,1,0,0,62,63,2,1,0
96,0,1,1,1,57,62,2,1,0
96,0,0,1,0,61,67,2,1,0
96,0,0,1,1,64,64,2,1,0
96,0,1,0,0,60,65,2,1,0
96,0,1,0,0,57,60,2,1,0
96,0,0,0,1,52,58,2,1,0
96,0,0,0,0,62,63,2,1,0
96,0,0,0,1,62,71,2,1,0
96,0,1,0,1,57,64,2,1,0
96,0,1,1,0,67,73,2,1,0
96,0,1,0,0,59,70,2,1,0
96,0,1,0,1,52,56,2,1,0
96,0,1,1,0,52,56,2,1,0
96,0,0,0,0,53,55,2,1,0
96,0,0,0,0,58,60,2,1,0
96,0,0,0,0,61,65,2,1,0
96,0,1,0,0,52,56,2,1,0
96,0,0,0,0,60,57,2,1,0
96,0,0,0,1,60,63,2,1,0
96,0,0,1,1,54,60,2,1,0
96,0,1,0,1,52,55,2,1,0
96,0,1,0,0,60,59,2,1,0
96,0,0,0,1,41,46,2,1,0
96,0,0,0,1,59,61,2,1,0
96,0,0,0,1,53,58,2,1,0
96,0,1,1,1,47,49,2,1,0
96,0,1,0,0,51,53,2,1,0
96,0,0,0,1,43,40,2,1,0
96,0,1,0,0,45,47,2,1,0
96,0,0,0,0,46,51,2,1,0
96,0,1,0,1,47,48,2,1,0
96,0,1,0,0,69,77,2,1,0
96,0,1,0,0,62,74,2,1,0
96,0,1,1,0,62,70,2,1,0
96,0,1,0,0,52,54,2,1,0
96,0,1,0,0,58,55,2,1,0
96,0,0,0,1,66,68,2,1,0
96,0,1,1,0,64,73,2,1,0
96,0,1,1,1,50,53,2,1,0
96,0,0,0,1,53,50,2,1,0
96,0,0,0,0,68,63,2,1,0
96,0,0,0,0,54,54,2,1,0
96,0,0,0,0,57,56,2,1,0
96,0,1,0,1,56,56,2,1,0
96,0,0,0,0,64,67,2,1,0
96,0,0,0,1,56,60,2,1,0
96,0,1,0,1,55,61,2,1,0
96,0,1,0,0,53,51,2,1,0
96,0,1,0,0,42,42,2,1,0
96,0,0,0,0,59,62,2,1,0
96,0,0,0,0,51,57,2,1,0
96,0,0,0,1,57,61,2,1,0
96,0,0,1,1,43,43,2,1,0
96,0,1,0,1,61,64,2,1,0
96,0,0,0,0,50,53,2,1,0
96,0,1,0,0,65,72,2,1,0
96,0,0,0,1,51,57,2,1,0
96,0,0,0,1,60,63,2,1,0
96,0,0,1,1,50,47,2,1,0
96,0,1,0,0,61,70,2,1,0
96,0,1,0,1,61,62,2,1,0
96,0,1,0,0,55,62,2,1,0
96,0,1,0,0,45,52,2,1,0
96,0,0,0,0,66,68,2,1,0
96,0,1,0,0,58,51,2,1,0
96,0,0,1,1,49,52,2,1,0
96,0,0,0,1,46,52,2,1,0
96,0,0,0,1,65,70,2,1,0
96,0,1,1,1,45,47,2,1,0
96,0,1,0,1,55,62,2,1,0
96,0,1,0,0,64,73,2,1,0
96,0,1,0,0,65,74,2,1,0
96,0,1,0,1,61,64,2,1,0
96,0,1,0,1,48,54,2,1,0
96,0,0,0,0,61,65,2,1,0
96,0,1,0,0,52,55,2,1,0
96,0,0,0,1,52,54,2,1,0
96,0,1,0,0,69,75,2,1,0
96,0,0,1,0,52,60,2,1,0
96,0,0,1,1,48,50,2,1,0
96,0,0,0,1,62,65,2,1,0
96,0,0,1,0,58,62,2,1,0
96,0,0,0,0,61,57,2,1,0
96,0,0,1,1,62,72,2,1,0
96,0,0,0,0,72,78,2,1,0
96,0,1,0,0,45,45,2,1,0
96,0,1,0,0,70,78,2,1,0
96,0,0,1,0,55,60,2,1,0
96,0,1,0,1,54,55,2,1,0
96,0,0,0,1,41,46,2,1,0
96,0,0,0,0,78,82,2,1,0
96,0,0,0,0,70,70,2,1,0
96,0,1,0,0,62,68,2,1,0
96,0,1,1,0,56,59,2,1,0
96,0,0,0,0,65,67,2,1,0
96,0,1,0,1,58,55,2,1,0
96,0,0,1,1,60,67,2,1,0
96,0,0,0,1,37,41,2,1,0
96,0,0,0,1,51,57,2,1,0
96,0,0,0,0,58,62,2,1,0
96,0,1,1,1,57,58,2,1,0
96,0,0,0,0,63,72,2,1,0
96,0,1,1,0,58,70,2,1,0
96,0,0,0,0,71,78,2,1,0
96,0,0,0,0,69,74,2,1,0
96,0,0,0,0,54,61,2,1,0
96,0,1,1,0,65,65,2,1,0
96,0,0,0,1,61,65,2,1,0
96,0,0,0,1,55,59,2,1,0
96,0,0,1,1,53,52,2,1,0
96,0,1,1,0,62,72,2,1,0
96,0,1,0,0,43,51,2,1,0
96,0,0,0,0,62,56,2,1,0
96,0,1,0,0,52,52,2,1,0
96,0,1,0,0,45,45,2,1,0
96,0,1,0,0,58,63,2,1,0
96,0,1,0,0,50,51,2,1,0
96,0,0,1,0,60,58,2,1,0
96,0,1,0,0,54,64,2,1,0
96,0,1,0,0,54,54,2,1,0
96,0,1,0,0,57,63,2,1,0
96,0,1,1,1,67,73,2,1,0
96,0,0,1,0,53,50,2,1,0
96,0,1,1,1,54,59,2,1,0
96,0,1,0,0,50,48,2,1,0
96,0,0,1,1,49,51,2,1,0
97,1,1,0,0,89,96,2,1,0
97,1,1,1,0,49,56,2,1,0
97,1,1,0,0,60,69,2,1,0
97,1,1,0,1,68,74,2,1,0
97,1,0,0,1,58,68,2,1,0
97,1,0,0,1,62,71,2,1,0
97,1,1,0,0,65,69,2,1,0
97,1,1,0,1,69,75,2,1,0
97,1,0,1,1,70,75,2,1,0
97,1,1,1,0,43,49,2,1,0
97,1,0,1,1,39,51,2,1,0
97,1,1,1,1,50,63,2,1,0
97,1,1,0,1,64,69,2,1,0
97,1,1,1,1,31,40,2,1,0
97,1,0,0,1,54,66,2,1,0
97,1,1,1,0,44,57,2,1,0
97,1,0,1,1,54,67,2,1,0
97,1,1,0,1,61,68,2,1,0
97,1,0,0,0,65,75,2,1,0
97,1,0,1,0,54,62,2,1,0
97,1,1,1,0,53,55,2,1,0
97,1,0,0,1,76,82,2,1,0
97,1,0,0,0,55,63,2,1,0
97,1,0,0,1,64,70,2,1,0
97,1,0,0,1,67,76,2,1,0
97,1,1,1,1,39,53,2,1,0
97,1,1,1,0,72,79,2,1,0
97,1,0,1,1,35,48,2,1,0
97,1,1,0,1,53,59,2,1,0
97,1,0,0,1,69,84,2,1,0
97,1,1,0,0,40,48,2,1,0
97,1,0,0,1,55,66,2,1,0
97,1,1,0,1,61,68,2,1,0
97,1,1,1,0,51,60,2,1,0
97,1,0,1,1,55,67,2,1,0
97,1,1,0,1,53,59,2,1,0
97,1,0,1,0,61,71,2,1,0
97,1,0,1,1,63,75,2,1,0
97,1,0,1,0,57,67,2,1,0
97,1,0,1,0,57,65,2,1,0
97,1,0,0,0,76,80,2,1,0
97,1,1,0,1,60,68,2,1,0
97,1,0,1,1,57,69,2,1,0
97,1,1,0,0,73,81,2,1,0
97,1,1,0,1,55,64,2,1,0
97,1,0,1,1,51,57,2,1,0
97,1,1,1,0,51,62,2,1,0
97,1,1,0,1,41,50,2,1,0
97,1,1,1,1,39,47,2,1,0
97,1,0,1,1,76,82,2,1,0
97,1,0,0,1,59,68,2,1,0
97,1,1,1,0,53,63,2,1,0
98,0,0,0,1,49,52,2,1,0
98,0,1,0,0,69,68,2,1,0
98,0,0,0,1,60,57,2,1,0
98,0,0,0,1,55,56,2,1,0
98,0,1,0,1,70,72,2,1,0
98,0,1,0,0,53,56,2,1,0
98,0,1,0,1,34,33,2,1,0
98,0,0,0,0,80,82,2,1,0
98,0,1,0,1,64,66,2,1,0
98,0,0,0,1,48,45,2,1,0
98,0,1,0,1,63,72,2,1,0
98,0,0,1,0,65,69,2,1,0
98,0,0,0,1,48,52,2,1,0
98,0,1,0,0,48,50,2,1,0
98,0,0,0,1,55,61,2,1,0
98,0,1,0,0,60,68,2,1,0
98,0,1,0,0,56,57,2,1,0
98,0,0,0,1,59,70,2,1,0
98,0,0,0,1,41,39,2,1,0
98,0,1,0,0,61,61,2,1,0
98,0,0,0,0,74,72,2,1,0
98,0,0,0,1,64,66,2,1,0
98,0,0,0,0,54,53,2,1,0
98,0,1,0,0,56,61,2,1,0
98,0,0,0,1,63,66,2,1,0
98,0,0,0,1,54,61,2,1,0
98,0,0,0,1,72,72,2,1,0
98,0,1,0,1,48,54,2,1,0
98,0,1,0,1,53,62,2,1,0
98,0,1,0,1,38,46,2,1,0
98,0,0,0,0,69,83,2,1,0
98,0,1,0,1,36,34,2,1,0
98,0,1,1,0,63,74,2,1,0
98,0,0,0,0,57,51,2,1,0
98,0,1,0,0,47,45,2,1,0
98,0,1,1,1,50,58,2,1,0
98,0,1,0,1,50,58,2,1,0
98,0,1,0,1,48,45,2,1,0
98,0,1,0,1,49,56,2,1,0
98,0,1,0,1,56,60,2,1,0
98,0,0,0,1,64,66,2,1,0
98,0,1,0,1,65,60,2,1,0
98,0,0,0,1,72,75,2,1,0
98,0,1,0,1,47,54,2,1,0
98,0,1,0,1,71,78,2,1,0
98,0,0,0,0,67,68,2,1,0
98,0,0,0,1,53,54,2,1,0
98,0,0,1,0,64,73,2,1,0
98,0,1,0,1,53,54,2,1,0
98,0,1,0,1,58,56,2,1,0
98,0,0,0,1,58,60,2,1,0
98,0,1,1,0,69,69,2,1,0
98,0,1,1,1,52,55,2,1,0
98,0,0,0,1,64,63,2,1,0
98,0,1,0,1,56,57,2,1,0
98,0,0,0,1,67,71,2,1,0
98,0,1,0,0,62,60,2,1,0
98,0,1,0,1,53,50,2,1,0
98,0,0,0,1,54,56,2,1,0
98,0,1,1,1,66,60,2,1,0
98,0,1,0,1,61,60,2,1,0
98,0,1,1,1,67,67,2,1,0
98,0,1,0,1,47,61,2,1,0
98,0,0,1,0,59,62,2,1,0
98,0,0,1,1,72,67,2,1,0
98,0,1,0,1,65,61,2,1,0
98,0,0,0,1,55,65,2,1,0
98,0,1,0,0,58,59,2,1,0
98,0,0,0,1,60,67,2,1,0
98,0,0,0,0,72,77,2,1,0
98,0,0,1,1,63,68,2,1,0
98,0,1,0,1,52,55,2,1,0
98,0,1,0,1,55,59,2,1,0
98,0,0,0,0,48,48,2,1,0
98,0,0,0,0,59,62,2,1,0
98,0,0,0,0,64,69,2,1,0
98,0,0,0,0,63,62,2,1,0
98,0,0,1,0,73,79,2,1,0
99,1,0,0,1,61,70,2,1,0
99,1,1,0,1,54,63,2,1,0
99,1,0,0,1,60,75,2,1,0
99,1,0,0,0,74,95,2,1,0
99,1,1,0,1,52,55,2,1,0
99,1,0,0,1,51,57,2,1,0
99,1,1,0,1,63,74,2,1,0
99,1,1,0,1,62,72,2,1,0
99,1,0,1,1,60,77,2,1,0
99,1,1,0,0,69,74,2,1,0
99,1,1,0,0,72,81,2,1,0
99,1,1,0,0,64,68,2,1,0
99,1,0,0,1,59,72,2,1,0
99,1,1,0,0,52,63,2,1,0
99,1,1,0,1,64,77,2,1,0
99,1,1,0,1,52,61,2,1,0
99,1,1,0,0,72,80,2,1,0
99,1,1,0,0,62,73,2,1,0
99,1,0,0,1,68,72,2,1,0
99,1,1,0,0,63,61,2,1,0
99,1,0,0,0,74,92,2,1,0
99,1,0,0,0,55,67,2,1,0
99,1,1,0,0,58,76,2,1,0
99,1,1,0,0,60,71,2,1,0
99,1,1,0,1,54,65,2,1,0
99,1,0,0,1,50,61,2,1,0
99,1,1,0,1,56,67,2,1,0
99,1,1,0,0,65,78,2,1,0
99,1,0,0,1,75,91,2,1,0
99,1,0,0,0,57,62,2,1,0
99,1,0,0,0,48,46,2,1,0
99,1,1,0,1,64,73,2,1,0
99,1,1,0,1,59,68,2,1,0
99,1,1,0,0,51,59,2,1,0
99,1,1,0,0,48,57,2,1,0
99,1,1,0,0,68,80,2,1,0
99,1,1,0,0,64,73,2,1,0
99,1,0,0,0,64,77,2,1,0
99,1,0,0,1,48,61,2,1,0
99,1,0,0,0,62,76,2,1,0
99,1,1,0,0,51,53,2,1,0
99,1,1,0,1,62,68,2,1,0
99,1,0,0,0,72,84,2,1,0
99,1,0,0,1,67,77,2,1,0
99,1,0,0,1,64,75,2,1,0
99,1,1,0,0,70,86,2,1,0
99,1,0,0,0,72,79,2,1,0
99,1,1,0,1,44,61,2,1,0
100,1,0,0,1,60,78,3,1,0
100,1,1,1,1,68,81,3,1,0
100,1,1,0,0,63,72,3,1,0
100,1,1,0,0,54,63,3,1,0
100,1,1,1,1,52,59,3,1,0
100,1,0,1,0,51,59,3,1,0
100,1,0,0,1,66,77,3,1,0
100,1,0,0,0,52,73,3,1,0
100,1,0,0,0,56,65,3,1,0
100,1,0,0,1,52,64,3,1,0
100,1,1,0,1,54,76,3,1,0
100,1,1,1,1,57,81,3,1,0
100,1,1,0,0,46,56,3,1,0
100,1,0,1,1,54,63,3,1,0
100,1,0,0,1,71,83,3,1,0
100,1,1,1,1,56,62,3,1,0
100,1,1,0,0,59,67,3,1,0
100,1,1,1,1,60,84,3,1,0
100,1,0,0,1,62,68,3,1,0
100,1,0,0,0,67,87,3,1,0
100,1,1,0,1,58,63,3,1,0
100,1,0,0,1,51,63,3,1,0
100,1,1,0,1,58,67,3,1,0
100,1,0,1,1,56,75,3,1,0
100,1,0,0,0,59,63,3,1,0
100,1,0,1,1,74,84,3,1,0
100,1,0,0,0,66,84,3,1,0
100,1,0,0,1,60,67,3,1,0
100,1,0,0,0,50,66,3,1,0
100,1,1,1,0,57,63,3,1,0
100,1,0,0,0,54,66,3,1,0
100,1,0,0,0,66,78,3,1,0
100,1,1,0,1,67,81,3,1,0
100,1,1,0,0,58,65,3,1,0
100,1,0,0,0,55,61,3,1,0
100,1,0,0,0,62,64,3,1,0
100,1,0,0,1,58,70,3,1,0
100,1,0,0,1,67,72,3,1,0
100,1,1,0,1,61,74,3,1,0
100,1,1,0,1,55,59,3,1,0
100,1,1,0,1,51,66,3,1,0
100,1,1,0,0,55,73,3,1,0
100,1,0,1,1,65,86,3,1,0
100,1,0,0,0,62,77,3,1,0
100,1,1,0,0,72,82,3,1,0
100,1,0,0,0,69,81,3,1,0
100,1,1,0,1,68,81,3,1,0
100,1,0,0,0,48,58,3,1,0
100,1,1,0,0,62,78,3,1,0
100,1,0,1,1,58,74,3,1,0
100,1,1,0,0,57,67,3,1,0
100,1,1,0,0,53,68,3,1,0
100,1,1,0,0,64,78,3,1,0
100,1,0,0,1,56,71,3,1,0
101,1,0,0,0,68,74,3,1,0
101,1,0,0,0,51,59,3,1,0
101,1,0,0,0,75,81,3,1,0
101,1,0,1,0,70,77,3,1,0
101,1,1,0,0,62,75,3,1,0
101,1,1,0,0,56,71,3,1,0
101,1,1,0,0,53,67,3,1,0
101,1,1,0,0,58,67,3,1,0
101,1,1,0,1,51,65,3,1,0
101,1,0,0,0,61,69,3,1,0
101,1,1,0,1,66,77,3,1,0
101,1,0,0,1,60,63,3,1,0
101,1,1,0,1,75,82,3,1,0
101,1,1,0,0,76,80,3,1,0
101,1,0,1,0,73,85,3,1,0
101,1,0,0,1,63,73,3,1,0
101,1,0,0,0,73,80,3,1,0
101,1,0,0,0,65,72,3,1,0
101,1,0,0,0,54,64,3,1,0
101,1,1,1,0,71,81,3,1,0
101,1,0,0,0,63,70,3,1,0
101,1,0,0,0,67,72,3,1,0
101,1,0,0,0,80,83,3,1,0
101,1,1,0,0,66,76,3,1,0
101,1,0,0,0,64,65,3,1,0
101,1,0,0,0,63,75,3,1,0
101,1,1,0,1,67,72,3,1,0
101,1,1,0,0,71,83,3,1,0
101,1,1,0,1,61,72,3,1,0
101,1,0,0,0,74,81,3,1,0
101,1,1,0,0,70,76,3,1,0
101,1,0,0,0,67,80,3,1,0
101,1,1,0,0,59,67,3,1,0
101,1,0,0,0,72,81,3,1,0
101,1,1,0,0,57,63,3,1,0
101,1,0,0,0,71,78,3,1,0
101,1,0,0,0,66,71,3,1,0
101,1,1,1,1,58,69,3,1,0
101,1,0,1,0,64,74,3,1,0
101,1,0,0,0,66,71,3,1,0
101,1,0,0,0,68,74,3,1,0
101,1,1,0,0,63,73,3,1,0
102,0,1,1,0,67,72,3,1,0
102,0,1,0,0,63,72,3,1,0
102,0,0,1,0,62,63,3,1,0
102,0,0,0,0,67,70,3,1,0
102,0,0,1,1,66,73,3,1,0
102,0,0,0,0,58,67,3,1,0
102,0,0,0,0,72,81,3,1,0
102,0,1,0,0,61,65,3,1,0
102,0,1,0,0,61,65,3,1,0
102,0,0,0,0,62,69,3,1,0
102,0,1,0,0,66,68,3,1,0
102,0,0,0,0,67,71,3,1,0
102,0,0,0,0,65,66,3,1,0
102,0,1,0,0,76,76,3,1,0
102,0,1,1,1,77,79,3,1,0
102,0,1,1,0,66,68,3,1,0
102,0,1,1,0,65,67,3,1,0
102,0,1,0,1,58,69,3,1,0
102,0,1,0,1,63,73,3,1,0
102,0,1,0,0,55,63,3,1,0
102,0,1,0,1,76,83,3,1,0
102,0,0,1,1,59,67,3,1,0
102,0,1,0,0,62,68,3,1,0
102,0,0,0,0,65,71,3,1,0
102,0,0,0,0,63,74,3,1,0
102,0,1,0,0,71,72,3,1,0
102,0,1,0,0,62,66,3,1,0
102,0,0,1,0,68,69,3,1,0
102,0,1,0,0,66,75,3,1,0
102,0,0,0,0,65,68,3,1,0
102,0,1,0,1,63,69,3,1,0
102,0,1,1,0,72,74,3,1,0
102,0,0,1,0,67,72,3,1,0
102,0,0,0,0,52,59,3,1,0
102,0,1,0,0,61,66,3,1,0
102,0,1,0,1,61,70,3,1,0
102,0,1,0,0,57,61,3,1,0
102,0,0,0,0,62,63,3,1,0
102,0,1,1,0,63,73,3,1,0
102,0,1,1,0,67,75,3,1,0
102,0,1,0,1,57,67,3,1,0
102,0,0,0,0,64,72,3,1,0
102,0,0,1,0,69,70,3,1,0
102,0,0,1,0,65,71,3,1,0
102,0,1,0,0,55,59,3,1,0
102,0,1,0,0,62,59,3,1,0
102,0,0,0,1,68,74,3,1,0
102,0,0,0,1,68,73,3,1,0
102,0,1,0,1,62,68,3,1,0
102,0,0,0,0,66,70,3,1,0
102,0,0,0,0,63,66,3,1,0
102,0,1,1,0,59,62,3,1,0
102,0,0,0,0,64,70,3,1,0
102,0,0,0,0,60,64,3,1,0
102,0,0,0,1,65,71,3,1,0
102,0,1,0,0,55,59,3,1,0
102,0,1,0,1,60,66,3,1,0
102,0,1,0,0,73,76,3,1,0
102,0,1,0,0,64,72,3,1,0
102,0,1,0,0,74,76,3,1,0
102,0,1,1,0,74,77,3,1,0
102,0,0,0,0,60,68,3,1,0
102,0,1,0,0,65,73,3,1,0
102,0,1,0,0,68,72,3,1,0
102,0,0,1,0,64,69,3,1,0
102,0,0,0,0,66,71,3,1,0
102,0,0,0,0,66,70,3,1,0
102,0,0,0,0,60,65,3,1,0
102,0,0,0,0,56,59,3,1,0
102,0,0,1,0,67,73,3,1,0
102,0,0,1,0,63,74,3,1,0
102,0,1,0,0,56,63,3,1,0
102,0,0,0,0,61,70,3,1,0
102,0,1,1,0,67,75,3,1,0
102,0,1,0,0,50,61,3,1,0
102,0,1,0,1,52,62,3,1,0
102,0,1,1,0,67,70,3,1,0
102,0,1,0,0,58,66,3,1,0
102,0,0,0,1,61,71,3,1,0
102,0,0,0,0,56,66,3,1,0
102,0,1,0,0,63,69,3,1,0
102,0,1,0,0,59,67,3,1,0
102,0,1,1,0,61,70,3,1,0
102,0,0,0,0,59,68,3,1,0
102,0,1,1,0,72,78,3,1,0
102,0,1,0,0,71,75,3,1,0
102,0,1,0,0,64,69,3,1,0
102,0,0,0,0,64,70,3,1,0
102,0,1,0,1,53,60,3,1,0
102,0,1,0,0,66,73,3,1,0
102,0,1,0,1,63,66,3,1,0
102,0,0,1,0,64,68,3,1,0
103,1,0,0,0,77,85,3,1,0
103,1,1,0,0,64,77,3,1,0
103,1,1,0,0,68,82,3,1,0
103,1,1,0,0,66,79,3,1,0
103,1,1,1,0,65,76,3,1,0
103,1,1,0,0,65,76,3,1,0
103,1,0,0,0,65,74,3,1,0
103,1,1,0,0,67,81,3,1,0
103,1,0,0,0,66,80,3,1,0
103,1,0,0,0,75,86,3,1,0
103,1,0,0,0,66,79,3,1,0
103,1,1,0,0,68,82,3,1,0
103,1,1,0,0,65,73,3,1,0
103,1,0,1,0,68,78,3,1,0
103,1,1,0,0,59,72,3,1,0
103,1,0,0,0,75,83,3,1,0
103,1,1,0,0,80,88,3,1,0
103,1,1,0,0,65,78,3,1,0
103,1,1,0,0,68,80,3,1,0
103,1,1,0,0,70,85,3,1,0
103,1,0,0,0,59,69,3,1,0
103,1,1,0,0,71,81,3,1,0
103,1,1,0,0,58,66,3,1,0
103,1,1,0,0,67,73,3,1,0
103,1,1,0,0,66,79,3,1,0
103,1,1,0,0,73,77,3,1,0
103,1,0,0,0,65,77,3,1,0
103,1,0,0,0,51,64,3,1,0
103,1,0,0,0,70,82,3,1,0
103,1,1,1,0,67,79,3,1,0
103,1,1,1,0,69,78,3,1,0
103,1,0,1,0,74,83,3,1,0
103,1,0,0,0,61,78,3,1,0
103,1,1,0,0,68,79,3,1,0
103,1,0,0,0,56,66,3,1,0
103,1,1,0,0,62,76,3,1,0
103,1,1,0,0,80,93,3,1,0
103,1,0,0,0,77,89,3,1,0
103,1,0,1,0,58,68,3,1,0
103,1,1,0,0,67,76,3,1,0
103,1,0,1,0,72,78,3,1,0
103,1,0,0,0,70,83,3,1,0
103,1,0,0,0,60,70,3,1,0
103,1,0,0,0,65,81,3,1,0
103,1,0,0,0,60,77,3,1,0
103,1,0,0,0,68,78,3,1,0
103,1,1,0,0,61,78,3,1,0
103,1,0,1,0,60,81,3,1,0
103,1,1,0,0,63,80,3,1,0
103,1,1,0,0,81,89,3,1,0
104,1,1,1,1,62,73,3,1,0
104,1,0,0,0,64,67,3,1,0
104,1,1,0,0,64,69,3,1,0
104,1,0,0,0,64,74,3,1,0
104,1,0,0,0,58,73,3,1,0
104,1,1,0,1,55,71,3,1,0
104,1,1,0,0,66,86,3,1,0
104,1,1,0,0,74,77,3,1,0
104,1,1,1,1,56,70,3,1,0
104,1,1,0,1,53,61,3,1,0
104,1,0,0,0,66,75,3,1,0
104,1,1,0,0,47,63,3,1,0
104,1,1,1,1,59,72,3,1,0
104,1,1,1,0,62,72,3,1,0
104,1,1,1,1,52,62,3,1,0
104,1,1,0,1,65,68,3,1,0
104,1,0,0,1,64,74,3,1,0
104,1,1,0,0,69,85,3,1,0
104,1,0,0,0,54,67,3,1,0
104,1,1,1,1,53,70,3,1,0
104,1,1,0,0,55,70,3,1,0
104,1,1,0,0,62,73,3,1,0
104,1,0,0,0,65,80,3,1,0
104,1,1,0,0,58,72,3,1,0
104,1,1,0,0,73,89,3,1,0
104,1,1,0,0,68,68,3,1,0
104,1,1,0,0,67,77,3,1,0
104,1,1,1,0,62,80,3,1,0
104,1,1,0,0,74,76,3,1,0
104,1,0,0,1,67,79,3,1,0
104,1,1,1,1,62,83,3,1,0
104,1,1,0,1,62,76,3,1,0
104,1,1,1,0,56,60,3,1,0
104,1,0,0,0,61,69,3,1,0
104,1,1,0,0,73,86,3,1,0
104,1,1,0,1,69,82,3,1,0
104,1,1,0,1,62,74,3,1,0
104,1,1,1,1,64,74,3,1,0
104,1,0,0,1,65,69,3,1,0
104,1,0,0,0,66,75,3,1,0
104,1,0,0,1,75,90,3,1,0
104,1,1,0,0,64,73,3,1,0
104,1,1,0,1,62,70,3,1,0
104,1,0,0,0,70,76,3,1,0
104,1,1,0,0,55,64,3,1,0
104,1,0,0,0,59,70,3,1,0
104,1,1,0,0,57,67,3,1,0
104,1,0,1,0,49,60,3,1,0
104,1,0,0,0,62,71,3,1,0
104,1,1,0,1,58,64,3,1,0
104,1,1,0,1,66,74,3,1,0
104,1,1,0,1,68,82,3,1,0
104,1,0,0,0,68,80,3,1,0
104,1,1,0,0,63,76,3,1,0
104,1,1,0,0,60,68,3,1,0
104,1,0,0,0,59,69,3,1,0
104,1,1,0,1,67,73,3,1,0
104,1,0,0,0,58,63,3,1,0
104,1,1,0,0,56,69,3,1,0
104,1,0,0,0,42,55,3,1,0
104,1,0,0,1,58,69,3,1,0
104,1,0,1,0,63,70,3,1,0
104,1,0,1,0,58,74,3,1,0
104,1,1,1,1,54,63,3,1,0
104,1,1,1,1,54,69,3,1,0
104,1,0,0,0,60,82,3,1,0
104,1,1,0,0,62,71,3,1,0
104,1,0,0,1,71,76,3,1,0
104,1,1,0,0,61,70,3,1,0
104,1,1,1,0,56,63,3,1,0
104,1,1,1,0,64,81,3,1,0
104,1,0,0,0,53,68,3,1,0
104,1,1,0,1,56,67,3,1,0
104,1,0,0,0,56,67,3,1,0
104,1,1,0,1,64,71,3,1,0
104,1,0,1,0,64,71,3,1,0
104,1,0,0,0,68,70,3,1,0
104,1,1,0,0,52,61,3,1,0
104,1,1,1,1,57,70,3,1,0
104,1,1,1,0,58,74,3,1,0
104,1,1,0,1,55,74,3,1,0
105,0,0,0,1,45,54,3,1,0
105,0,0,0,1,49,48,3,1,0
105,0,1,1,0,60,68,3,1,0
105,0,1,0,1,60,70,3,1,0
105,0,1,0,0,70,67,3,1,0
105,0,0,0,1,61,61,3,1,0
105,0,0,0,1,51,66,3,1,0
105,0,1,0,0,48,57,3,1,0
105,0,0,1,1,41,43,3,1,0
105,0,0,0,1,49,61,3,1,0
105,0,1,1,0,68,81,3,1,0
105,0,1,1,1,34,46,3,1,0
105,0,1,0,0,54,55,3,1,0
105,0,1,0,0,69,72,3,1,0
105,0,1,0,0,59,66,3,1,0
105,0,0,0,1,61,61,3,1,0
105,0,1,0,0,75,81,3,1,0
105,0,0,0,1,52,55,3,1,0
105,0,0,0,1,68,74,3,1,0
105,0,0,0,1,47,62,3,1,0
105,0,1,1,0,54,63,3,1,0
105,0,1,0,1,59,62,3,1,0
106,1,1,1,1,47,54,3,1,0
106,1,0,0,1,54,61,3,1,0
106,1,0,0,1,66,81,3,1,0
106,1,0,1,1,49,64,3,1,0
106,1,1,1,1,51,62,3,1,0
106,1,1,1,1,45,51,3,1,0
106,1,0,1,1,60,65,3,1,0
106,1,0,0,1,56,61,3,1,0
106,1,1,0,1,56,70,3,1,0
106,1,1,1,0,64,74,3,1,0
106,1,0,0,1,68,80,3,1,0
106,1,0,1,0,55,59,3,1,0
106,1,1,0,1,43,45,3,1,0
106,1,1,1,0,51,61,3,1,0
106,1,1,0,1,56,70,3,1,0
106,1,1,0,1,53,66,3,1,0
106,1,1,1,0,60,70,3,1,0
106,1,1,1,0,61,71,3,1,0
106,1,0,1,1,55,67,3,1,0
106,1,0,0,0,67,75,3,1,0
106,1,0,0,0,66,77,3,1,0
106,1,0,0,1,56,71,3,1,0
106,1,1,1,1,50,55,3,1,0
106,1,0,0,1,66,75,3,1,0
106,1,1,0,1,57,71,3,1,0
106,1,0,0,1,48,59,3,1,0
106,1,1,1,0,56,54,3,1,0
106,1,0,0,1,61,63,3,1,0
106,1,1,0,1,56,66,3,1,0
106,1,1,1,1,61,75,3,1,0
106,1,0,1,1,40,52,3,1,0
106,1,1,0,1,56,66,3,1,0
106,1,0,0,1,59,72,3,1,0
106,1,0,0,0,57,65,3,1,0
106,1,0,0,1,51,62,3,1,0
106,1,0,0,1,59,72,3,1,0
106,1,0,1,1,55,64,3,1,0
106,1,0,0,1,49,53,3,1,0
106,1,1,1,0,48,55,3,1,0
106,1,0,1,0,52,62,3,1,0
106,1,1,0,1,54,57,3,1,0
106,1,1,0,1,53,63,3,1,0
106,1,1,0,0,67,78,3,1,0
106,1,0,1,1,47,54,3,1,0
106,1,1,0,0,57,62,3,1,0
106,1,1,0,1,54,62,3,1,0
106,1,0,1,1,59,69,3,1,0
106,1,1,1,1,51,60,3,1,0
106,1,1,0,1,53,66,3,1,0
106,1,1,0,1,50,63,3,1,0
106,1,0,0,1,60,74,3,1,0
106,1,0,0,1,46,58,3,1,0
106,1,1,1,0,59,72,3,1,0
106,1,0,1,1,63,73,3,1,0
106,1,0,0,0,57,69,3,1,0
106,1,1,1,1,44,51,3,1,0
106,1,1,1,0,49,57,3,1,0
106,1,1,0,0,62,71,3,1,0
106,1,0,0,0,61,79,3,1,0
106,1,1,1,1,60,73,3,1,0
107,1,0,0,0,48,56,3,1,0
107,1,1,0,0,55,61,3,1,0
107,1,1,0,1,45,48,3,1,0
107,1,0,0,0,62,69,3,1,0
107,1,1,0,1,63,61,3,1,0
107,1,0,0,1,61,63,3,1,0
107,1,1,0,1,49,49,3,1,0
107,1,1,0,0,67,79,3,1,0
107,1,1,0,1,64,71,3,1,0
107,1,0,0,1,43,44,3,1,0
107,1,0,0,1,59,51,3,1,0
107,1,1,0,1,50,57,3,1,0
107,1,0,0,0,58,63,3,1,0
107,1,1,0,1,48,52,3,1,0
107,1,1,0,1,48,54,3,1,0
107,1,1,0,1,52,54,3,1,0
107,1,0,0,0,56,55,3,1,0
107,1,1,0,1,48,56,3,1,0
107,1,0,0,1,48,61,3,1,0
107,1,1,0,0,48,52,3,1,0
107,1,1,0,0,51,57,3,1,0
107,1,0,0,1,49,61,3,1,0
107,1,1,0,1,46,55,3,1,0
107,1,1,0,0,58,73,3,1,0
107,1,0,0,1,45,50,3,1,0
107,1,1,0,0,63,61,3,1,0
107,1,1,0,1,55,65,3,1,0
107,1,1,0,1,48,57,3,1,0
107,1,1,0,0,56,63,3,1,0
107,1,1,0,0,52,64,3,1,0
107,1,1,0,0,50,54,3,1,0
107,1,0,0,1,43,48,3,1,0
107,1,1,0,1,32,41,3,1,0
107,1,1,0,1,42,47,3,1,0
107,1,0,0,0,54,60,3,1,0
107,1,0,0,0,56,62,3,1,0
107,1,1,0,1,45,60,3,1,0
107,1,1,0,0,44,56,3,1,0
107,1,0,0,0,55,59,3,1,0
107,1,1,0,1,58,61,3,1,0
107,1,0,0,0,55,65,3,1,0
107,1,1,0,1,42,44,3,1,0
107,1,1,0,0,71,78,3,1,0
107,1,1,0,1,57,72,3,1,0
107,1,1,1,1,58,68,3,1,0
107,1,0,0,1,40,43,3,1,0
107,1,0,0,1,47,52,3,1,0
107,1,0,0,0,47,51,3,1,0
107,1,1,0,0,62,65,3,1,0
107,1,0,0,1,46,52,3,1,0
107,1,0,0,1,53,55,3,1,0
107,1,0,0,1,72,83,3,1,0
107,1,0,0,0,44,55,3,1,0
107,1,1,0,0,69,82,3,1,0
108,1,0,0,0,49,77,3,1,0
108,1,1,0,0,57,62,3,1,0
108,1,1,0,0,57,69,3,1,0
108,1,1,0,0,67,75,3,1,0
108,1,1,0,0,50,57,3,1,0
108,1,1,1,0,63,77,3,1,0
108,1,1,1,1,40,52,3,1,0
108,1,0,0,0,43,50,3,1,0
108,1,1,1,0,42,58,3,1,0
108,1,1,0,0,71,70,3,1,0
108,1,1,0,0,58,72,3,1,0
108,1,0,0,0,68,66,3,1,0
108,1,1,1,0,61,72,3,1,0
108,1,1,0,0,35,43,3,1,0
108,1,1,0,0,48,49,3,1,0
108,1,1,0,0,63,82,3,1,0
108,1,0,0,1,32,44,3,1,0
108,1,0,0,0,50,64,3,1,0
108,1,1,0,0,69,76,3,1,0
108,1,1,0,0,43,65,3,1,0
108,1,0,0,0,40,55,3,1,0
108,1,1,0,0,49,62,3,1,0
108,1,0,0,0,59,61,3,1,0
108,1,0,0,0,49,61,3,1,0
108,1,1,0,0,65,75,3,1,0
108,1,1,0,1,50,67,3,1,0
108,1,1,1,1,35,42,3,1,0
108,1,1,0,0,42,65,3,1,0
108,1,1,0,1,32,45,3,1,0
108,1,0,0,0,37,53,3,1,0
108,1,1,0,0,57,59,3,1,0
108,1,1,1,0,61,73,3,1,0
108,1,1,0,0,63,57,3,1,0
108,1,1,0,0,67,67,3,1,0
108,1,1,0,0,58,80,3,1,0
108,1,0,0,0,49,58,3,1,0
108,1,0,0,1,34,53,3,1,0
108,1,0,0,0,50,73,3,1,0
108,1,1,0,0,50,67,3,1,0
108,1,0,1,0,51,62,3,1,0
108,1,1,0,0,58,81,3,1,0
108,1,0,1,0,60,73,3,1,0
108,1,1,0,0,78,77,3,1,0
108,1,0,0,1,58,55,3,1,0
108,1,1,0,1,57,59,3,1,0
108,1,0,1,1,49,53,3,1,0
108,1,0,0,0,60,76,3,1,0
108,1,1,0,0,59,68,3,1,0
109,1,1,0,0,68,66,3,1,0
109,1,1,0,0,55,63,3,1,0
109,1,1,0,0,71,88,3,1,0
109,1,1,0,0,65,67,3,1,0
109,1,0,0,0,56,68,3,1,0
109,1,0,0,0,52,52,3,1,0
109,1,1,1,0,53,55,3,1,0
109,1,0,0,0,54,69,3,1,0
109,1,0,0,0,43,54,3,1,0
109,1,0,1,0,54,83,3,1,0
109,1,0,0,1,59,74,3,1,0
109,1,1,0,0,64,58,3,1,0
109,1,0,0,0,48,66,3,1,0
109,1,1,0,0,58,69,3,1,0
109,1,1,0,0,53,54,3,1,0
109,1,1,0,0,51,65,3,1,0
109,1,0,0,0,61,65,3,1,0
109,1,0,0,0,57,58,3,1,0
109,1,1,0,1,58,56,3,1,0
109,1,1,0,1,55,64,3,1,0
109,1,1,0,0,49,59,3,1,0
109,1,1,0,0,65,69,3,1,0
110,1,1,1,1,56,66,4,1,0
110,1,1,1,0,36,54,4,1,0
110,1,1,1,1,48,68,4,1,0
110,1,1,1,0,57,73,4,1,0
110,1,1,1,0,73,83,4,1,0
110,1,1,1,1,53,67,4,1,0
110,1,0,1,1,51,76,4,1,0
110,1,1,1,1,56,72,4,1,0
110,1,0,1,1,56,67,4,1,0
110,1,0,1,1,71,76,4,1,0
110,1,1,1,1,74,90,4,1,0
110,1,1,1,1,56,65,4,1,0
110,1,0,1,1,65,83,4,1,0
110,1,1,1,1,72,87,4,1,0
110,1,1,1,0,73,77,4,1,0
110,1,1,1,1,60,80,4,1,0
110,1,1,1,1,64,67,4,1,0
110,1,0,1,1,39,55,4,1,0
110,1,0,1,1,65,70,4,1,0
110,1,0,1,1,63,66,4,1,0
110,1,0,1,0,51,63,4,1,0
111,0,0,0,0,72,67,4,1,0
111,0,0,0,0,68,76,4,1,0
111,0,0,0,0,66,72,4,1,0
111,0,0,0,0,73,75,4,1,0
111,0,0,0,1,61,67,4,1,0
111,0,0,1,0,67,66,4,1,0
111,0,0,0,0,57,68,4,1,0
111,0,0,0,1,60,65,4,1,0
111,0,0,0,0,54,57,4,1,0
111,0,0,0,0,64,81,4,1,0
111,0,1,0,0,52,67,4,1,0
111,0,0,1,0,61,79,4,1,0
111,0,0,1,0,65,79,4,1,0
111,0,1,0,0,59,79,4,1,0
111,0,0,0,0,71,81,4,1,0
111,0,1,0,0,59,59,4,1,0
111,0,0,0,0,68,68,4,1,0
111,0,1,0,0,57,80,4,1,0
111,0,1,0,0,59,65,4,1,0
111,0,1,0,0,67,67,4,1,0
111,0,0,0,0,63,69,4,1,0
111,0,0,0,0,68,86,4,1,0
111,0,0,0,0,69,72,4,1,0
111,0,0,0,0,57,60,4,1,0
111,0,1,0,0,67,67,4,1,0
111,0,1,0,0,54,65,4,1,0
111,0,1,0,0,59,78,4,1,0
111,0,1,0,0,71,71,4,1,0
111,0,0,0,0,59,78,4,1,0
111,0,1,0,0,63,65,4,1,0
111,0,1,1,0,68,66,4,1,0
111,0,1,0,1,52,75,4,1,0
111,0,1,0,0,63,76,4,1,0
111,0,1,0,0,60,71,4,1,0
111,0,1,0,0,67,75,4,1,0
111,0,0,0,0,63,74,4,1,0
111,0,0,1,0,57,60,4,1,0
111,0,0,0,0,59,80,4,1,0
111,0,1,1,0,53,64,4,1,0
111,0,0,0,0,69,77,4,1,0
111,0,0,0,0,69,78,4,1,0
111,0,1,0,0,61,58,4,1,0
111,0,1,0,1,60,76,4,1,0
111,0,1,1,0,57,82,4,1,0
112,0,0,1,1,58,68,4,1,0
112,0,1,0,0,46,47,4,1,0
112,0,1,0,0,64,74,4,1,0
112,0,0,0,0,55,54,4,1,0
112,0,0,0,1,58,65,4,1,0
112,0,1,0,0,47,51,4,1,0
112,0,1,1,0,55,60,4,1,0
112,0,0,0,0,54,62,4,1,0
112,0,0,0,1,54,58,4,1,0
112,0,0,0,1,69,72,4,1,0
112,0,1,0,0,73,74,4,1,0
112,0,0,0,0,50,54,4,1,0
112,0,0,1,0,72,73,4,1,0
112,0,0,1,0,77,91,4,1,0
112,0,0,0,0,63,63,4,1,0
112,0,1,1,0,66,73,4,1,0
112,0,0,0,0,67,63,4,1,0
112,0,1,0,0,55,56,4,1,0
112,0,1,0,0,42,44,4,1,0
112,0,1,1,0,51,58,4,1,0
112,0,0,0,0,68,77,4,1,0
112,0,0,0,0,58,58,4,1,0
112,0,0,0,0,58,68,4,1,0
112,0,0,0,0,62,70,4,1,0
112,0,1,0,0,64,66,4,1,0
112,0,1,0,0,48,55,4,1,0
112,0,1,1,0,41,47,4,1,0
113,1,1,0,1,54,69,4,1,0
113,1,0,0,0,69,72,4,1,0
113,1,1,0,0,54,65,4,1,0
113,1,0,0,1,56,64,4,1,0
113,1,0,0,1,53,65,4,1,0
113,1,1,0,1,61,68,4,1,0
113,1,0,0,0,68,76,4,1,0
113,1,0,1,0,61,69,4,1,0
113,1,1,0,0,59,62,4,1,0
113,1,0,1,0,64,70,4,1,0
113,1,1,1,1,68,73,4,1,0
113,1,1,0,1,61,72,4,1,0
113,1,0,1,1,63,67,4,1,0
113,1,0,0,1,57,70,4,1,0
113,1,0,0,1,55,63,4,1,0
113,1,1,0,1,59,74,4,1,0
113,1,0,0,0,65,74,4,1,0
113,1,0,1,0,65,72,4,1,0
113,1,1,0,0,53,67,4,1,0
113,1,0,0,1,60,74,4,1,0
113,1,1,0,0,61,68,4,1,0
113,1,0,0,0,56,70,4,1,0
113,1,1,0,0,60,72,4,1,0
113,1,1,0,0,49,61,4,1,0
113,1,0,0,1,60,71,4,1,0
113,1,0,0,0,58,68,4,1,0
113,1,0,0,0,57,70,4,1,0
113,1,1,0,0,63,69,4,1,0
113,1,1,0,0,50,60,4,1,0
113,1,0,0,0,63,72,4,1,0
113,1,1,0,0,59,64,4,1,0
113,1,0,0,1,59,71,4,1,0
113,1,0,1,1,62,74,4,1,0
113,1,1,0,0,59,69,4,1,0
113,1,0,0,0,63,68,4,1,0
113,1,0,0,0,63,75,4,1,0
113,1,1,0,1,53,59,4,1,0
113,1,1,1,0,48,59,4,1,0
113,1,1,0,1,59,66,4,1,0
113,1,0,0,1,65,74,4,1,0
113,1,1,0,1,64,69,4,1,0
113,1,0,1,0,56,67,4,1,0
113,1,0,0,0,64,69,4,1,0
113,1,0,0,1,60,70,4,1,0
113,1,0,0,1,63,72,4,1,0
113,1,1,0,0,63,77,4,1,0
113,1,1,0,1,55,63,4,1,0
113,1,0,0,0,59,65,4,1,0
113,1,0,0,1,68,75,4,1,0
113,1,1,0,1,64,72,4,1,0
113,1,1,0,0,59,72,4,1,0
113,1,0,0,0,61,72,4,1,0
113,1,1,0,1,70,78,4,1,0
113,1,1,0,0,51,63,4,1,0
113,1,0,0,0,69,76,4,1,0
113,1,1,1,0,57,68,4,1,0
113,1,0,1,0,59,71,4,1,0
113,1,0,0,0,50,61,4,1,0
113,1,1,0,1,68,81,4,1,0
113,1,1,0,1,62,73,4,1,0
113,1,0,0,0,64,74,4,1,0
113,1,1,1,1,55,69,4,1,0
113,1,0,0,0,64,75,4,1,0
113,1,0,1,0,61,72,4,1,0
113,1,0,0,0,67,79,4,1,0
113,1,1,1,0,69,77,4,1,0
113,1,1,0,1,59,66,4,1,0
113,1,0,1,0,69,79,4,1,0
113,1,1,0,0,62,74,4,1,0
113,1,0,0,0,60,67,4,1,0
113,1,0,0,1,72,77,4,1,0
113,1,1,0,0,58,71,4,1,0
113,1,0,1,1,56,69,4,1,0
113,1,0,1,1,58,67,4,1,0
113,1,1,0,0,60,77,4,1,0
113,1,0,0,0,59,71,4,1,0
113,1,1,1,1,61,70,4,1,0
113,1,0,0,1,68,78,4,1,0
113,1,1,0,1,60,67,4,1,0
113,1,0,1,1,74,89,4,1,0
113,1,1,0,0,54,64,4,1,0
113,1,0,1,0,69,75,4,1,0
113,1,1,0,1,51,61,4,1,0
113,1,1,0,0,68,77,4,1,0
113,1,0,0,1,66,79,4,1,0
113,1,0,0,1,53,66,4,1,0
113,1,0,0,0,60,69,4,1,0
113,1,0,1,1,60,67,4,1,0
113,1,0,0,1,59,68,4,1,0
113,1,1,0,0,60,75,4,1,0
113,1,0,1,1,57,63,4,1,0
113,1,1,1,1,45,60,4,1,0
113,1,0,1,0,62,74,4,1,0
113,1,1,0,1,69,77,4,1,0
113,1,0,1,0,57,72,4,1,0
113,1,1,0,0,50,60,4,1,0
113,1,1,1,1,52,58,4,1,0
113,1,1,0,1,69,81,4,1,0
113,1,1,0,0,57,65,4,1,0
114,1,1,1,1,44,52,4,1,0
114,1,1,0,1,51,63,4,1,0
114,1,1,0,1,44,50,4,1,0
114,1,1,0,1,59,65,4,1,0
114,1,1,0,1,52,68,4,1,0
114,1,1,0,1,60,68,4,1,0
114,1,0,0,0,62,70,4,1,0
114,1,0,0,0,46,49,4,1,0
114,1,0,0,1,69,70,4,1,0
114,1,0,1,0,50,60,4,1,0
114,1,1,0,1,53,55,4,1,0
114,1,1,0,0,56,69,4,1,0
114,1,0,0,0,53,58,4,1,0
114,1,1,0,1,56,67,4,1,0
114,1,1,1,0,52,48,4,1,0
114,1,1,1,0,53,58,4,1,0
114,1,1,1,0,48,54,4,1,0
114,1,1,0,0,55,70,4,1,0
114,1,0,0,0,50,68,4,1,0
114,1,0,0,1,53,68,4,1,0
114,1,1,1,1,59,61,4,1,0
114,1,1,0,1,53,57,4,1,0
114,1,1,0,1,55,64,4,1,0
114,1,1,0,0,55,60,4,1,0
114,1,0,0,0,63,74,4,1,0
114,1,1,1,0,41,53,4,1,0
114,1,1,1,1,58,63,4,1,0
114,1,1,0,1,58,63,4,1,0
115,1,1,1,1,56,63,3,1,0
115,1,1,1,1,47,57,3,1,0
115,1,1,1,0,62,74,3,1,0
115,1,0,1,0,53,62,3,1,0
115,1,0,1,0,64,73,3,1,0
115,1,0,0,0,67,79,3,1,0
115,1,1,1,0,56,69,3,1,0
115,1,0,0,0,45,53,3,1,0
115,1,1,0,0,48,65,3,1,0
115,1,1,1,1,54,71,3,1,0
115,1,0,1,0,47,63,3,1,0
115,1,1,0,0,52,62,3,1,0
115,1,1,1,0,41,56,3,1,0
115,1,0,0,0,59,62,3,1,0
115,1,1,0,1,54,66,3,1,0
115,1,0,0,0,56,66,3,1,0
115,1,1,1,0,66,85,3,1,0
115,1,0,1,1,45,60,3,1,0
115,1,0,0,1,46,55,3,1,0
115,1,1,0,0,58,65,3,1,0
115,1,1,1,0,48,62,3,1,0
115,1,0,1,0,61,76,3,1,0
115,1,1,1,0,56,69,3,1,0
115,1,0,1,1,62,73,3,1,0
115,1,1,1,1,56,67,3,1,0
115,1,0,0,0,51,60,3,1,0
115,1,0,0,0,68,74,3,1,0
115,1,1,1,0,54,64,3,1,0
115,1,1,1,0,51,60,3,1,0
115,1,1,1,1,60,69,3,1,0
115,1,0,0,0,48,70,3,1,0
115,1,1,0,0,59,72,3,1,0
115,1,0,1,0,61,73,3,1,0
115,1,0,1,0,68,85,3,1,0
115,1,0,1,0,75,82,3,1,0
115,1,0,0,1,61,68,3,1,0
115,1,0,0,0,60,74,3,1,0
115,1,0,1,1,58,62,3,1,0
115,1,0,0,1,53,64,3,1,0
115,1,1,0,0,57,60,3,1,0
115,1,1,1,0,50,60,3,1,0
115,1,1,0,0,50,63,3,1,0
115,1,1,0,0,62,73,3,1,0
115,1,1,1,0,40,63,3,1,0
116,1,0,0,0,52,64,3,1,0
116,1,0,0,0,62,76,3,1,0
116,1,1,0,0,71,75,3,1,0
116,1,1,0,0,64,73,3,1,0
116,1,1,0,0,56,63,3,1,0
116,1,1,0,0,57,68,3,1,0
116,1,0,0,0,60,73,3,1,0
116,1,1,0,0,49,60,3,1,0
116,1,1,0,0,58,69,3,1,0
116,1,1,0,0,61,71,3,1,0
116,1,0,0,0,70,72,3,1,0
116,1,1,0,0,63,75,3,1,0
116,1,0,0,0,59,74,3,1,0
116,1,1,0,0,62,74,3,1,0
116,1,1,0,1,49,65,3,1,0
116,1,1,0,0,66,76,3,1,0
116,1,1,0,0,59,71,3,1,0
116,1,0,1,0,61,69,3,1,0
116,1,0,1,0,74,82,3,1,0
116,1,1,0,0,73,83,3,1,0
116,1,0,0,1,63,65,3,1,0
116,1,1,0,0,45,63,3,1,0
116,1,0,0,0,71,78,3,1,0
116,1,0,1,0,61,72,3,1,0
116,1,1,1,1,43,57,3,1,0
116,1,0,0,0,63,71,3,1,0
116,1,1,0,0,55,69,3,1,0
116,1,1,0,1,58,67,3,1,0
116,1,1,0,1,66,71,3,1,0
116,1,1,0,1,46,57,3,1,0
116,1,1,0,0,67,74,3,1,0
116,1,1,1,1,56,69,3,1,0
116,1,0,0,0,55,68,3,1,0
116,1,1,0,1,56,69,3,1,0
116,1,1,0,0,72,80,3,1,0
116,1,0,0,0,66,79,3,1,0
116,1,1,0,0,57,68,3,1,0
116,1,1,0,1,57,69,3,1,0
116,1,0,0,0,72,75,3,1,0
116,1,0,1,0,59,66,3,1,0
116,1,0,0,0,72,81,3,1,0
116,1,0,0,0,68,75,3,1,0
116,1,0,0,0,56,72,3,1,0
116,1,0,0,1,79,88,3,1,0
117,1,1,0,0,65,84,1,1,1
117,1,1,0,0,61,73,1,1,1
117,1,0,0,0,64,76,1,1,1
117,1,0,0,0,63,72,1,1,1
117,1,0,0,0,62,66,1,1,1
117,1,0,0,0,64,81,1,1,1
117,1,1,0,1,64,72,1,1,1
117,1,0,1,1,65,76,1,1,1
117,1,0,0,0,62,71,1,1,1
117,1,1,1,0,57,68,1,1,1
117,1,0,0,0,67,79,1,1,1
117,1,0,0,1,67,73,1,1,1
117,1,1,0,1,62,74,1,1,1
117,1,1,0,0,70,77,1,1,1
117,1,1,0,1,58,69,1,1,1
117,1,1,1,1,65,83,1,1,1
117,1,0,0,0,61,71,1,1,1
117,1,1,1,1,67,82,1,1,1
117,1,0,0,0,65,75,1,1,1
117,1,0,0,0,66,69,1,1,1
117,1,1,0,1,63,77,1,1,1
117,1,1,0,1,54,61,1,1,1
117,1,0,0,0,73,87,1,1,1
117,1,1,0,1,59,64,1,1,1
117,1,1,0,0,64,75,1,1,1
117,1,0,0,0,61,70,1,1,1
117,1,0,1,0,64,75,1,1,1
117,1,0,0,0,61,64,1,1,1
117,1,0,1,0,63,75,1,1,1
117,1,1,1,0,59,67,1,1,1
117,1,0,0,0,65,75,1,1,1
117,1,0,0,0,57,60,1,1,1
117,1,1,0,0,61,74,1,1,1
117,1,0,0,0,63,66,1,1,1
117,1,0,0,0,60,63,1,1,1
117,1,1,0,0,69,81,1,1,1
117,1,1,0,1,57,71,1,1,1
117,1,1,0,0,58,79,1,1,1
117,1,1,1,1,61,73,1,1,1
117,1,1,0,1,61,69,1,1,1
117,1,1,0,1,61,72,1,1,1
117,1,1,0,0,62,70,1,1,1
117,1,1,0,1,65,79,1,1,1
117,1,1,1,0,63,80,1,1,1
117,1,1,0,0,57,66,1,1,1
117,1,1,0,0,60,69,1,1,1
117,1,0,1,0,67,75,1,1,1
117,1,1,1,1,66,80,1,1,1
118,1,0,0,0,73,81,3,1,0
118,1,0,0,0,75,87,3,1,0
118,1,1,1,1,59,68,3,1,0
118,1,1,0,0,68,80,3,1,0
118,1,0,0,0,62,67,3,1,0
118,1,1,0,0,78,90,3,1,0
118,1,1,0,0,70,83,3,1,0
118,1,1,0,0,75,82,3,1,0
118,1,1,0,0,67,73,3,1,0
118,1,0,0,0,59,71,3,1,0
118,1,1,0,0,66,75,3,1,0
118,1,0,0,0,57,68,3,1,0
118,1,0,0,0,66,79,3,1,0
118,1,1,0,0,69,82,3,1,0
118,1,0,0,0,77,85,3,1,0
118,1,1,0,0,70,76,3,1,0
118,1,0,0,0,67,77,3,1,0
118,1,1,0,0,65,72,3,1,0
118,1,0,0,0,74,87,3,1,0
118,1,1,0,0,67,78,3,1,0
118,1,0,0,0,74,80,3,1,0
118,1,0,1,0,62,72,3,1,0
118,1,1,0,0,60,70,3,1,0
118,1,0,0,0,74,84,3,1,0
118,1,1,0,0,59,69,3,1,0
118,1,0,0,0,59,70,3,1,0
118,1,1,0,0,63,72,3,1,0
118,1,1,0,0,58,70,3,1,0
118,1,1,0,0,68,77,3,1,0
118,1,1,0,0,75,82,3,1,0
118,1,1,1,0,72,81,3,1,0
118,1,1,0,0,69,79,3,1,0
118,1,1,1,0,73,84,3,1,0
118,1,1,0,0,55,58,3,1,0
118,1,1,0,1,58,70,3,1,0
118,1,0,0,0,81,91,3,1,0
118,1,0,0,0,79,89,3,1,0
118,1,1,0,0,67,78,3,1,0
118,1,1,0,0,54,67,3,1,0
118,1,1,0,0,59,70,3,1,0
118,1,0,0,0,61,70,3,1,0
118,1,0,0,0,64,70,3,1,0
