"school","treat","female","nonwhite","ses","pretest","posttest","region","private","urban"
1,0,1,0,0,61,62,1,0,1
1,1,1,0,1,57,71,1,0,1
1,1,1,0,1,61,71,1,0,1
1,0,1,1,1,54,40,1,0,1
1,1,1,0,0,66,85,1,0,1
1,1,0,0,1,40,47,1,0,1
1,0,1,1,1,42,38,1,0,1
1,1,1,0,1,55,67,1,0,1
1,1,1,0,0,67,93,1,0,1
1,1,0,1,1,40,45,1,0,1
1,0,1,0,1,63,72,1,0,1
1,1,1,0,1,53,60,1,0,1
1,1,0,0,1,69,83,1,0,1
1,0,0,0,1,52,61,1,0,1
1,1,1,1,1,45,55,1,0,1
1,0,1,0,1,48,53,1,0,1
1,1,0,0,0,50,60,1,0,1
1,1,1,0,1,70,76,1,0,1
1,0,1,0,1,53,56,1,0,1
1,0,0,0,1,63,71,1,0,1
1,0,0,0,0,50,56,1,0,1
1,1,0,0,0,57,61,1,0,1
1,0,1,0,0,51,50,1,0,1
1,0,0,1,1,51,62,1,0,1
1,1,1,0,1,49,48,1,0,1
1,0,1,0,0,69,71,1,0,1
1,1,0,0,0,44,59,1,0,1
1,1,1,1,1,44,47,1,0,1
1,1,0,0,1,63,70,1,0,1
1,0,1,0,1,40,41,1,0,1
1,1,0,0,1,49,54,1,0,1
1,1,0,0,1,57,65,1,0,1
1,1,1,0,1,42,42,1,0,1
1,1,0,0,1,50,63,1,0,1
1,1,0,0,1,50,67,1,0,1
1,0,1,0,1,60,69,1,0,1
1,1,0,0,1,51,70,1,0,1
1,0,1,0,1,52,54,1,0,1
1,0,0,1,1,48,49,1,0,1
1,1,1,0,1,57,72,1,0,1
1,1,0,0,1,44,48,1,0,1
1,0,1,0,1,50,53,1,0,1
1,0,1,0,1,57,55,1,0,1
1,0,0,0,0,39,43,1,0,1
1,1,0,1,1,42,50,1,0,1
1,0,1,0,1,46,39,1,0,1
2,0,0,0,1,47,49,1,0,1
2,1,1,0,1,57,59,1,0,1
2,0,0,0,1,51,45,1,0,1
2,0,0,0,1,52,56,1,0,1
2,1,1,1,1,64,74,1,0,1
2,0,0,0,1,60,62,1,0,1
2,0,1,1,1,66,74,1,0,1
2,0,0,0,1,66,61,1,0,1
2,0,1,0,1,59,63,1,0,1
2,1,0,0,1,59,72,1,0,1
2,0,0,0,0,57,59,1,0,1
2,1,0,0,1,58,61,1,0,1
2,0,0,0,1,48,53,1,0,1
2,1,0,0,1,71,74,1,0,1
2,1,0,0,1,52,59,1,0,1
2,0,0,0,1,48,54,1,0,1
2,1,1,1,1,49,58,1,0,1
2,0,1,0,0,60,69,1,0,1
2,1,0,0,1,61,74,1,0,1
2,0,1,0,1,55,60,1,0,1
2,1,1,0,0,55,58,1,0,1
2,1,1,0,1,55,63,1,0,1
2,0,1,0,1,52,52,1,0,1
2,1,0,0,0,66,76,1,0,1
2,1,1,0,1,47,51,1,0,1
2,0,1,0,1,47,49,1,0,1
2,1,1,0,1,56,65,1,0,1
2,0,1,0,0,60,69,1,0,1
2,0,1,0,1,49,48,1,0,1
2,0,0,0,1,63,64,1,0,1
2,0,0,1,1,67,67,1,0,1
2,0,0,1,1,46,47,1,0,1
2,0,1,1,1,58,71,1,0,1
2,0,0,0,0,47,48,1,0,1
2,0,1,0,1,58,58,1,0,1
2,1,0,0,1,60,66,1,0,1
2,1,0,1,1,54,63,1,0,1
2,1,0,0,1,41,44,1,0,1
2,0,0,0,1,53,55,1,0,1
2,0,1,1,1,55,57,1,0,1
2,1,1,0,1,66,81,1,0,1
2,0,0,0,1,52,56,1,0,1
2,0,1,0,0,55,59,1,0,1
2,1,0,1,1,57,61,1,0,1
2,1,1,0,1,68,85,1,0,1
2,0,0,0,1,67,77,1,0,1
2,1,0,0,0,62,82,1,0,1
2,0,1,1,1,51,50,1,0,1
2,0,1,1,1,50,47,1,0,1
2,1,1,0,1,69,76,1,0,1
2,1,1,0,1,61,72,1,0,1
2,0,1,0,0,48,49,1,0,1
2,1,0,0,1,62,74,1,0,1
2,0,0,0,0,67,77,1,0,1
3,0,0,0,0,73,78,1,0,1
3,0,0,0,0,49,50,1,0,1
3,1,1,0,1,34,35,1,0,1
3,1,1,0,0,80,90,1,0,1
3,1,0,1,0,54,60,1,0,1
3,1,0,0,0,51,57,1,0,1
3,0,0,0,0,55,57,1,0,1
3,1,0,0,0,63,67,1,0,1
3,0,1,1,1,56,64,1,0,1
3,0,0,1,1,49,50,1,0,1
3,1,1,0,1,50,56,1,0,1
3,1,0,0,1,42,51,1,0,1
3,1,0,0,0,65,74,1,0,1
3,0,0,0,1,47,55,1,0,1
3,0,1,0,0,78,82,1,0,1
3,0,0,0,0,82,84,1,0,1
3,1,1,1,1,59,59,1,0,1
3,0,0,0,1,68,70,1,0,1
3,0,0,0,1,44,48,1,0,1
3,1,0,0,0,53,62,1,0,1
3,1,0,1,1,42,50,1,0,1
3,0,0,0,1,46,51,1,0,1
3,1,0,0,1,82,90,1,0,1
3,0,0,0,1,60,66,1,0,1
3,0,0,1,1,43,43,1,0,1
3,1,0,0,0,44,56,1,0,1
3,1,1,0,1,68,81,1,0,1
3,0,0,0,1,61,61,1,0,1
3,1,1,0,1,54,64,1,0,1
3,0,0,0,1,48,48,1,0,1
3,0,0,0,1,56,59,1,0,1
3,1,0,1,1,36,43,1,0,1
3,1,1,0,1,32,42,1,0,1
3,1,1,0,1,34,50,1,0,1
3,1,0,0,1,52,57,1,0,1
3,1,1,0,1,77,84,1,0,1
3,0,0,0,1,47,54,1,0,1
3,0,0,1,0,40,43,1,0,1
3,0,0,0,1,56,56,1,0,1
3,0,0,0,1,62,61,1,0,1
3,1,1,0,0,74,81,1,0,1
3,0,1,0,1,64,63,1,0,1
3,1,0,0,1,45,54,1,0,1
3,0,1,0,0,47,51,1,0,1
3,1,1,0,1,73,78,1,0,1
3,0,1,0,0,45,50,1,0,1
3,1,0,1,1,27,38,1,0,1
3,0,1,0,1,44,46,1,0,1
3,0,1,0,1,50,51,1,0,1
3,0,0,0,0,62,69,1,0,1
3,0,1,0,1,61,61,1,0,1
3,0,1,1,1,41,46,1,0,1
4,1,1,0,1,48,44,1,0,1
4,1,1,0,0,57,60,1,0,1
4,0,0,0,1,45,52,1,0,1
4,1,1,0,0,59,69,1,0,1
4,1,1,0,0,54,61,1,0,1
4,1,1,1,1,57,61,1,0,1
4,0,1,0,0,56,56,1,0,1
4,0,0,0,0,66,73,1,0,1
4,1,1,0,1,70,82,1,0,1
4,0,0,1,0,63,72,1,0,1
4,1,1,0,0,61,66,1,0,1
4,1,0,1,1,64,64,1,0,1
4,1,1,0,0,44,50,1,0,1
4,0,1,0,0,71,70,1,0,1
4,1,0,0,0,73,89,1,0,1
4,1,1,0,0,62,77,1,0,1
4,1,1,0,1,55,58,1,0,1
4,1,1,1,0,59,70,1,0,1
4,1,1,0,1,66,75,1,0,1
4,0,0,0,0,58,59,1,0,1
4,1,0,0,1,60,62,1,0,1
4,1,0,0,1,54,53,1,0,1
4,0,1,0,0,59,61,1,0,1
4,0,0,0,0,74,79,1,0,1
4,0,0,0,0,68,79,1,0,1
5,1,0,0,1,70,74,1,0,1
5,1,0,0,1,67,76,1,0,1
5,0,1,0,0,64,64,1,0,1
5,0,0,0,1,49,51,1,0,1
5,0,1,0,1,60,62,1,0,1
5,1,0,0,1,72,88,1,0,1
5,1,1,1,0,43,45,1,0,1
5,1,1,0,0,40,54,1,0,1
5,1,0,0,0,65,71,1,0,1
5,0,1,0,1,56,54,1,0,1
5,1,1,0,0,75,88,1,0,1
5,0,0,0,1,62,75,1,0,1
5,0,0,0,1,51,51,1,0,1
5,1,1,0,0,56,60,1,0,1
5,1,1,0,1,47,57,1,0,1
5,1,1,0,1,55,66,1,0,1
5,1,1,1,1,50,57,1,0,1
5,1,0,0,0,87,99,1,0,1
5,0,1,0,1,58,59,1,0,1
5,0,0,0,1,79,86,1,0,1
5,1,1,1,1,69,74,1,0,1
5,0,1,0,1,57,54,1,0,1
5,0,0,0,1,65,69,1,0,1
5,1,1,0,1,60,68,1,0,1
5,1,1,0,0,62,64,1,0,1
5,0,1,0,0,53,50,1,0,1
5,0,0,0,1,82,86,1,0,1
5,0,1,0,0,62,69,1,0,1
5,1,0,1,1,62,71,1,0,1
5,1,0,0,1,44,53,1,0,1
5,1,0,0,0,80,87,1,0,1
5,1,1,0,1,56,67,1,0,1
5,0,1,1,0,60,57,1,0,1
5,0,0,0,1,68,71,1,0,1
5,1,0,1,1,52,55,1,0,1
5,1,1,0,1,49,51,1,0,1
5,1,1,1,1,40,45,1,0,1
5,0,0,1,0,70,77,1,0,1
5,1,0,0,0,62,71,1,0,1
5,1,0,0,1,64,73,1,0,1
5,0,0,0,1,58,55,1,0,1
5,1,0,0,0,83,91,1,0,1
5,0,0,0,1,74,76,1,0,1
5,1,1,0,1,52,63,1,0,1
5,1,1,0,0,71,86,1,0,1
5,0,0,1,0,67,75,1,0,1
5,1,1,0,1,73,77,1,0,1
5,0,0,1,1,48,55,1,0,1
5,1,1,0,0,54,61,1,0,1
5,0,1,1,1,42,42,1,0,1
5,1,1,1,1,57,61,1,0,1
5,1,1,0,1,48,54,1,0,1
5,0,0,0,1,73,80,1,0,1
5,1,0,0,1,67,78,1,0,1
5,1,0,0,1,59,66,1,0,1
5,1,1,0,1,69,81,1,0,1
5,0,1,1,1,63,67,1,0,1
5,0,0,0,1,50,55,1,0,1
5,0,1,0,1,51,50,1,0,1
5,1,0,0,1,65,81,1,0,1
5,0,1,0,0,61,71,1,0,1
5,1,0,0,1,65,77,1,0,1
5,0,0,0,1,77,89,1,0,1
6,0,0,1,0,53,60,1,0,1
6,0,0,0,1,51,59,1,0,1
6,1,1,1,1,65,77,1,0,1
6,0,0,0,1,60,67,1,0,1
6,0,1,0,1,62,78,1,0,1
6,0,0,0,0,54,57,1,0,1
6,0,0,1,0,48,47,1,0,1
6,0,0,1,0,75,89,1,0,1
6,0,1,1,0,57,71,1,0,1
6,0,1,1,1,62,66,1,0,1
6,0,1,0,1,66,83,1,0,1
6,1,1,0,1,39,48,1,0,1
6,1,0,1,0,43,44,1,0,1
6,0,0,0,0,54,65,1,0,1
6,1,0,0,1,49,52,1,0,1
6,0,1,0,1,40,31,1,0,1
6,1,1,0,1,46,46,1,0,1
6,1,0,0,0,49,57,1,0,1
6,1,0,1,1,48,44,1,0,1
6,0,0,0,1,54,63,1,0,1
6,1,0,0,1,50,55,1,0,1
6,0,1,0,1,56,54,1,0,1
6,1,1,0,1,31,35,1,0,1
6,0,0,1,1,48,53,1,0,1
6,0,1,1,1,58,54,1,0,1
6,0,0,1,1,53,66,1,0,1
6,0,1,1,0,65,71,1,0,1
6,0,0,1,0,55,57,1,0,1
6,0,0,0,0,34,34,1,0,1
6,1,0,1,1,53,69,1,0,1
6,1,1,0,1,39,46,1,0,1
6,0,1,0,1,60,65,1,0,1
6,1,1,0,0,53,57,1,0,1
6,0,0,0,1,51,64,1,0,1
6,0,0,0,1,51,48,1,0,1
6,0,1,1,1,55,63,1,0,1
6,1,1,1,1,60,70,1,0,1
6,0,1,0,1,36,33,1,0,1
6,0,1,0,0,50,52,1,0,1
6,1,1,1,1,48,56,1,0,1
6,1,0,0,1,34,37,1,0,1
6,1,1,0,1,42,58,1,0,1
6,1,1,1,1,59,76,1,0,1
6,1,1,1,0,59,60,1,0,1
6,1,1,0,1,60,73,1,0,1
6,1,1,1,1,60,61,1,0,1
6,1,1,1,1,58,56,1,0,1
6,1,0,1,1,50,60,1,0,1
6,0,1,0,1,61,58,1,0,1
6,0,1,0,1,53,47,1,0,1
6,1,1,0,1,56,64,1,0,1
6,0,1,0,1,35,25,1,0,1
6,1,1,1,1,36,49,1,0,1
6,0,1,1,0,60,68,1,0,1
6,1,1,1,1,43,51,1,0,1
6,0,1,0,0,43,46,1,0,1
6,0,0,0,1,43,33,1,0,1
6,1,1,0,0,62,70,1,0,1
6,1,0,1,0,56,61,1,0,1
6,0,0,0,1,56,57,1,0,1
6,1,1,1,0,69,94,1,0,1
6,1,0,0,0,50,57,1,0,1
6,0,1,1,1,51,58,1,0,1
6,1,1,0,0,58,67,1,0,1
6,1,0,0,1,60,70,1,0,1
6,1,1,1,1,41,55,1,0,1
6,0,0,0,0,54,44,1,0,1
6,1,1,1,1,53,59,1,0,1
6,0,1,1,1,40,43,1,0,1
6,1,1,0,0,61,70,1,0,1
6,1,1,0,0,54,65,1,0,1
6,1,0,1,1,31,47,1,0,1
6,0,1,1,1,65,72,1,0,1
6,1,1,0,1,49,46,1,0,1
6,0,1,0,0,55,65,1,0,1
7,1,0,0,1,63,74,2,0,1
7,1,1,0,1,64,67,2,0,1
7,1,0,1,1,45,54,2,0,1
7,0,0,0,1,46,59,2,0,1
7,0,0,1,1,37,36,2,0,1
7,1,1,1,1,61,63,2,0,1
7,1,1,0,1,53,58,2,0,1
7,1,0,0,1,54,60,2,0,1
7,1,1,1,1,55,49,2,0,1
7,1,1,0,0,53,54,2,0,1
7,0,1,0,1,58,71,2,0,1
7,0,0,0,1,49,50,2,0,1
7,0,0,0,1,46,42,2,0,1
7,1,0,0,1,56,52,2,0,1
7,1,1,1,0,62,59,2,0,1
7,1,1,0,1,54,52,2,0,1
7,0,1,0,1,61,62,2,0,1
7,0,1,0,1,56,47,2,0,1
7,0,0,0,1,49,58,2,0,1
7,1,0,0,1,47,49,2,0,1
7,1,0,1,0,60,62,2,0,1
7,0,1,0,1,48,45,2,0,1
7,1,1,0,1,49,49,2,0,1
7,1,1,0,0,38,42,2,0,1
7,1,0,1,1,64,84,2,0,1
7,1,0,0,1,63,63,2,0,1
7,0,1,0,1,52,56,2,0,1
7,1,0,0,1,47,42,2,0,1
7,1,0,1,1,39,50,2,0,1
7,1,0,0,1,65,76,2,0,1
7,0,0,0,1,49,40,2,0,1
7,1,1,0,1,51,63,2,0,1
7,0,1,1,1,53,52,2,0,1
7,0,1,0,1,56,41,2,0,1
7,0,0,0,1,49,52,2,0,1
7,0,0,0,1,43,39,2,0,1
7,1,0,1,1,67,75,2,0,1
7,1,1,0,1,63,62,2,0,1
7,0,1,0,1,41,46,2,0,1
7,1,1,0,1,65,67,2,0,1
7,0,0,1,1,54,64,2,0,1
7,1,1,0,1,70,78,2,0,1
7,1,0,1,1,50,51,2,0,1
7,0,1,0,1,51,44,2,0,1
8,1,0,0,0,53,56,2,0,1
8,0,0,0,0,56,61,2,0,1
8,1,1,0,1,70,82,2,0,1
8,1,1,0,0,40,49,2,0,1
8,1,1,0,0,55,65,2,0,1
8,1,0,0,0,61,74,2,0,1
8,1,0,0,0,51,62,2,0,1
8,1,1,0,1,61,70,2,0,1
8,0,1,0,1,39,44,2,0,1
8,0,0,0,0,41,38,2,0,1
8,0,1,0,1,59,59,2,0,1
8,1,0,0,0,47,52,2,0,1
8,0,1,0,1,59,62,2,0,1
8,1,1,0,0,61,70,2,0,1
8,1,1,0,0,57,71,2,0,1
8,1,1,1,1,39,44,2,0,1
8,1,1,0,0,62,70,2,0,1
8,1,0,0,1,52,57,2,0,1
8,1,0,0,0,54,64,2,0,1
8,0,1,0,1,58,65,2,0,1
8,0,0,0,0,77,85,2,0,1
8,1,0,0,1,52,55,2,0,1
8,0,1,0,0,54,54,2,0,1
8,1,1,0,1,51,57,2,0,1
8,1,1,0,0,35,43,2,0,1
8,1,1,0,1,45,51,2,0,1
8,1,1,0,1,49,58,2,0,1
8,0,1,0,1,45,44,2,0,1
8,1,0,0,1,59,67,2,0,1
8,0,1,0,1,46,51,2,0,1
8,0,0,0,0,58,58,2,0,1
8,1,1,0,0,61,73,2,0,1
8,1,1,0,1,61,68,2,0,1
8,1,0,0,0,51,64,2,0,1
8,1,0,0,1,49,61,2,0,1
8,0,1,0,1,49,52,2,0,1
8,1,1,0,1,53,58,2,0,1
8,1,0,0,1,45,56,2,0,1
8,1,0,0,0,46,56,2,0,1
8,0,1,0,1,63,69,2,0,1
8,0,0,0,1,52,53,2,0,1
8,1,1,0,0,62,78,2,0,1
8,1,1,0,1,51,58,2,0,1
8,0,1,0,0,36,42,2,0,1
8,1,0,0,1,51,56,2,0,1
8,0,1,0,1,41,39,2,0,1
8,1,0,0,0,45,52,2,0,1
8,1,1,0,1,49,53,2,0,1
8,1,1,0,0,60,76,2,0,1
8,1,1,0,0,55,62,2,0,1
8,1,1,0,1,50,59,2,0,1
8,1,0,0,0,67,84,2,0,1
9,0,0,1,1,58,58,2,0,1
9,0,0,1,1,50,48,2,0,1
9,0,1,0,1,65,71,2,0,1
9,1,1,0,1,53,63,2,0,1
9,0,0,0,1,69,71,2,0,1
9,1,0,1,1,74,86,2,0,1
9,0,1,0,1,52,54,2,0,1
9,1,1,0,1,69,76,2,0,1
9,1,1,0,1,73,82,2,0,1
9,1,1,0,1,49,57,2,0,1
9,0,0,0,1,51,57,2,0,1
9,1,0,0,1,71,77,2,0,1
9,0,0,0,1,46,48,2,0,1
9,1,1,0,1,60,62,2,0,1
9,0,0,0,1,57,59,2,0,1
9,0,0,0,1,47,48,2,0,1
9,0,1,0,1,43,44,2,0,1
9,1,0,1,1,50,54,2,0,1
9,0,1,0,1,70,73,2,0,1
9,1,1,0,1,61,70,2,0,1
9,1,0,0,1,61,71,2,0,1
10,1,1,1,0,48,54,2,0,1
10,0,0,0,1,47,40,2,0,1
10,0,1,0,0,43,56,2,0,1
10,0,0,0,1,53,44,2,0,1
10,1,1,0,1,36,51,2,0,1
10,0,1,0,1,42,49,2,0,1
10,1,1,0,0,69,79,2,0,1
10,0,0,0,1,50,51,2,0,1
10,1,0,0,1,49,50,2,0,1
10,0,0,0,0,70,71,2,0,1
10,1,1,0,1,32,37,2,0,1
10,1,0,0,1,67,74,2,0,1
10,0,0,0,1,48,45,2,0,1
10,1,1,0,1,38,49,2,0,1
10,0,1,1,1,43,51,2,0,1
10,1,1,0,1,54,69,2,0,1
10,1,1,0,1,48,48,2,0,1
10,1,0,0,1,49,63,2,0,1
10,1,0,0,1,46,55,2,0,1
10,0,0,0,0,52,59,2,0,1
10,0,0,0,1,56,57,2,0,1
10,0,0,1,0,60,67,2,0,1
10,0,0,0,1,63,68,2,0,1
10,0,0,0,1,56,56,2,0,1
10,0,0,0,1,44,45,2,0,1
10,0,1,0,1,58,58,2,0,1
10,1,0,0,1,33,39,2,0,1
10,1,0,0,1,50,48,2,0,1
10,0,0,0,1,68,77,2,0,1
10,0,0,0,0,45,45,2,0,1
10,1,0,0,1,56,57,2,0,1
10,0,0,0,1,58,46,2,0,1
10,1,1,0,1,49,49,2,0,1
10,0,0,0,0,70,68,2,0,1
10,1,1,0,0,52,65,2,0,1
10,1,1,1,0,58,65,2,0,1
10,0,1,0,1,54,69,2,0,1
10,0,1,0,0,58,68,2,0,1
10,0,0,0,1,47,52,2,0,1
10,0,1,0,1,37,43,2,0,1
10,0,0,0,1,64,68,2,0,1
10,1,1,0,1,46,51,2,0,1
10,1,0,0,1,56,68,2,0,1
10,0,0,0,1,60,56,2,0,1
10,0,0,1,1,59,64,2,0,1
10,0,0,0,0,59,73,2,0,1
10,0,1,0,1,61,59,2,0,1
10,1,0,0,1,52,55,2,0,1
10,0,1,1,1,52,54,2,0,1
10,0,0,0,1,53,56,2,0,1
10,0,0,0,1,64,62,2,0,1
10,0,0,0,1,57,67,2,0,1
10,0,1,0,1,58,75,2,0,1
10,1,0,0,1,56,55,2,0,1
10,0,0,1,1,49,53,2,0,1
10,1,0,0,1,49,48,2,0,1
10,0,0,1,1,47,42,2,0,1
10,1,1,0,0,68,78,2,0,1
10,0,0,0,1,54,61,2,0,1
10,1,0,0,1,60,72,2,0,1
10,0,0,0,0,59,63,2,0,1
10,1,1,0,0,53,56,2,0,1
10,1,0,0,1,53,44,2,0,1
10,1,1,0,1,61,73,2,0,1
10,0,0,0,1,45,38,2,0,1
10,0,0,0,1,46,41,2,0,1
11,1,1,0,1,66,75,2,0,1
11,0,0,0,1,47,37,2,0,1
11,0,1,0,1,63,60,2,0,1
11,1,1,0,1,61,73,2,0,1
11,0,0,0,1,34,41,2,0,1
11,0,1,0,1,61,62,2,0,1
11,0,1,0,0,45,40,2,0,1
11,1,0,0,0,62,79,2,0,1
11,1,1,0,1,58,55,2,0,1
11,0,0,0,0,60,71,2,0,1
11,1,1,0,1,66,77,2,0,1
11,0,1,0,1,64,66,2,0,1
11,0,1,0,0,51,63,2,0,1
11,0,0,0,0,61,62,2,0,1
11,0,1,0,1,55,55,2,0,1
11,1,0,0,1,47,63,2,0,1
11,1,0,0,1,62,64,2,0,1
11,1,1,0,1,55,51,2,0,1
11,1,1,0,0,48,44,2,0,1
11,0,0,0,1,48,55,2,0,1
11,0,1,0,1,57,58,2,0,1
11,0,1,0,0,64,54,2,0,1
11,1,0,1,1,71,69,2,0,1
11,0,1,0,1,44,46,2,0,1
11,1,1,0,1,62,63,2,0,1
11,1,0,0,1,61,67,2,0,1
11,0,1,0,1,48,52,2,0,1
11,1,0,0,0,50,49,2,0,1
11,0,1,1,1,62,64,2,0,1
11,0,0,0,1,61,70,2,0,1
11,0,1,0,0,57,61,2,0,1
11,0,0,0,1,46,47,2,0,1
11,0,1,1,1,48,53,2,0,1
11,0,1,0,1,50,53,2,0,1
11,0,0,0,1,65,64,2,0,1
11,1,1,0,1,63,66,2,0,1
11,1,0,0,0,57,56,2,0,1
11,1,0,0,0,57,67,2,0,1
11,0,0,0,1,66,75,2,0,1
11,1,0,0,1,56,57,2,0,1
11,0,0,0,1,47,48,2,0,1
11,0,0,0,0,42,50,2,0,1
11,0,0,0,1,54,49,2,0,1
11,1,0,0,1,53,60,2,0,1
11,0,1,0,1,64,68,2,0,1
11,0,0,0,0,65,73,2,0,1
11,1,1,0,1,53,67,2,0,1
11,1,0,0,1,43,57,2,0,1
11,0,1,0,1,57,44,2,0,1
11,0,0,1,0,50,46,2,0,1
11,0,0,0,1,45,56,2,0,1
11,1,1,0,0,53,60,2,0,1
11,1,0,0,1,61,62,2,0,1
11,0,1,0,1,55,56,2,0,1
11,0,1,0,1,68,72,2,0,1
11,0,1,0,1,58,58,2,0,1
12,1,0,0,0,55,59,2,0,1
12,0,0,0,1,55,64,2,0,1
12,0,1,0,0,65,74,2,0,1
12,1,1,0,1,49,58,2,0,1
12,1,0,0,1,60,56,2,0,1
12,0,0,0,1,55,50,2,0,1
12,1,0,0,1,55,64,2,0,1
12,1,0,0,1,51,61,2,0,1
12,1,0,0,0,47,57,2,0,1
12,0,1,1,0,50,54,2,0,1
12,1,1,0,1,55,61,2,0,1
12,0,1,1,1,54,43,2,0,1
12,1,1,0,0,61,85,2,0,1
12,0,1,0,1,50,31,2,0,1
12,1,1,0,1,38,42,2,0,1
12,0,1,0,1,52,69,2,0,1
12,1,1,0,1,62,73,2,0,1
12,0,0,0,1,53,52,2,0,1
12,0,1,0,0,58,75,2,0,1
12,0,0,0,1,62,53,2,0,1
12,1,0,0,1,59,64,2,0,1
12,1,1,0,1,65,55,2,0,1
12,0,1,0,1,46,50,2,0,1
12,0,1,0,1,50,50,2,0,1
12,1,1,0,1,35,43,2,0,1
12,0,0,0,0,65,59,2,0,1
12,0,1,0,1,45,53,2,0,1
12,0,1,0,0,59,66,2,0,1
12,0,0,0,1,52,51,2,0,1
12,0,1,0,0,65,61,2,0,1
12,0,1,0,1,50,47,2,0,1
12,0,0,0,1,43,58,2,0,1
12,1,1,0,1,48,56,2,0,1
12,0,1,1,1,47,53,2,0,1
12,1,1,0,0,61,77,2,0,1
12,1,1,1,1,47,49,2,0,1
12,0,1,0,0,57,61,2,0,1
12,1,0,0,1,59,61,2,0,1
12,0,0,0,1,44,50,2,0,1
12,0,1,0,1,34,51,2,0,1
12,1,0,1,0,57,60,2,0,1
12,0,0,1,1,39,38,2,0,1
13,0,1,0,0,41,38,2,0,1
13,0,0,1,1,59,59,2,0,1
13,1,0,0,1,55,67,2,0,1
13,0,1,0,1,68,74,2,0,1
13,1,0,0,0,46,53,2,0,1
13,0,1,1,1,48,52,2,0,1
13,0,0,0,1,56,56,2,0,1
13,1,1,0,1,57,68,2,0,1
13,1,0,0,1,77,86,2,0,1
13,1,0,0,1,39,40,2,0,1
13,0,0,0,0,53,51,2,0,1
13,0,1,0,1,46,46,2,0,1
13,0,1,0,1,44,48,2,0,1
13,1,0,0,1,61,71,2,0,1
13,1,0,0,1,48,55,2,0,1
13,0,0,0,1,48,48,2,0,1
13,1,1,0,1,53,59,2,0,1
13,1,0,0,1,51,60,2,0,1
13,0,0,0,1,53,55,2,0,1
13,0,1,0,1,52,52,2,0,1
13,0,0,0,1,57,62,2,0,1
13,0,1,0,0,27,19,2,0,1
14,0,1,0,1,62,62,2,0,1
14,1,1,0,1,44,41,2,0,1
14,0,1,0,1,46,42,2,0,1
14,1,0,0,0,48,70,2,0,1
14,0,1,0,1,60,66,2,0,1
14,0,1,0,1,67,68,2,0,1
14,1,1,1,1,66,64,2,0,1
14,1,1,0,1,59,68,2,0,1
14,0,0,0,1,70,70,2,0,1
14,0,0,1,1,46,43,2,0,1
14,1,1,0,1,59,70,2,0,1
14,1,0,1,1,49,54,2,0,1
14,0,1,0,1,42,57,2,0,1
14,0,1,0,1,65,69,2,0,1
14,0,0,0,1,49,53,2,0,1
14,0,0,0,0,40,53,2,0,1
14,0,0,0,0,53,52,2,0,1
14,1,1,0,1,60,70,2,0,1
14,1,1,0,1,52,51,2,0,1
14,1,0,0,1,44,67,2,0,1
15,0,0,1,0,49,48,2,0,0
15,0,0,1,1,43,34,2,0,0
15,0,0,0,1,40,41,2,0,0
15,1,0,1,1,48,53,2,0,0
15,1,1,1,1,43,54,2,0,0
15,0,1,1,1,42,37,2,0,0
15,0,0,0,1,52,54,2,0,0
15,1,1,1,1,39,47,2,0,0
15,1,0,1,0,45,58,2,0,0
15,0,0,1,1,41,44,2,0,0
15,1,0,1,1,46,57,2,0,0
15,0,0,1,1,49,64,2,0,0
15,1,0,1,1,43,51,2,0,0
15,0,0,0,1,37,38,2,0,0
15,1,0,0,0,56,70,2,0,0
15,0,0,1,0,43,43,2,0,0
15,0,1,1,1,42,42,2,0,0
15,1,0,1,0,53,73,2,0,0
15,0,1,1,1,46,40,2,0,0
15,1,1,1,1,31,32,2,0,0
15,0,0,0,0,40,45,2,0,0
15,0,0,1,1,36,37,2,0,0
15,0,0,1,1,56,71,2,0,0
15,0,0,1,1,52,61,2,0,0
15,1,1,0,1,43,49,2,0,0
15,0,1,1,1,39,38,2,0,0
15,1,1,1,1,40,52,2,0,0
15,1,0,1,0,44,48,2,0,0
15,1,0,1,1,33,40,2,0,0
15,1,1,1,1,50,46,2,0,0
16,1,1,0,1,49,46,2,0,0
16,0,1,0,1,53,59,2,0,0
16,0,1,0,0,59,70,2,0,0
16,0,0,0,1,53,46,2,0,0
16,1,0,0,0,45,46,2,0,0
16,1,1,0,0,61,62,2,0,0
16,1,0,0,1,57,68,2,0,0
16,1,1,0,1,58,63,2,0,0
16,0,0,0,1,55,58,2,0,0
16,0,0,0,1,66,68,2,0,0
16,0,0,0,1,64,72,2,0,0
16,1,0,0,0,49,54,2,0,0
16,1,1,0,0,56,68,2,0,0
16,1,0,0,1,54,55,2,0,0
16,1,1,0,1,64,72,2,0,0
16,1,0,0,1,79,88,2,0,0
16,0,0,0,1,45,49,2,0,0
16,1,0,0,1,43,47,2,0,0
16,0,0,0,1,59,61,2,0,0
16,0,0,0,1,58,56,2,0,0
16,0,1,0,1,43,43,2,0,0
16,0,1,1,1,61,56,2,0,0
16,1,1,0,1,63,70,2,0,0
16,1,0,1,0,62,71,2,0,0
16,0,0,0,0,64,67,2,0,0
16,0,1,1,1,57,58,2,0,0
16,0,0,0,1,48,63,2,0,0
16,1,0,1,0,66,76,2,0,0
16,1,1,0,0,73,79,2,0,0
16,1,0,0,0,47,42,2,0,0
16,1,0,0,1,58,66,2,0,0
16,0,0,0,0,48,52,2,0,0
16,0,1,0,1,57,57,2,0,0
16,1,1,0,1,64,67,2,0,0
16,0,0,0,1,54,46,2,0,0
16,0,0,1,0,58,57,2,0,0
16,1,1,0,0,28,35,2,0,0
16,1,0,0,1,47,63,2,0,0
16,1,1,0,1,66,62,2,0,0
16,1,0,0,1,50,55,2,0,0
16,0,1,0,1,49,45,2,0,0
16,1,1,1,1,71,79,2,0,0
16,1,0,0,1,37,43,2,0,0
16,0,0,1,1,54,49,2,0,0
16,0,1,0,1,61,63,2,0,0
16,0,1,0,1,42,51,2,0,0
16,0,0,0,1,54,59,2,0,0
16,0,0,0,1,52,54,2,0,0
16,0,0,0,1,56,47,2,0,0
16,0,0,0,1,50,51,2,0,0
16,0,0,0,1,69,73,2,0,0
16,1,1,0,1,43,58,2,0,0
16,1,1,1,1,74,77,2,0,0
16,1,1,0,1,62,58,2,0,0
16,0,1,0,1,48,40,2,0,0
16,0,1,0,1,57,60,2,0,0
16,0,1,0,1,56,54,2,0,0
16,1,0,0,1,47,53,2,0,0
16,1,1,0,1,62,72,2,0,0
16,1,0,0,1,48,48,2,0,0
17,1,0,0,0,55,52,2,0,1
17,1,1,0,0,64,73,2,0,1
17,1,0,1,0,56,66,2,0,1
17,0,0,0,1,69,79,2,0,1
17,1,1,0,1,54,55,2,0,1
17,1,0,1,1,44,62,2,0,1
17,1,0,0,1,55,34,2,0,1
17,1,1,0,1,67,76,2,0,1
17,1,1,0,1,52,57,2,0,1
17,1,0,0,1,47,54,2,0,1
17,1,0,0,0,50,48,2,0,1
17,1,1,1,1,52,54,2,0,1
17,1,0,0,1,59,62,2,0,1
17,0,1,0,1,55,58,2,0,1
17,1,0,1,1,51,63,2,0,1
17,1,0,0,1,44,51,2,0,1
17,1,0,0,0,67,84,2,0,1
17,1,0,0,1,46,42,2,0,1
17,1,0,1,1,51,52,2,0,1
17,1,1,0,0,44,55,2,0,1
17,1,0,1,1,64,68,2,0,1
17,1,1,0,1,51,56,2,0,1
17,0,1,0,0,66,72,2,0,1
17,0,0,0,0,71,78,2,0,1
17,1,1,0,1,48,56,2,0,1
17,0,0,0,0,81,80,2,0,1
17,0,0,0,0,54,67,2,0,1
17,0,1,0,1,74,67,2,0,1
17,0,1,1,1,45,35,2,0,1
17,1,1,0,1,53,60,2,0,1
17,1,0,0,1,42,52,2,0,1
17,1,0,0,0,55,66,2,0,1
17,0,0,0,0,49,52,2,0,1
17,1,0,0,0,49,52,2,0,1
17,0,0,1,0,53,58,2,0,1
17,0,0,0,0,55,48,2,0,1
17,0,0,0,1,46,38,2,0,1
17,0,1,0,1,47,51,2,0,1
17,0,1,0,1,57,55,2,0,1
17,1,1,0,1,55,63,2,0,1
17,0,1,0,1,42,56,2,0,1
17,1,0,0,1,57,54,2,0,1
17,0,1,1,1,47,51,2,0,1
17,0,0,1,0,43,41,2,0,1
17,0,0,0,1,58,62,2,0,1
17,1,0,1,0,68,96,2,0,1
17,1,0,0,1,55,63,2,0,1
17,1,1,1,0,59,68,2,0,1
17,1,0,0,1,59,72,2,0,1
17,0,0,1,1,49,53,2,0,1
17,0,0,0,1,45,41,2,0,1
17,0,0,0,0,68,70,2,0,1
17,1,0,0,1,51,42,2,0,1
17,0,1,1,0,51,41,2,0,1
18,1,0,0,1,61,69,2,0,1
18,1,0,0,1,49,56,2,0,1
18,0,0,0,1,52,58,2,0,1
18,0,1,1,1,56,60,2,0,1
18,0,0,0,0,37,40,2,0,1
18,1,0,0,1,51,62,2,0,1
18,0,1,1,1,46,45,2,0,1
18,1,1,0,1,42,42,2,0,1
18,1,0,0,0,54,63,2,0,1
18,1,0,0,1,39,44,2,0,1
18,1,0,0,0,47,45,2,0,1
18,0,1,0,1,40,46,2,0,1
18,0,1,0,1,30,27,2,0,1
18,0,1,0,1,60,63,2,0,1
18,0,1,1,1,41,40,2,0,1
18,1,0,0,1,42,51,2,0,1
18,1,0,0,1,67,80,2,0,1
18,1,0,0,1,66,75,2,0,1
18,1,0,0,1,40,49,2,0,1
18,0,1,0,1,78,78,2,0,1
18,1,0,0,1,57,59,2,0,1
18,1,0,0,1,44,53,2,0,1
18,1,0,1,1,56,61,2,0,1
18,0,0,1,1,51,47,2,0,1
18,0,0,0,1,37,41,2,0,1
18,1,0,0,1,72,83,2,0,1
18,0,0,0,1,46,43,2,0,1
18,1,0,1,1,38,42,2,0,1
18,0,1,0,1,58,74,2,0,1
18,0,1,0,1,64,70,2,0,1
18,1,1,0,1,52,59,2,0,1
18,0,0,0,1,59,68,2,0,1
18,1,0,0,1,55,66,2,0,1
18,1,0,0,1,51,69,2,0,1
18,0,0,0,0,39,38,2,0,1
18,1,1,0,1,48,55,2,0,1
18,1,1,0,1,74,97,2,0,1
18,0,1,0,0,41,37,2,0,1
18,0,0,0,1,44,47,2,0,1
18,0,0,0,1,56,59,2,0,1
18,1,1,1,0,49,56,2,0,1
18,1,0,0,1,35,41,2,0,1
18,1,1,0,1,59,64,2,0,1
18,1,0,0,1,48,47,2,0,1
18,0,1,1,1,46,45,2,0,1
18,0,1,0,1,44,49,2,0,1
18,1,0,0,1,41,46,2,0,1
18,0,1,0,1,60,60,2,0,1
18,0,0,0,1,48,49,2,0,1
18,1,1,0,1,67,77,2,0,1
18,1,0,0,1,58,67,2,0,1
18,1,0,1,1,46,58,2,0,1
18,1,0,0,1,60,60,2,0,1
18,0,0,0,1,75,78,2,0,1
18,1,1,0,1,39,42,2,0,1
18,0,0,0,0,47,47,2,0,1
18,1,0,0,1,52,56,2,0,1
18,0,0,0,1,62,68,2,0,1
18,1,0,0,1,58,64,2,0,1
18,1,1,1,1,66,73,2,0,1
18,1,1,0,1,44,47,2,0,1
18,0,0,0,1,44,46,2,0,1
18,1,0,0,1,58,68,2,0,1
18,0,1,1,1,45,46,2,0,1
18,0,1,0,1,46,46,2,0,1
18,0,0,0,0,41,41,2,0,1
18,1,0,0,1,61,67,2,0,1
18,0,0,0,1,54,62,2,0,1
18,1,1,0,0,61,64,2,0,1
18,0,0,1,1,45,44,2,0,1
18,1,1,0,1,38,49,2,0,1
18,0,1,0,1,58,66,2,0,1
18,1,1,1,1,48,53,2,0,1
18,0,0,0,1,43,40,2,0,1
18,0,0,0,1,57,65,2,0,1
18,1,0,0,0,62,65,2,0,1
18,0,0,0,0,56,66,2,0,1
18,0,0,0,1,57,61,2,0,1
18,1,1,1,1,51,62,2,0,1
18,1,0,0,1,65,72,2,0,1
18,0,0,0,1,49,46,2,0,1
18,0,0,0,1,75,80,2,0,1
18,1,1,1,1,37,38,2,0,1
18,0,0,0,1,51,47,2,0,1
18,0,1,0,0,66,71,2,0,1
18,1,0,0,0,47,51,2,0,1
18,1,1,0,0,61,67,2,0,1
18,1,0,0,1,52,60,2,0,1
18,0,0,0,1,62,52,2,0,1
18,1,0,0,0,58,67,2,0,1
18,1,0,0,0,66,64,2,0,1
18,0,1,1,1,44,33,2,0,1
18,0,1,1,1,50,56,2,0,1
18,1,0,0,1,66,74,2,0,1
18,1,1,1,1,38,31,2,0,1
18,1,0,1,1,58,68,2,0,1
18,0,0,0,1,48,45,2,0,1
18,1,0,0,1,56,71,2,0,1
18,1,0,0,0,56,63,2,0,1
18,0,1,0,1,52,51,2,0,1
18,0,1,0,0,45,39,2,0,1
18,0,0,0,1,52,50,2,0,1
18,1,0,0,1,71,75,2,0,1
18,1,0,1,1,56,63,2,0,1
18,1,1,1,0,58,64,2,0,1
19,0,1,0,1,53,64,2,0,1
19,0,0,0,1,75,82,2,0,1
19,0,0,1,1,55,55,2,0,1
19,1,1,1,1,39,45,2,0,1
19,0,0,0,0,60,63,2,0,1
19,1,1,0,1,38,42,2,0,1
19,1,1,1,1,40,50,2,0,1
19,1,1,0,1,43,54,2,0,1
19,0,1,0,1,34,29,2,0,1
19,0,1,0,1,42,40,2,0,1
19,0,1,0,0,55,64,2,0,1
19,1,0,1,1,49,52,2,0,1
19,1,0,1,0,52,46,2,0,1
19,0,0,0,1,57,68,2,0,1
19,1,0,0,0,39,50,2,0,1
19,1,0,0,0,46,49,2,0,1
19,0,0,0,1,55,59,2,0,1
19,1,0,1,0,52,63,2,0,1
19,0,1,0,1,62,78,2,0,1
19,1,0,1,0,51,57,2,0,1
19,0,1,0,1,51,55,2,0,1
19,1,1,0,0,54,64,2,0,1
19,1,1,0,1,54,68,2,0,1
19,1,0,1,1,59,69,2,0,1
19,1,1,0,1,39,48,2,0,1
19,1,0,0,0,49,61,2,0,1
19,0,0,0,1,69,74,2,0,1
19,1,1,1,1,51,57,2,0,1
19,1,1,0,1,56,56,2,0,1
19,0,0,0,1,69,84,2,0,1
19,0,0,1,0,71,79,2,0,1
19,0,1,0,0,40,42,2,0,1
19,0,0,0,1,37,37,2,0,1
19,1,0,0,0,59,65,2,0,1
19,1,1,1,0,55,60,2,0,1
19,1,1,1,0,48,50,2,0,1
19,1,1,0,0,63,65,2,0,1
19,0,0,1,0,64,68,2,0,1
19,0,1,1,1,43,44,2,0,1
19,0,0,1,1,45,48,2,0,1
19,1,0,0,1,63,69,2,0,1
19,0,1,0,1,60,71,2,0,1
19,0,0,1,1,47,48,2,0,1
19,0,0,0,0,74,87,2,0,1
19,0,0,0,1,40,37,2,0,1
19,0,1,0,1,66,80,2,0,1
19,1,1,0,1,40,49,2,0,1
19,0,1,1,1,57,73,2,0,1
19,1,1,1,1,43,45,2,0,1
19,0,0,0,1,65,76,2,0,1
19,0,1,1,1,56,61,2,0,1
19,0,1,0,1,47,48,2,0,1
19,1,0,0,1,45,41,2,0,1
19,1,1,0,1,54,68,2,0,1
19,0,1,1,1,45,50,2,0,1
19,0,1,0,1,79,95,2,0,1
19,1,1,0,1,72,91,2,0,1
19,0,0,0,1,36,35,2,0,1
19,0,0,0,1,56,54,2,0,1
19,0,1,0,1,76,81,2,0,1
19,1,0,0,0,47,53,2,0,1
19,0,0,0,1,62,66,2,0,1
19,0,0,1,1,46,52,2,0,1
19,0,1,0,1,68,87,2,0,1
19,0,0,1,1,25,11,2,0,1
19,0,0,0,1,56,65,2,0,1
19,1,0,0,1,50,56,2,0,1
19,0,0,0,1,64,68,2,0,1
19,1,1,0,1,56,80,2,0,1
19,1,0,1,0,46,56,2,0,1
19,0,1,1,0,52,55,2,0,1
19,0,1,1,1,55,64,2,0,1
19,1,1,1,1,57,68,2,0,1
19,0,0,0,0,47,47,2,0,1
19,0,0,0,1,52,59,2,0,1
19,0,0,0,1,60,64,2,0,1
19,1,0,0,1,64,75,2,0,1
19,1,1,1,1,47,51,2,0,1
19,1,0,1,1,53,68,2,0,1
19,0,0,1,1,54,58,2,0,1
19,0,0,0,1,61,64,2,0,1
19,1,0,0,1,37,48,2,0,1
19,1,1,1,0,47,57,2,0,1
19,1,0,0,1,47,57,2,0,1
19,1,1,0,0,57,62,2,0,1
19,0,0,0,0,63,77,2,0,1
19,0,1,1,1,48,53,2,0,1
19,0,1,0,1,57,62,2,0,1
19,1,1,0,1,60,76,2,0,1
19,1,1,1,1,43,55,2,0,1
19,1,0,1,1,56,68,2,0,1
19,0,0,0,0,41,42,2,0,1
19,1,0,0,1,45,55,2,0,1
19,1,0,0,1,63,81,2,0,1
19,0,1,0,1,43,43,2,0,1
19,1,1,1,1,42,54,2,0,1
20,1,1,1,1,43,49,2,0,1
20,0,1,1,0,31,30,2,0,1
20,0,1,1,1,48,55,2,0,1
20,1,0,1,1,42,48,2,0,1
20,0,0,1,1,45,41,2,0,1
20,0,1,1,1,43,41,2,0,1
20,1,1,1,1,52,54,2,0,1
20,0,0,1,1,36,31,2,0,1
20,1,0,1,1,46,50,2,0,1
20,1,0,1,1,36,48,2,0,1
20,1,0,1,1,40,52,2,0,1
20,0,1,1,0,33,34,2,0,1
20,0,0,1,1,44,45,2,0,1
20,1,1,1,1,42,39,2,0,1
20,0,1,1,1,44,37,2,0,1
20,1,0,1,1,41,44,2,0,1
20,1,0,1,1,38,47,2,0,1
20,0,0,1,1,37,43,2,0,1
20,1,1,1,1,46,48,2,0,1
20,0,1,1,1,42,45,2,0,1
20,1,0,1,1,39,42,2,0,1
20,1,1,1,1,51,50,2,0,1
20,0,1,1,1,43,42,2,0,1
20,1,0,1,1,35,48,2,0,1
20,1,0,1,1,49,50,2,0,1
20,1,0,1,1,37,46,2,0,1
20,0,0,1,1,44,47,2,0,1
20,0,0,1,1,50,50,2,0,1
20,0,0,1,1,49,45,2,0,1
20,1,1,1,1,46,56,2,0,1
20,1,1,1,1,38,46,2,0,1
20,1,0,1,1,37,48,2,0,1
20,0,0,1,1,38,43,2,0,1
20,0,1,1,1,45,46,2,0,1
20,1,1,1,0,34,36,2,0,1
20,1,1,1,1,44,42,2,0,1
20,1,1,1,1,37,49,2,0,1
20,1,0,1,1,36,43,2,0,1
20,1,0,1,1,51,58,2,0,1
20,1,0,1,1,47,53,2,0,1
20,1,0,1,1,42,51,2,0,1
20,0,0,1,1,36,42,2,0,1
20,1,1,1,1,33,49,2,0,1
20,1,1,1,1,44,51,2,0,1
20,1,1,1,1,35,42,2,0,1
20,0,0,1,1,43,45,2,0,1
20,1,0,1,0,28,38,2,0,1
20,1,0,1,1,43,53,2,0,1
20,0,1,1,1,47,45,2,0,1
20,1,0,1,1,50,54,2,0,1
20,1,0,1,1,50,60,2,0,1
20,1,0,1,1,38,35,2,0,1
20,0,0,1,1,47,53,2,0,1
20,1,1,1,1,54,54,2,0,1
20,0,0,1,1,27,38,2,0,1
20,0,0,1,1,41,40,2,0,1
20,1,0,1,1,34,46,2,0,1
20,1,0,1,0,41,50,2,0,1
20,0,0,1,1,39,39,2,0,1
20,1,0,1,1,43,50,2,0,1
20,1,0,1,1,48,57,2,0,1
20,0,1,1,1,38,36,2,0,1
20,1,0,1,1,44,48,2,0,1
21,1,0,0,0,49,70,2,0,1
21,0,1,0,1,41,44,2,0,1
21,0,0,0,0,54,65,2,0,1
21,0,0,0,1,54,56,2,0,1
21,0,1,1,1,51,58,2,0,1
21,1,0,0,1,52,63,2,0,1
21,0,0,0,1,44,53,2,0,1
21,0,1,0,0,66,58,2,0,1
21,1,1,0,1,51,44,2,0,1
21,1,0,0,1,49,58,2,0,1
21,0,0,0,1,34,38,2,0,1
21,0,0,0,1,52,59,2,0,1
21,1,1,0,1,32,41,2,0,1
21,1,0,0,0,47,62,2,0,1
21,0,0,0,1,37,45,2,0,1
21,0,0,0,1,49,62,2,0,1
21,0,1,0,0,41,48,2,0,1
21,0,0,0,1,20,25,2,0,1
21,0,1,1,1,46,58,2,0,1
21,1,0,0,1,39,41,2,0,1
21,1,1,0,1,56,61,2,0,1
21,0,1,0,1,41,54,2,0,1
21,0,1,0,0,54,65,2,0,1
21,1,0,0,1,48,68,2,0,1
21,1,1,0,1,46,58,2,0,1
21,1,0,1,1,49,55,2,0,1
21,1,1,0,1,48,59,2,0,1
21,0,0,0,1,49,52,2,0,1
21,0,1,0,1,49,50,2,0,1
21,1,1,1,0,46,47,2,0,1
21,0,0,0,1,57,54,2,0,1
21,1,1,0,1,60,66,2,0,1
21,1,1,1,0,53,64,2,0,1
21,1,1,0,1,66,74,2,0,1
21,1,1,0,1,58,60,2,0,1
21,0,0,0,1,41,50,2,0,1
21,1,0,1,1,55,66,2,0,1
21,0,1,0,1,42,50,2,0,1
21,0,1,0,1,59,56,2,0,1
21,0,0,0,1,43,54,2,0,1
21,0,1,1,1,46,56,2,0,1
21,1,0,0,1,41,44,2,0,1
21,1,0,0,1,49,44,2,0,1
21,0,0,0,1,50,53,2,0,1
22,0,1,0,1,43,56,2,0,1
22,0,1,0,1,44,55,2,0,1
22,0,0,0,0,45,59,2,0,1
22,0,1,0,1,56,59,2,0,1
22,0,1,0,0,45,50,2,0,1
22,0,0,0,1,60,55,2,0,1
22,1,0,0,1,56,72,2,0,1
22,0,1,0,1,67,74,2,0,1
22,0,1,0,1,58,71,2,0,1
22,0,0,0,1,40,48,2,0,1
22,1,0,0,1,69,74,2,0,1
22,1,0,0,0,45,54,2,0,1
22,0,1,0,1,67,69,2,0,1
22,0,0,0,1,64,63,2,0,1
22,0,1,0,1,72,67,2,0,1
22,0,1,0,0,64,73,2,0,1
22,1,1,0,0,66,72,2,0,1
22,0,1,0,1,49,60,2,0,1
22,0,1,0,1,44,45,2,0,1
22,0,0,0,1,58,75,2,0,1
22,0,1,0,1,30,44,2,0,1
22,1,1,0,0,57,57,2,0,1
22,1,1,0,1,57,64,2,0,1
22,1,0,0,0,48,59,2,0,1
22,1,1,0,1,34,43,2,0,1
22,0,1,0,1,55,67,2,0,1
22,0,0,0,1,45,49,2,0,1
22,1,1,0,0,58,63,2,0,1
22,0,0,0,1,44,57,2,0,1
22,0,0,0,0,79,90,2,0,1
22,1,1,0,1,68,75,2,0,1
22,1,1,0,0,65,58,2,0,1
22,1,0,0,1,66,70,2,0,1
22,0,0,0,1,61,61,2,0,1
22,0,1,0,1,63,69,2,0,1
22,0,1,0,1,42,47,2,0,1
22,0,0,0,0,52,53,2,0,1
22,0,1,0,1,36,50,2,0,1
22,0,1,0,0,52,60,2,0,1
22,0,1,0,1,52,50,2,0,1
22,1,0,0,1,50,65,2,0,1
22,0,1,0,0,54,54,2,0,1
22,0,0,0,0,55,61,2,0,1
22,0,0,0,1,44,54,2,0,1
22,1,1,0,1,52,55,2,0,1
22,1,1,0,1,45,45,2,0,1
22,1,1,0,1,56,67,2,0,1
22,1,0,0,1,55,64,2,0,1
22,0,1,0,1,48,52,2,0,1
22,1,0,0,0,59,68,2,0,1
23,0,1,0,0,55,61,2,0,1
23,1,1,0,0,59,74,2,0,1
23,1,0,1,1,48,55,2,0,1
23,1,0,0,1,54,66,2,0,1
23,0,0,0,1,43,42,2,0,1
23,1,1,0,1,45,49,2,0,1
23,0,0,0,1,29,30,2,0,1
23,1,1,0,0,49,55,2,0,1
23,0,0,0,1,46,46,2,0,1
23,1,0,0,0,68,79,2,0,1
23,1,0,0,1,36,40,2,0,1
23,1,1,0,1,51,64,2,0,1
23,1,1,0,1,55,56,2,0,1
23,0,0,0,1,68,72,2,0,1
23,0,0,0,1,49,55,2,0,1
23,0,0,0,1,53,55,2,0,1
23,1,0,0,1,46,55,2,0,1
23,1,1,0,1,45,46,2,0,1
23,0,1,0,1,53,54,2,0,1
23,0,0,0,1,49,56,2,0,1
23,1,1,0,1,55,62,2,0,1
23,0,0,1,1,44,42,2,0,1
23,1,1,1,0,46,55,2,0,1
23,1,0,0,1,42,49,2,0,1
23,1,0,0,1,51,61,2,0,1
23,1,0,1,1,28,26,2,0,1
23,0,0,0,1,43,46,2,0,1
23,0,0,1,1,56,55,2,0,1
23,0,0,0,1,49,46,2,0,1
23,0,0,1,1,45,47,2,0,1
23,0,0,0,0,50,49,2,0,1
23,1,1,0,1,35,33,2,0,1
23,1,1,0,0,57,61,2,0,1
23,0,1,0,0,49,50,2,0,1
23,1,1,0,1,53,59,2,0,1
23,1,0,0,1,54,63,2,0,1
23,1,0,0,1,40,49,2,0,1
23,1,0,0,1,57,64,2,0,1
23,0,0,0,1,48,55,2,0,1
23,1,0,0,0,47,53,2,0,1
23,0,1,1,1,62,61,2,0,1
23,1,0,0,1,35,40,2,0,1
23,0,1,0,0,47,53,2,0,1
23,1,1,0,1,39,49,2,0,1
23,0,1,0,1,56,56,2,0,1
23,1,1,0,0,54,65,2,0,1
23,1,0,0,0,45,51,2,0,1
23,1,0,0,1,63,67,2,0,1
23,1,0,1,1,26,24,2,0,1
23,1,0,0,0,64,79,2,0,1
23,0,0,0,1,42,50,2,0,1
23,0,1,1,1,38,37,2,0,1
23,0,1,0,1,34,35,2,0,1
23,0,0,1,1,43,46,2,0,1
23,0,1,0,1,49,53,2,0,1
23,1,1,0,1,50,51,2,0,1
23,0,0,1,0,44,40,2,0,1
23,0,0,0,1,33,33,2,0,1
23,0,0,1,1,48,51,2,0,1
23,0,0,0,1,58,60,2,0,1
23,0,0,1,0,61,69,2,0,1
23,0,1,0,1,46,41,2,0,1
23,0,1,0,0,59,63,2,0,1
24,1,0,1,1,48,56,3,0,1
24,1,1,0,0,67,71,3,0,1
24,1,1,1,1,52,56,3,0,1
24,0,1,1,1,31,38,3,0,1
24,1,1,0,1,47,56,3,0,1
24,1,1,1,0,59,67,3,0,1
24,1,1,0,1,53,65,3,0,1
24,1,0,0,1,49,57,3,0,1
24,0,0,0,1,62,71,3,0,1
24,1,1,1,1,50,52,3,0,1
24,1,1,1,0,50,57,3,0,1
24,1,1,0,0,79,96,3,0,1
24,0,0,0,1,62,69,3,0,1
24,1,0,1,1,57,58,3,0,1
24,0,0,0,0,64,61,3,0,1
24,1,0,1,1,65,69,3,0,1
24,1,0,0,1,46,60,3,0,1
24,0,0,0,0,63,73,3,0,1
24,1,1,0,0,56,60,3,0,1
24,0,0,0,0,60,68,3,0,1
24,1,1,1,1,45,49,3,0,1
24,1,1,0,0,44,55,3,0,1
24,1,0,1,1,48,62,3,0,1
24,1,0,0,1,57,63,3,0,1
24,0,1,0,0,68,77,3,0,1
24,1,0,0,0,67,69,3,0,1
24,1,1,0,0,76,77,3,0,1
24,1,0,1,0,56,65,3,0,1
24,0,0,1,1,41,41,3,0,1
24,1,0,1,0,58,71,3,0,1
24,0,0,0,1,55,54,3,0,1
24,1,0,0,1,59,67,3,0,1
24,0,1,0,1,54,61,3,0,1
24,1,1,0,0,62,70,3,0,1
24,1,1,0,1,56,61,3,0,1
24,0,1,0,0,68,73,3,0,1
24,1,0,0,1,52,56,3,0,1
24,1,1,0,1,73,80,3,0,1
24,0,1,0,0,65,71,3,0,1
24,1,0,1,1,53,66,3,0,1
24,0,1,1,0,55,59,3,0,1
24,1,1,1,1,55,61,3,0,1
24,0,0,0,1,52,65,3,0,1
24,0,1,0,1,45,44,3,0,1
24,1,1,1,1,46,57,3,0,1
24,0,1,0,1,55,55,3,0,1
25,0,0,0,1,58,72,3,0,1
25,0,0,1,1,48,50,3,0,1
25,1,0,0,1,49,43,3,0,1
25,0,1,0,1,54,50,3,0,1
25,1,0,1,1,61,64,3,0,1
25,1,1,0,0,54,59,3,0,1
25,1,0,0,0,53,63,3,0,1
25,1,0,1,1,62,66,3,0,1
25,1,1,0,1,65,75,3,0,1
25,1,0,1,1,50,46,3,0,1
25,0,1,1,1,49,45,3,0,1
25,1,1,1,1,52,61,3,0,1
25,1,1,0,0,68,83,3,0,1
25,0,0,0,1,50,55,3,0,1
25,1,0,0,1,52,48,3,0,1
25,0,1,1,1,53,65,3,0,1
25,0,1,0,0,74,74,3,0,1
25,0,0,1,1,63,59,3,0,1
25,1,0,0,1,38,39,3,0,1
25,0,1,0,1,41,26,3,0,1
25,0,1,1,1,37,34,3,0,1
25,1,0,0,1,61,68,3,0,1
25,0,1,0,1,51,49,3,0,1
25,0,1,0,0,50,49,3,0,1
25,0,1,1,0,63,63,3,0,1
25,0,1,0,1,53,50,3,0,1
25,1,0,1,1,68,67,3,0,1
25,1,0,1,1,60,63,3,0,1
25,1,1,0,1,53,58,3,0,1
25,1,0,0,1,50,59,3,0,1
25,1,1,1,1,57,64,3,0,1
25,0,0,0,1,47,44,3,0,1
25,1,1,1,1,52,59,3,0,1
25,0,1,1,0,37,36,3,0,1
25,1,0,0,1,43,54,3,0,1
25,1,1,0,0,44,52,3,0,1
25,0,1,1,1,45,52,3,0,1
25,1,1,0,1,58,67,3,0,1
25,1,1,0,1,54,48,3,0,1
25,1,0,0,1,70,84,3,0,1
25,0,0,0,0,67,76,3,0,1
25,0,1,0,0,68,74,3,0,1
25,0,1,1,1,60,68,3,0,1
25,0,1,0,1,57,53,3,0,1
25,0,1,0,1,61,61,3,0,1
25,0,0,0,1,54,49,3,0,1
25,0,1,1,0,74,76,3,0,1
25,0,1,1,0,55,52,3,0,1
25,0,1,0,1,61,66,3,0,1
25,1,0,0,1,71,78,3,0,1
25,1,1,0,1,63,76,3,0,1
25,1,1,1,1,43,57,3,0,1
25,0,1,0,1,50,47,3,0,1
25,1,0,0,1,37,27,3,0,1
25,0,1,1,1,49,40,3,0,1
25,1,1,1,1,40,42,3,0,1
25,0,0,0,1,71,69,3,0,1
25,1,1,0,1,52,56,3,0,1
25,1,0,1,1,60,62,3,0,1
25,0,1,0,1,58,55,3,0,1
25,1,0,1,1,57,60,3,0,1
25,0,1,0,0,65,62,3,0,1
25,0,0,0,1,55,47,3,0,1
25,1,0,0,1,59,62,3,0,1
25,0,0,0,1,67,66,3,0,1
25,0,0,0,1,57,56,3,0,1
25,0,1,0,1,51,50,3,0,1
25,1,1,0,1,61,60,3,0,1
25,1,0,0,1,60,72,3,0,1
25,0,1,0,1,48,46,3,0,1
25,1,1,0,0,71,72,3,0,1
25,1,1,1,1,50,57,3,0,1
25,0,0,1,1,82,90,3,0,1
25,1,1,1,1,46,46,3,0,1
25,0,0,0,1,57,52,3,0,1
26,1,1,1,1,57,63,3,0,1
26,1,0,1,1,67,80,3,0,1
26,0,0,1,0,50,52,3,0,1
26,1,1,0,1,46,54,3,0,1
26,1,1,1,1,24,41,3,0,1
26,0,0,0,0,46,58,3,0,1
26,0,0,1,0,45,64,3,0,1
26,0,1,1,1,38,46,3,0,1
26,0,0,1,0,54,58,3,0,1
26,0,1,0,1,51,55,3,0,1
26,1,1,0,1,61,65,3,0,1
26,0,1,0,1,54,41,3,0,1
26,0,0,1,1,46,56,3,0,1
26,0,0,0,1,33,41,3,0,1
26,0,1,1,1,48,42,3,0,1
26,0,0,0,0,54,59,3,0,1
26,1,1,1,1,49,58,3,0,1
26,0,1,0,1,48,47,3,0,1
26,1,1,0,1,46,46,3,0,1
26,1,1,0,1,62,68,3,0,1
26,0,0,0,1,55,66,3,0,1
26,0,1,0,1,38,37,3,0,1
27,0,1,1,1,56,58,3,0,1
27,0,0,1,0,39,34,3,0,1
27,0,0,0,1,49,41,3,0,1
27,1,1,0,1,55,62,3,0,1
27,1,0,1,1,54,65,3,0,1
27,1,0,0,1,56,63,3,0,1
27,0,1,1,1,43,42,3,0,1
27,0,1,1,1,42,42,3,0,1
27,1,0,1,1,56,66,3,0,1
27,1,1,1,1,47,51,3,0,1
27,1,1,1,1,62,64,3,0,1
27,0,1,1,0,51,51,3,0,1
27,0,1,0,1,58,63,3,0,1
27,1,0,0,1,45,48,3,0,1
27,1,1,0,0,60,74,3,0,1
27,1,0,0,1,55,63,3,0,1
27,0,1,1,1,58,54,3,0,1
27,0,1,0,1,56,58,3,0,1
27,0,0,1,1,38,34,3,0,1
27,1,0,1,1,54,65,3,0,1
27,0,1,0,1,44,42,3,0,1
27,0,0,1,1,59,57,3,0,1
27,1,0,0,1,55,64,3,0,1
27,0,0,1,0,63,64,3,0,1
27,1,1,0,0,47,56,3,0,1
27,1,1,1,1,53,58,3,0,1
27,1,0,0,0,56,59,3,0,1
27,0,1,1,1,52,50,3,0,1
27,0,0,0,1,47,44,3,0,1
27,0,0,1,1,43,43,3,0,1
27,0,0,1,1,54,52,3,0,1
27,1,1,0,0,57,62,3,0,1
27,0,1,0,1,52,51,3,0,1
27,1,1,0,1,56,65,3,0,1
27,0,1,1,1,49,51,3,0,1
27,1,1,1,1,43,44,3,0,1
27,0,1,1,1,30,20,3,0,1
27,0,1,1,1,62,61,3,0,1
27,1,0,1,1,61,71,3,0,1
27,0,0,0,0,49,53,3,0,1
27,1,0,0,1,42,43,3,0,1
27,1,1,0,1,63,73,3,0,1
27,0,1,1,1,51,42,3,0,1
27,1,0,1,1,56,67,3,0,1
27,0,1,1,1,46,40,3,0,1
27,1,0,1,1,55,62,3,0,1
28,0,0,0,0,55,59,3,0,1
28,0,1,0,0,65,77,3,0,1
28,1,1,1,1,48,54,3,0,1
28,1,1,0,1,64,80,3,0,1
28,0,0,0,0,76,88,3,0,1
28,0,0,0,0,52,60,3,0,1
28,1,1,1,1,60,74,3,0,1
28,1,1,0,0,55,59,3,0,1
28,0,0,1,1,58,68,3,0,1
28,0,1,0,1,59,63,3,0,1
28,1,1,0,1,49,55,3,0,1
28,1,0,1,1,53,65,3,0,1
28,1,0,1,1,52,61,3,0,1
28,0,0,1,0,53,62,3,0,1
28,1,0,1,0,50,54,3,0,1
28,0,1,1,0,55,59,3,0,1
28,1,1,1,0,45,55,3,0,1
28,0,0,0,1,51,56,3,0,1
28,1,0,1,1,44,47,3,0,1
28,0,1,1,0,35,37,3,0,1
28,0,1,1,1,46,46,3,0,1
28,0,1,1,0,51,52,3,0,1
28,1,0,1,1,39,47,3,0,1
28,1,0,1,1,34,40,3,0,1
28,1,0,1,1,49,58,3,0,1
28,0,0,1,0,62,67,3,0,1
28,1,1,0,0,59,73,3,0,1
28,1,1,1,1,42,51,3,0,1
28,1,0,1,1,49,59,3,0,1
28,1,0,0,0,59,72,3,0,1
28,1,1,1,1,52,57,3,0,1
28,0,1,0,0,59,64,3,0,1
28,1,0,1,0,57,64,3,0,1
28,0,0,0,0,52,64,3,0,1
28,0,1,1,1,58,60,3,0,1
28,0,1,1,0,44,44,3,0,1
28,0,1,1,0,50,53,3,0,1
28,0,0,0,1,69,75,3,0,1
28,1,1,0,1,62,74,3,0,1
28,1,0,1,0,50,56,3,0,1
28,1,1,0,0,63,72,3,0,1
28,0,1,1,1,44,49,3,0,1
28,1,0,0,0,50,61,3,0,1
28,1,1,1,1,61,72,3,0,1
28,0,1,1,1,50,47,3,0,1
28,0,1,0,0,58,65,3,0,1
28,0,0,1,1,47,51,3,0,1
28,0,1,1,1,53,53,3,0,1
29,0,0,0,0,53,52,3,0,1
29,1,0,0,0,67,78,3,0,1
29,1,0,0,1,60,74,3,0,1
29,0,1,0,1,65,77,3,0,1
29,0,1,0,1,67,79,3,0,1
29,1,0,0,0,54,59,3,0,1
29,0,1,0,1,49,50,3,0,1
29,0,0,1,1,68,74,3,0,1
29,1,1,0,1,55,63,3,0,1
29,1,0,0,0,47,59,3,0,1
29,0,1,1,1,48,56,3,0,1
29,0,1,1,1,48,52,3,0,1
29,0,1,0,0,37,41,3,0,1
29,1,0,1,0,52,59,3,0,1
29,0,0,0,1,54,59,3,0,1
29,0,1,1,0,56,62,3,0,1
29,0,1,0,1,61,70,3,0,1
29,1,0,0,1,57,71,3,0,1
29,0,0,0,0,53,62,3,0,1
29,1,0,1,0,45,52,3,0,1
29,1,0,0,0,71,79,3,0,1
29,1,1,0,0,52,64,3,0,1
29,1,0,1,0,48,61,3,0,1
29,1,1,0,1,62,71,3,0,1
29,0,0,1,0,71,78,3,0,1
29,0,0,0,1,75,87,3,0,1
29,0,0,0,0,44,43,3,0,1
29,1,1,1,1,49,58,3,0,1
29,0,0,0,0,47,43,3,0,1
29,0,1,1,0,46,54,3,0,1
29,0,0,0,1,68,82,3,0,1
29,1,0,1,1,47,53,3,0,1
29,0,1,0,1,81,91,3,0,1
29,0,1,0,0,55,62,3,0,1
29,0,0,0,1,56,59,3,0,1
29,0,1,1,0,61,67,3,0,1
29,1,1,1,0,74,83,3,0,1
29,1,1,0,1,67,78,3,0,1
29,1,1,1,1,56,70,3,0,1
29,0,0,0,1,82,91,3,0,1
29,1,0,1,0,54,66,3,0,1
29,1,0,0,0,65,76,3,0,1
29,1,0,0,0,67,67,3,0,1
29,0,0,1,0,65,69,3,0,1
29,1,0,1,1,61,68,3,0,1
29,0,1,0,1,49,54,3,0,1
29,0,1,0,1,54,55,3,0,1
29,1,1,0,1,78,94,3,0,1
29,0,1,1,1,40,41,3,0,1
29,0,0,1,1,59,59,3,0,1
29,0,1,0,1,36,39,3,0,1
29,1,1,1,0,42,53,3,0,1
29,1,0,1,1,35,41,3,0,1
29,0,1,0,1,49,52,3,0,1
29,1,0,0,0,60,75,3,0,1
29,1,1,0,0,76,89,3,0,1
29,1,0,0,0,67,81,3,0,1
29,0,1,1,1,50,49,3,0,1
29,0,0,0,0,74,81,3,0,1
29,1,1,0,1,54,64,3,0,1
29,0,0,1,1,68,74,3,0,1
29,1,0,0,0,58,78,3,0,1
29,0,1,1,0,44,49,3,0,1
30,1,0,0,0,81,97,3,0,1
30,1,1,0,1,63,77,3,0,1
30,1,1,0,0,51,73,3,0,1
30,0,1,1,1,44,43,3,0,1
30,1,1,0,0,69,68,3,0,1
30,1,0,0,0,57,62,3,0,1
30,1,0,1,1,45,52,3,0,1
30,1,0,0,1,62,82,3,0,1
30,1,0,1,0,68,79,3,0,1
30,1,0,0,1,79,81,3,0,1
30,0,1,1,0,57,66,3,0,1
30,0,1,0,1,53,63,3,0,1
30,1,1,1,0,60,72,3,0,1
30,0,1,0,1,59,59,3,0,1
30,0,1,0,1,47,48,3,0,1
30,1,0,0,1,67,78,3,0,1
30,1,1,0,1,41,36,3,0,1
30,0,0,0,0,59,59,3,0,1
30,0,1,0,1,50,50,3,0,1
30,0,1,0,0,61,65,3,0,1
30,0,1,0,1,63,56,3,0,1
30,1,1,1,1,39,39,3,0,1
30,0,1,1,1,49,42,3,0,1
30,0,1,1,1,39,40,3,0,1
30,1,1,1,0,74,87,3,0,1
30,1,1,0,0,51,60,3,0,1
31,0,1,0,1,48,56,3,0,1
31,1,1,0,0,53,64,3,0,1
31,0,1,0,1,60,65,3,0,1
31,0,1,0,0,51,63,3,0,1
31,1,1,0,1,55,63,3,0,1
31,1,1,0,0,63,74,3,0,1
31,0,1,0,1,58,52,3,0,1
31,1,0,0,1,47,55,3,0,1
31,0,0,0,1,56,63,3,0,1
31,0,1,0,1,57,54,3,0,1
31,1,0,0,1,54,64,3,0,1
31,0,0,1,0,44,44,3,0,1
31,0,1,0,0,44,51,3,0,1
31,1,0,0,0,41,50,3,0,1
31,1,0,0,1,44,53,3,0,1
31,1,0,0,0,52,64,3,0,1
31,0,1,0,1,56,67,3,0,1
31,0,1,0,1,46,53,3,0,1
31,1,1,0,1,59,60,3,0,1
31,1,1,0,1,64,73,3,0,1
31,0,0,0,1,56,60,3,0,1
32,0,0,0,1,55,53,3,0,1
32,1,1,0,1,45,65,3,0,1
32,0,0,1,0,57,69,3,0,1
32,1,0,1,0,64,76,3,0,1
32,1,1,0,1,38,51,3,0,1
32,0,1,0,1,42,56,3,0,1
32,0,0,0,1,55,62,3,0,1
32,1,1,0,1,51,56,3,0,1
32,0,1,0,0,45,54,3,0,1
32,0,1,0,1,49,52,3,0,1
32,1,0,0,1,49,55,3,0,1
32,0,0,1,1,34,45,3,0,1
32,1,0,1,0,58,81,3,0,1
32,1,1,0,0,51,69,3,0,1
32,0,0,0,1,50,49,3,0,1
32,1,0,0,1,60,66,3,0,1
32,0,1,0,1,58,59,3,0,1
32,1,1,0,0,48,62,3,0,1
32,1,0,0,0,48,73,3,0,1
32,1,0,1,1,48,61,3,0,1
32,1,1,1,1,54,63,3,0,1
32,1,0,0,1,47,54,3,0,1
32,1,1,0,0,66,80,3,0,1
32,0,0,1,1,49,59,3,0,1
32,1,1,1,1,22,39,3,0,1
33,1,1,0,1,49,62,3,0,1
33,1,0,0,1,59,60,3,0,1
33,0,0,0,1,66,62,3,0,1
33,0,1,0,1,49,56,3,0,1
33,1,0,0,1,58,73,3,0,1
33,1,1,0,1,57,66,3,0,1
33,0,1,0,1,57,52,3,0,1
33,1,0,0,1,57,65,3,0,1
33,0,1,1,0,63,64,3,0,1
33,0,0,0,0,48,46,3,0,1
33,1,1,0,1,45,49,3,0,1
33,0,1,0,0,57,53,3,0,1
33,0,0,0,1,59,62,3,0,1
33,1,1,0,1,43,53,3,0,1
33,1,0,1,1,51,56,3,0,1
33,1,1,1,1,59,61,3,0,1
33,0,0,0,1,39,35,3,0,1
33,0,0,0,1,65,63,3,0,1
33,0,0,1,1,50,55,3,0,1
33,0,0,0,1,59,68,3,0,1
33,0,0,0,0,56,55,3,0,1
33,0,0,0,1,53,61,3,0,1
33,1,0,0,1,47,50,3,0,1
33,0,1,0,1,69,63,3,0,1
33,1,1,0,1,45,57,3,0,1
33,0,0,0,1,62,70,3,0,1
33,0,0,0,1,66,67,3,0,1
33,1,0,0,1,57,61,3,0,1
33,0,0,0,1,49,50,3,0,1
33,1,0,0,1,48,59,3,0,1
33,0,0,0,1,47,55,3,0,1
33,0,0,0,1,51,58,3,0,1
33,0,0,0,1,59,71,3,0,1
33,1,1,0,1,45,43,3,0,1
33,1,0,0,1,60,69,3,0,1
33,0,1,0,1,61,45,3,0,1
33,1,0,0,0,53,64,3,0,1
33,0,0,0,1,54,50,3,0,1
33,0,0,1,1,51,40,3,0,1
33,1,0,0,1,49,59,3,0,1
33,1,0,1,1,36,39,3,0,1
33,0,1,1,1,63,60,3,0,1
33,0,0,0,1,56,53,3,0,1
33,1,1,0,0,34,45,3,0,1
33,0,1,1,1,47,58,3,0,1
33,0,1,0,1,49,57,3,0,1
33,0,0,0,0,64,67,3,0,1
33,0,1,0,1,50,56,3,0,1
33,1,1,1,1,51,53,3,0,1
33,0,0,1,1,56,58,3,0,1
33,0,1,0,1,58,63,3,0,1
33,0,0,1,1,41,49,3,0,1
33,1,0,0,0,57,56,3,0,1
33,1,0,0,1,51,68,3,0,1
33,0,0,0,1,62,68,3,0,1
33,0,1,0,1,53,52,3,0,1
33,1,1,1,1,53,62,3,0,1
33,0,1,0,1,69,79,3,0,1
33,1,0,1,0,53,54,3,0,1
33,0,1,0,1,51,58,3,0,1
33,1,0,0,1,55,62,3,0,1
33,1,1,0,0,49,64,3,0,1
33,1,1,0,1,68,74,3,0,1
33,0,1,0,1,52,56,3,0,1
33,1,1,1,1,60,64,3,0,1
33,1,0,0,1,51,50,3,0,1
33,1,1,1,0,61,60,3,0,1
33,1,0,0,1,48,50,3,0,1
33,1,1,0,0,49,55,3,0,1
33,1,0,0,1,53,57,3,0,1
33,0,0,0,1,67,62,3,0,1
33,0,1,0,1,61,70,3,0,1
33,0,0,0,1,52,52,3,0,1
33,0,1,0,0,60,64,3,0,1
33,1,0,0,1,44,48,3,0,1
34,0,1,1,1,45,49,3,0,1
34,0,1,1,1,40,33,3,0,1
34,1,1,0,1,68,66,3,0,1
34,0,0,0,1,65,57,3,0,1
34,1,0,0,0,63,62,3,0,1
34,1,1,0,1,75,78,3,0,1
34,0,0,1,1,52,54,3,0,1
34,0,1,0,1,37,39,3,0,1
34,0,0,0,1,57,57,3,0,1
34,1,1,0,0,53,64,3,0,1
34,1,1,0,0,72,73,3,0,1
34,0,0,1,1,61,59,3,0,1
34,0,1,0,1,50,56,3,0,1
34,0,1,1,1,57,62,3,0,1
34,1,0,0,1,69,79,3,0,1
34,0,0,1,0,48,51,3,0,1
34,1,1,0,1,25,29,3,0,1
34,0,0,0,1,46,41,3,0,1
34,1,0,1,1,46,47,3,0,1
34,1,1,0,1,47,53,3,0,1
34,0,1,0,0,67,66,3,0,1
34,0,1,0,1,64,65,3,0,1
34,1,1,0,1,47,56,3,0,1
34,1,1,0,1,44,56,3,0,1
34,1,1,0,0,50,52,3,0,1
34,0,1,0,1,43,46,3,0,1
34,1,1,0,0,56,50,3,0,1
34,1,0,0,0,53,67,3,0,1
34,0,0,0,1,47,57,3,0,1
34,0,1,0,0,64,73,3,0,1
34,0,1,1,1,56,49,3,0,1
34,0,1,0,1,51,42,3,0,1
34,0,0,0,1,55,47,3,0,1
34,1,0,0,1,54,58,3,0,1
34,1,1,0,1,49,61,3,0,1
34,1,1,1,1,49,57,3,0,1
34,0,1,0,1,62,61,3,0,1
34,0,1,1,1,50,52,3,0,1
34,0,1,0,1,48,50,3,0,1
34,0,1,1,1,42,45,3,0,1
34,0,1,1,1,47,43,3,0,1
34,1,1,0,1,42,42,3,0,1
34,0,0,0,1,33,29,3,0,1
34,0,1,0,1,44,42,3,0,1
34,0,1,0,0,61,69,3,0,1
34,1,1,1,0,53,57,3,0,1
34,1,1,0,1,55,63,3,0,1
34,1,0,1,1,43,45,3,0,1
34,1,1,0,1,66,70,3,0,1
34,1,1,0,1,68,71,3,0,1
34,0,1,1,0,43,50,3,0,1
34,1,1,1,1,72,74,3,0,1
34,1,0,1,1,41,48,3,0,1
34,0,0,1,1,56,58,3,0,1
34,0,0,0,0,49,60,3,0,1
34,0,1,0,1,65,63,3,0,1
34,0,1,1,0,41,50,3,0,1
34,0,1,1,1,51,55,3,0,1
34,1,1,1,1,42,49,3,0,1
34,0,1,1,0,56,53,3,0,1
34,0,0,0,1,39,40,3,0,1
34,0,0,0,1,39,34,3,0,1
34,1,1,0,1,56,58,3,0,1
34,0,0,0,1,50,51,3,0,1
34,1,0,0,1,60,62,3,0,1
34,1,1,1,1,66,69,3,0,1
34,1,1,0,1,57,61,3,0,1
34,0,1,1,1,50,55,3,0,1
34,0,1,0,1,65,59,3,0,1
35,1,0,0,1,60,56,3,0,1
35,0,1,0,1,39,44,3,0,1
35,1,1,0,1,43,51,3,0,1
35,0,1,1,1,54,53,3,0,1
35,0,1,1,1,54,55,3,0,1
35,0,0,0,0,46,48,3,0,1
35,1,0,1,1,30,37,3,0,1
35,0,1,0,1,49,46,3,0,1
35,0,1,1,1,50,49,3,0,1
35,0,1,0,1,52,57,3,0,1
35,0,0,1,1,42,37,3,0,1
35,0,1,1,1,40,41,3,0,1
35,0,1,1,1,51,48,3,0,1
35,1,1,1,1,43,56,3,0,1
35,0,1,0,1,56,55,3,0,1
35,1,1,0,1,58,61,3,0,1
35,1,1,1,1,49,62,3,0,1
35,0,1,1,1,50,47,3,0,1
35,0,1,0,1,48,56,3,0,1
35,1,0,0,1,52,60,3,0,1
35,1,1,0,1,46,50,3,0,1
36,1,0,0,0,63,75,3,0,1
36,1,1,0,0,48,56,3,0,1
36,0,1,0,1,53,47,3,0,1
36,1,1,0,1,46,51,3,0,1
36,0,0,0,0,56,50,3,0,1
36,0,0,1,1,72,78,3,0,1
36,0,0,0,1,61,59,3,0,1
36,0,1,1,1,62,73,3,0,1
36,0,1,0,1,23,32,3,0,1
36,1,0,0,0,72,83,3,0,1
36,1,1,0,1,41,46,3,0,1
36,0,1,0,1,64,51,3,0,1
36,1,0,0,1,55,60,3,0,1
36,1,1,0,1,53,62,3,0,1
36,1,1,0,1,48,49,3,0,1
36,1,1,0,1,72,75,3,0,1
36,1,0,0,1,62,75,3,0,1
36,0,1,0,1,48,40,3,0,1
36,1,1,0,1,61,67,3,0,1
36,0,1,1,1,54,53,3,0,1
36,1,1,0,1,32,42,3,0,1
37,1,0,0,0,62,73,3,0,1
37,1,0,1,1,44,48,3,0,1
37,0,1,0,1,49,42,3,0,1
37,0,1,0,1,35,33,3,0,1
37,1,0,0,0,47,63,3,0,1
37,0,0,1,1,43,38,3,0,1
37,0,1,0,0,51,57,3,0,1
37,1,1,0,1,42,49,3,0,1
37,1,0,0,0,37,44,3,0,1
37,0,1,0,1,69,68,3,0,1
37,0,0,1,1,46,47,3,0,1
37,1,1,0,0,48,51,3,0,1
37,1,0,1,1,46,58,3,0,1
37,0,0,1,0,54,58,3,0,1
37,1,0,1,1,61,73,3,0,1
37,1,0,0,1,57,64,3,0,1
37,0,1,1,0,39,33,3,0,1
37,1,0,0,0,68,83,3,0,1
37,1,1,0,1,57,61,3,0,1
37,0,1,0,1,64,64,3,0,1
37,1,1,0,1,57,62,3,0,1
37,1,1,0,0,64,69,3,0,1
37,0,1,1,1,45,47,3,0,1
37,1,0,0,1,52,56,3,0,1
37,0,1,0,0,55,58,3,0,1
37,1,1,0,1,39,38,3,0,1
37,1,0,1,0,57,66,3,0,1
37,0,1,0,1,47,46,3,0,1
37,1,0,0,1,49,57,3,0,1
37,0,0,0,1,70,82,3,0,1
37,0,1,0,1,57,64,3,0,1
37,1,0,0,1,42,54,3,0,1
37,1,1,0,1,43,49,3,0,1
37,0,0,0,1,54,57,3,0,1
37,0,0,1,1,45,43,3,0,1
37,0,0,0,0,57,59,3,0,1
37,1,1,0,1,58,60,3,0,1
37,1,0,1,0,47,50,3,0,1
37,0,0,1,1,65,68,3,0,1
37,0,0,0,1,38,44,3,0,1
37,0,0,0,1,57,63,3,0,1
37,1,0,0,0,43,50,3,0,1
37,1,1,1,0,32,29,3,0,1
37,0,0,0,1,37,36,3,0,1
38,0,0,0,1,57,54,3,0,1
38,0,0,0,1,50,46,3,0,1
38,0,1,0,1,67,70,3,0,1
38,1,1,0,1,40,44,3,0,1
38,0,1,0,1,59,56,3,0,1
38,0,1,0,0,50,52,3,0,1
38,0,1,0,1,72,69,3,0,1
38,0,0,0,1,46,47,3,0,1
38,0,0,0,0,61,75,3,0,1
38,0,0,0,1,52,55,3,0,1
38,0,0,0,1,51,59,3,0,1
38,0,1,0,1,62,69,3,0,1
38,1,0,0,1,55,70,3,0,1
38,1,0,0,1,63,71,3,0,1
38,0,0,0,1,62,70,3,0,1
38,0,1,1,1,59,62,3,0,1
38,0,0,0,1,53,64,3,0,1
38,1,0,0,1,44,50,3,0,1
38,1,1,0,1,58,60,3,0,1
38,0,1,0,1,47,51,3,0,1
38,0,1,0,1,56,67,3,0,1
38,0,0,1,1,54,57,3,0,1
38,1,0,0,0,50,68,3,0,1
38,1,0,0,1,59,67,3,0,1
38,0,0,0,1,50,53,3,0,1
38,0,0,0,1,57,56,3,0,1
38,0,1,0,1,56,60,3,0,1
38,1,1,0,0,62,68,3,0,1
38,0,0,0,1,54,59,3,0,1
38,1,1,1,1,59,75,3,0,1
38,1,0,0,0,57,65,3,0,1
38,1,1,1,0,44,50,3,0,1
38,1,0,0,1,49,67,3,0,1
38,0,1,0,1,55,55,3,0,1
38,1,1,0,1,41,49,3,0,1
38,1,0,0,0,46,58,3,0,1
38,0,1,1,1,62,74,3,0,1
38,1,0,0,0,65,75,3,0,1
38,1,1,0,1,35,29,3,0,1
38,1,1,0,1,53,54,3,0,1
38,1,0,0,0,52,59,3,0,1
38,0,0,0,1,46,48,3,0,1
38,0,0,0,0,52,51,3,0,1
38,0,1,1,1,59,69,3,0,1
38,1,1,1,1,59,65,3,0,1
38,1,0,1,1,51,66,3,0,1
38,0,0,0,0,64,64,3,0,1
38,0,1,1,1,52,42,3,0,1
38,0,0,0,1,61,65,3,0,1
38,1,0,0,1,53,62,3,0,1
38,0,1,1,1,49,47,3,0,1
38,0,1,1,1,57,55,3,0,1
38,1,0,1,1,77,85,3,0,1
38,1,1,0,1,58,56,3,0,1
38,1,1,0,1,44,53,3,0,1
38,1,1,0,0,46,51,3,0,1
38,0,0,0,1,48,47,3,0,1
38,0,1,0,1,69,75,3,0,1
38,0,0,0,1,52,58,3,0,1
38,0,1,0,1,60,57,3,0,1
38,1,1,1,1,47,57,3,0,1
38,1,0,0,1,63,69,3,0,1
38,0,1,0,1,66,67,3,0,1
38,1,1,0,1,56,66,3,0,1
38,1,0,0,1,50,56,3,0,1
38,1,0,1,1,58,71,3,0,1
38,0,0,1,0,74,76,3,0,1
38,1,0,0,1,49,50,3,0,1
38,1,0,0,1,52,64,3,0,1
38,0,0,0,1,33,27,3,0,1
38,1,1,0,1,41,45,3,0,1
38,1,1,0,1,47,50,3,0,1
38,0,1,0,1,32,29,3,0,1
38,0,1,0,1,50,54,3,0,1
38,1,1,0,1,44,49,3,0,1
39,1,0,0,1,65,76,4,0,1
39,0,1,0,1,54,59,4,0,1
39,1,1,0,1,48,56,4,0,1
39,1,0,0,1,53,65,4,0,1
39,0,0,0,1,66,79,4,0,1
39,0,1,0,1,59,72,4,0,1
39,0,1,0,1,35,43,4,0,1
39,0,1,0,0,53,60,4,0,1
39,1,0,1,1,57,64,4,0,1
39,1,0,0,1,60,70,4,0,1
39,1,1,0,1,58,74,4,0,1
39,0,0,0,0,59,63,4,0,1
39,1,1,0,1,62,68,4,0,1
39,0,0,1,1,57,62,4,0,1
39,0,1,0,1,50,52,4,0,1
39,0,1,0,0,58,59,4,0,1
39,1,0,0,1,52,57,4,0,1
39,0,1,0,1,48,52,4,0,1
39,0,0,0,1,61,65,4,0,1
39,0,0,0,1,37,46,4,0,1
39,1,1,0,1,67,87,4,0,1
39,0,1,1,1,65,78,4,0,1
39,1,0,0,1,60,72,4,0,1
39,1,1,0,1,44,56,4,0,1
39,1,0,1,0,59,62,4,0,1
39,1,0,0,1,60,66,4,0,1
39,0,0,1,1,70,72,4,0,1
39,0,1,0,1,56,73,4,0,1
39,0,1,1,1,57,63,4,0,1
39,1,1,1,1,59,73,4,0,1
39,1,0,0,1,58,67,4,0,1
39,1,0,0,1,48,54,4,0,1
39,0,0,0,0,57,61,4,0,1
39,0,1,1,1,74,86,4,0,1
39,0,1,0,1,54,61,4,0,1
39,1,1,0,1,70,88,4,0,1
39,1,0,0,1,57,56,4,0,1
39,1,0,0,1,56,74,4,0,1
39,1,0,0,1,61,65,4,0,1
39,1,1,0,1,55,59,4,0,1
39,0,1,0,1,49,49,4,0,1
39,1,1,0,1,63,73,4,0,1
39,1,1,0,1,55,68,4,0,1
39,0,0,0,1,54,56,4,0,1
39,1,0,0,1,55,63,4,0,1
39,0,0,0,1,60,68,4,0,1
39,0,0,1,1,63,60,4,0,1
39,1,1,0,0,54,61,4,0,1
39,1,1,0,1,61,73,4,0,1
39,0,1,0,0,51,51,4,0,1
39,0,1,1,1,58,53,4,0,1
39,1,1,0,1,43,55,4,0,1
40,1,0,0,1,58,70,4,0,1
40,1,1,1,0,46,48,4,0,1
40,0,0,0,0,66,63,4,0,1
40,0,0,0,1,50,50,4,0,1
40,1,1,0,0,65,73,4,0,1
40,0,1,0,1,52,52,4,0,1
40,0,1,0,1,58,53,4,0,1
40,1,0,1,1,55,60,4,0,1
40,1,1,0,0,67,72,4,0,1
40,0,0,1,1,55,60,4,0,1
40,0,1,0,0,49,50,4,0,1
40,0,1,0,1,40,44,4,0,1
40,1,1,0,0,45,51,4,0,1
40,0,1,0,1,58,66,4,0,1
40,1,1,1,1,40,44,4,0,1
40,1,1,0,0,50,52,4,0,1
40,1,0,1,0,67,74,4,0,1
40,0,1,0,1,57,60,4,0,1
40,1,1,1,1,66,73,4,0,1
40,0,1,0,1,61,63,4,0,1
40,1,1,0,0,56,59,4,0,1
40,1,0,0,1,50,55,4,0,1
40,1,1,0,0,65,75,4,0,1
40,0,0,0,0,59,57,4,0,1
41,0,0,1,0,53,48,4,0,0
41,1,0,0,0,64,78,4,0,0
41,1,0,0,0,67,75,4,0,0
41,1,1,1,0,55,61,4,0,0
41,0,1,0,0,55,59,4,0,0
41,0,0,1,0,66,59,4,0,0
41,1,1,1,0,75,88,4,0,0
41,0,1,1,0,44,36,4,0,0
41,1,0,1,0,74,86,4,0,0
41,0,0,0,0,55,56,4,0,0
41,0,0,0,0,43,47,4,0,0
41,1,1,0,0,45,46,4,0,0
41,1,0,1,1,63,74,4,0,0
41,0,1,0,0,60,63,4,0,0
41,1,1,1,0,68,81,4,0,0
41,1,0,1,0,65,79,4,0,0
41,0,1,1,1,51,53,4,0,0
41,0,0,1,1,75,95,4,0,0
41,1,0,1,0,45,49,4,0,0
41,0,1,1,0,63,71,4,0,0
41,0,1,1,1,54,54,4,0,0
41,1,1,1,0,70,86,4,0,0
41,1,0,1,0,76,93,4,0,0
41,1,0,0,0,59,66,4,0,0
41,1,1,1,0,71,83,4,0,0
41,1,0,0,0,84,95,4,0,0
41,0,1,0,1,66,72,4,0,0
41,1,0,1,1,46,43,4,0,0
41,1,1,1,0,84,99,4,0,0
41,1,1,1,0,66,69,4,0,0
42,0,0,0,1,69,68,4,0,1
42,1,1,0,1,51,58,4,0,1
42,1,1,0,1,63,66,4,0,1
42,0,0,1,1,61,64,4,0,1
42,1,0,0,0,45,55,4,0,1
42,0,1,1,1,54,60,4,0,1
42,0,1,0,0,65,71,4,0,1
42,0,0,0,0,72,80,4,0,1
42,1,0,1,1,61,70,4,0,1
42,0,0,1,0,46,54,4,0,1
42,0,0,0,1,50,50,4,0,1
42,0,1,0,0,83,87,4,0,1
42,1,0,0,1,68,74,4,0,1
42,0,1,0,1,54,52,4,0,1
42,1,0,1,1,59,63,4,0,1
42,0,0,0,0,55,56,4,0,1
42,0,0,0,1,57,66,4,0,1
42,1,0,0,1,53,63,4,0,1
42,1,1,1,0,43,38,4,0,1
42,1,1,0,1,38,32,4,0,1
42,0,1,0,1,62,71,4,0,1
42,1,1,1,1,43,43,4,0,1
42,0,1,1,1,31,28,4,0,1
42,1,0,1,1,59,71,4,0,1
42,0,0,1,0,28,27,4,0,1
42,0,0,1,0,65,68,4,0,1
42,0,0,0,1,40,38,4,0,1
42,1,0,1,0,45,51,4,0,1
42,0,1,1,1,62,67,4,0,1
42,1,1,0,0,79,83,4,0,1
42,0,0,0,0,46,48,4,0,1
42,1,1,0,0,49,51,4,0,1
42,0,0,0,1,62,65,4,0,1
42,1,1,0,0,70,76,4,0,1
42,1,0,1,1,49,53,4,0,1
42,0,1,0,0,59,59,4,0,1
42,1,1,0,1,47,40,4,0,1
42,1,1,0,1,55,65,4,0,1
42,0,1,1,1,53,49,4,0,1
42,0,1,0,1,42,41,4,0,1
42,1,0,1,0,49,54,4,0,1
42,0,1,1,0,39,43,4,0,1
42,1,0,0,1,48,58,4,0,1
42,0,0,0,0,67,70,4,0,1
42,0,1,1,0,55,48,4,0,1
42,0,0,0,0,84,89,4,0,1
42,1,1,1,1,54,55,4,0,1
42,0,0,0,1,60,66,4,0,1
42,1,1,1,1,51,65,4,0,1
42,0,1,0,1,64,70,4,0,1
42,1,0,1,1,52,60,4,0,1
42,1,0,0,1,74,86,4,0,1
42,0,1,0,0,58,58,4,0,1
42,1,1,0,0,47,49,4,0,1
42,0,1,1,0,47,44,4,0,1
42,0,0,0,1,67,70,4,0,1
42,0,0,0,1,59,63,4,0,1
42,1,0,0,1,62,71,4,0,1
42,1,0,0,1,67,70,4,0,1
42,0,0,0,0,54,63,4,0,1
42,0,1,1,1,48,45,4,0,1
42,1,0,0,1,52,59,4,0,1
42,1,0,0,1,67,84,4,0,1
42,0,0,1,0,38,37,4,0,1
42,0,0,0,1,69,72,4,0,1
42,1,0,1,1,65,73,4,0,1
42,1,1,1,0,69,78,4,0,1
42,0,0,0,1,65,71,4,0,1
42,1,1,0,1,45,51,4,0,1
42,1,0,0,1,55,63,4,0,1
42,0,1,0,1,56,66,4,0,1
42,0,0,0,0,60,64,4,0,1
43,1,0,1,1,65,76,4,0,1
43,1,0,1,0,77,88,4,0,1
43,0,1,1,0,39,46,4,0,1
43,0,0,1,1,56,66,4,0,1
43,1,1,0,0,60,76,4,0,1
43,1,0,0,1,64,82,4,0,1
43,1,0,1,0,50,56,4,0,1
43,0,0,0,1,41,48,4,0,1
43,1,0,1,1,63,76,4,0,1
43,0,0,1,1,38,35,4,0,1
43,1,0,1,1,78,95,4,0,1
43,0,0,0,1,51,55,4,0,1
43,1,0,0,1,36,39,4,0,1
43,0,0,0,1,68,76,4,0,1
43,0,0,1,1,59,63,4,0,1
43,1,1,1,1,44,52,4,0,1
43,1,0,1,1,44,51,4,0,1
43,1,1,1,1,51,66,4,0,1
43,0,1,1,1,57,65,4,0,1
43,1,0,1,1,47,54,4,0,1
43,1,1,0,1,72,88,4,0,1
43,0,0,1,1,69,77,4,0,1
44,1,1,0,1,52,72,4,0,1
44,0,1,0,1,50,48,4,0,1
44,1,0,0,0,51,59,4,0,1
44,0,1,0,1,42,47,4,0,1
44,0,1,0,1,50,45,4,0,1
44,1,1,0,1,52,58,4,0,1
44,1,0,0,1,65,75,4,0,1
44,1,1,0,1,50,52,4,0,1
44,1,0,0,0,59,66,4,0,1
44,0,1,0,0,48,54,4,0,1
44,0,1,0,0,48,48,4,0,1
44,1,0,0,1,56,69,4,0,1
44,1,1,0,1,56,67,4,0,1
44,0,1,0,0,57,63,4,0,1
44,0,0,0,1,58,69,4,0,1
44,0,1,0,1,53,62,4,0,1
44,0,1,0,1,66,81,4,0,1
44,0,1,1,0,55,53,4,0,1
44,1,1,1,1,78,84,4,0,1
44,0,0,0,0,60,52,4,0,1
44,1,1,0,1,64,68,4,0,1
44,1,0,0,1,54,66,4,0,1
44,1,1,0,1,62,69,4,0,1
44,0,1,0,1,43,44,4,0,1
44,1,1,1,1,52,67,4,0,1
44,0,1,0,0,63,69,4,0,1
44,0,0,0,1,32,36,4,0,1
44,0,0,0,1,60,69,4,0,1
44,1,0,0,1,58,72,4,0,1
44,0,0,0,1,49,57,4,0,1
44,0,1,0,1,52,52,4,0,1
44,1,1,0,1,65,73,4,0,1
44,0,1,0,1,46,46,4,0,1
44,1,1,0,1,54,68,4,0,1
44,1,1,0,1,46,53,4,0,1
44,0,1,1,1,68,73,4,0,1
44,1,1,0,1,51,58,4,0,1
44,1,1,0,1,73,84,4,0,1
44,1,0,0,1,45,63,4,0,1
44,1,0,0,1,53,58,4,0,1
44,0,0,0,1,48,54,4,0,1
44,0,1,0,0,72,79,4,0,1
44,0,0,0,0,60,62,4,0,1
44,1,0,0,0,64,79,4,0,1
44,0,1,1,1,56,57,4,0,1
44,0,1,0,1,55,49,4,0,1
44,0,1,0,1,62,73,4,0,1
44,1,1,1,1,62,73,4,0,1
44,1,0,0,1,78,80,4,0,1
44,0,1,0,1,44,49,4,0,1
44,1,1,0,1,21,28,4,0,1
44,0,0,1,1,48,55,4,0,1
44,0,1,0,0,72,73,4,0,1
44,1,0,0,0,63,75,4,0,1
44,0,1,0,1,66,78,4,0,1
44,0,0,0,0,46,48,4,0,1
44,1,1,0,1,37,50,4,0,1
44,0,0,0,1,45,55,4,0,1
44,1,1,0,1,63,67,4,0,1
44,0,1,1,1,66,67,4,0,1
44,1,0,0,1,50,57,4,0,1
44,0,1,0,1,55,66,4,0,1
44,0,1,0,1,58,52,4,0,1
45,0,0,1,0,74,81,4,0,0
45,0,0,1,1,64,75,4,0,0
45,1,1,1,0,73,84,4,0,0
45,0,1,1,0,58,70,4,0,0
45,0,0,1,1,62,69,4,0,0
45,1,1,1,1,75,87,4,0,0
45,0,1,1,0,71,74,4,0,0
45,0,1,1,0,63,69,4,0,0
45,0,1,1,1,65,67,4,0,0
45,0,1,1,1,71,76,4,0,0
45,1,0,1,1,64,81,4,0,0
45,1,1,1,0,74,82,4,0,0
45,1,0,1,0,65,81,4,0,0
45,1,1,1,1,72,80,4,0,0
45,0,1,1,1,71,75,4,0,0
45,1,0,1,0,62,76,4,0,0
45,0,0,1,0,69,79,4,0,0
45,0,0,1,0,72,80,4,0,0
45,0,0,1,1,65,72,4,0,0
45,0,0,1,0,75,76,4,0,0
45,0,1,1,1,62,71,4,0,0
45,0,0,1,0,73,75,4,0,0
45,0,1,1,1,70,80,4,0,0
45,1,0,1,0,68,75,4,0,0
45,0,1,1,1,63,73,4,0,0
45,1,1,1,1,68,80,4,0,0
45,1,0,1,0,68,73,4,0,0
45,0,0,1,1,71,72,4,0,0
45,1,1,1,1,84,90,4,0,0
45,0,1,1,0,62,70,4,0,0
45,0,0,1,1,69,76,4,0,0
45,1,0,1,1,71,82,4,0,0
45,0,0,1,1,60,70,4,0,0
45,1,1,1,0,71,84,4,0,0
45,1,1,1,0,62,78,4,0,0
45,0,1,1,1,71,78,4,0,0
45,1,1,1,0,77,81,4,0,0
45,1,0,1,1,67,77,4,0,0
45,0,0,1,1,66,73,4,0,0
45,1,1,1,0,61,75,4,0,0
45,1,1,1,0,72,78,4,0,0
45,0,0,1,1,59,67,4,0,0
45,1,1,1,1,75,84,4,0,0
45,0,1,1,0,71,81,4,0,0
45,1,1,1,1,68,82,4,0,0
45,0,1,1,0,75,77,4,0,0
45,0,1,1,1,63,71,4,0,0
45,0,1,1,0,65,68,4,0,0
45,0,0,1,0,68,75,4,0,0
45,0,0,1,0,73,77,4,0,0
45,1,1,1,0,75,85,4,0,0
45,1,0,1,1,68,76,4,0,0
45,0,1,1,0,69,75,4,0,0
45,0,0,1,1,67,75,4,0,0
45,1,0,1,1,78,81,4,0,0
45,0,1,1,0,72,73,4,0,0
45,1,1,1,0,76,87,4,0,0
45,0,0,1,1,69,82,4,0,0
45,0,1,1,1,74,81,4,0,0
45,0,0,1,0,65,72,4,0,0
45,1,0,1,0,59,72,4,0,0
45,0,1,1,1,68,70,4,0,0
45,0,1,1,0,76,79,4,0,0
45,1,0,1,0,72,84,4,0,0
45,1,1,1,1,70,84,4,0,0
45,1,1,1,1,68,74,4,0,0
45,0,1,1,0,72,78,4,0,0
45,1,1,1,0,70,79,4,0,0
45,1,1,1,1,67,74,4,0,0
45,1,1,1,0,70,81,4,0,0
45,1,1,1,0,72,78,4,0,0
45,1,1,1,1,72,81,4,0,0
45,0,1,1,0,78,81,4,0,0
45,0,1,1,1,72,78,4,0,0
45,1,1,1,0,70,82,4,0,0
45,1,1,1,1,67,83,4,0,0
45,0,1,1,0,72,77,4,0,0
45,0,1,1,0,70,73,4,0,0
45,1,1,1,0,69,81,4,0,0
45,1,1,1,1,70,81,4,0,0
45,0,1,1,0,68,76,4,0,0
45,1,1,1,1,63,81,4,0,0
45,1,1,1,0,73,78,4,0,0
45,1,1,1,0,62,69,4,0,0
45,0,1,1,1,66,70,4,0,0
45,0,1,1,0,66,71,4,0,0
45,1,1,1,0,59,70,4,0,0
45,0,1,1,1,71,73,4,0,0
45,1,0,1,1,77,84,4,0,0
45,1,1,1,0,67,77,4,0,0
45,1,1,1,0,74,79,4,0,0
45,0,0,1,1,86,83,4,0,0
45,0,1,1,1,75,85,4,0,0
45,1,1,1,1,75,78,4,0,0
45,0,1,1,1,64,66,4,0,0
45,0,0,1,0,71,73,4,0,0
45,0,1,1,0,61,74,4,0,0
45,1,1,1,0,74,85,4,0,0
45,1,0,1,0,63,74,4,0,0
46,0,0,1,1,34,53,4,0,0
46,1,0,1,0,67,73,4,0,0
46,1,0,0,1,55,80,4,0,0
46,0,1,0,1,57,65,4,0,0
46,0,1,1,1,40,56,4,0,0
46,0,1,1,1,61,69,4,0,0
46,0,0,0,1,56,53,4,0,0
46,0,1,1,0,49,39,4,0,0
46,0,1,1,1,61,76,4,0,0
46,1,0,1,0,51,55,4,0,0
46,0,0,1,1,61,58,4,0,0
46,0,0,1,1,55,52,4,0,0
46,1,0,1,1,53,44,4,0,0
46,1,0,1,0,63,63,4,0,0
46,0,0,1,0,56,48,4,0,0
46,1,1,1,0,42,35,4,0,0
46,1,0,1,0,63,75,4,0,0
46,0,0,1,0,62,60,4,0,0
46,0,1,1,1,49,53,4,0,0
46,0,1,1,0,41,47,4,0,0
46,0,1,1,1,55,42,4,0,0
46,0,1,0,1,55,53,4,0,0
46,0,0,1,1,59,75,4,0,0
46,0,0,1,0,62,59,4,0,0
46,1,1,1,0,58,44,4,0,0
46,1,1,1,1,63,68,4,0,0
46,0,1,1,1,54,56,4,0,0
46,1,1,1,1,42,57,4,0,0
46,1,0,1,0,49,62,4,0,0
46,0,0,0,1,62,77,4,0,0
46,0,1,1,1,46,65,4,0,0
46,1,0,1,1,40,56,4,0,0
46,0,1,0,0,52,47,4,0,0
46,1,1,1,1,58,56,4,0,0
46,1,1,1,1,53,47,4,0,0
46,1,1,1,1,45,56,4,0,0
46,0,0,0,0,51,60,4,0,0
46,0,1,1,0,60,66,4,0,0
46,1,1,1,1,52,57,4,0,0
46,0,0,1,0,50,56,4,0,0
46,0,0,0,1,51,66,4,0,0
46,0,0,1,1,45,69,4,0,0
46,0,0,0,0,58,65,4,0,0
46,1,1,1,1,51,57,4,0,0
46,0,0,1,1,54,60,4,0,0
46,0,1,1,1,51,52,4,0,0
46,1,1,1,1,52,63,4,0,0
46,1,0,1,1,53,82,4,0,0
46,0,0,1,0,42,59,4,0,0
46,1,1,0,0,65,75,4,0,0
46,0,1,0,0,54,76,4,0,0
46,1,1,0,1,49,18,4,0,0
46,1,1,1,1,39,29,4,0,0
46,1,0,1,1,54,40,4,0,0
46,1,1,1,0,57,44,4,0,0
46,1,1,1,1,49,69,4,0,0
46,1,1,1,0,64,89,4,0,0
46,1,0,1,1,60,78,4,0,0
46,0,0,1,1,61,50,4,0,0
46,0,0,1,0,57,52,4,0,0
46,0,0,1,0,60,66,4,0,0
46,0,0,0,1,53,56,4,0,0
46,0,1,0,1,46,59,4,0,0
46,1,0,1,1,49,82,4,0,0
46,0,0,1,1,44,56,4,0,0
46,1,0,0,1,50,71,4,0,0
46,0,0,1,1,45,37,4,0,0
46,0,1,1,1,46,52,4,0,0
46,0,1,1,1,58,53,4,0,0
46,1,1,1,1,54,70,4,0,0
46,0,0,1,1,49,45,4,0,0
46,0,0,0,0,51,67,4,0,0
46,0,0,1,1,57,61,4,0,0
46,0,0,1,1,57,62,4,0,0
46,1,1,1,1,47,74,4,0,0
46,1,1,1,1,40,46,4,0,0
46,1,1,1,1,57,86,4,0,0
46,0,1,1,1,57,59,4,0,0
46,0,1,1,1,51,69,4,0,0
46,0,1,1,0,60,81,4,0,0
46,0,0,1,1,56,78,4,0,0
46,0,1,1,1,48,54,4,0,0
46,0,0,1,1,47,58,4,0,0
46,0,0,1,1,44,37,4,0,0
46,0,1,1,1,61,54,4,0,0
46,0,1,0,0,55,63,4,0,0
46,1,0,0,1,50,52,4,0,0
46,0,1,1,0,44,63,4,0,0
46,1,0,1,0,61,72,4,0,0
46,0,1,0,1,50,53,4,0,0
47,0,1,0,1,60,68,2,0,1
47,0,1,0,1,46,48,2,0,1
47,0,0,0,0,64,64,2,0,1
47,1,1,0,0,88,106,2,0,1
47,1,1,1,0,47,45,2,0,1
47,1,1,0,0,68,70,2,0,1
47,0,1,0,0,56,63,2,0,1
47,0,1,0,0,66,80,2,0,1
47,1,1,1,0,66,59,2,0,1
47,1,1,0,0,60,78,2,0,1
47,1,1,0,1,57,53,2,0,1
47,1,0,1,0,70,77,2,0,1
47,1,1,0,0,52,65,2,0,1
47,1,0,0,1,71,96,2,0,1
47,1,0,0,0,64,69,2,0,1
47,1,0,0,0,62,79,2,0,1
47,0,0,0,1,57,57,2,0,1
47,1,1,0,0,67,74,2,0,1
47,1,0,1,1,60,57,2,0,1
47,0,0,1,1,57,54,2,0,1
47,0,1,0,1,71,83,2,0,1
48,1,1,0,1,50,56,2,0,1
48,0,0,0,0,40,34,2,0,1
48,0,0,0,1,53,55,2,0,1
48,0,0,0,1,47,49,2,0,1
48,0,0,0,0,52,35,2,0,1
48,0,1,0,1,47,46,2,0,1
48,0,0,0,1,49,49,2,0,1
48,0,0,0,1,44,51,2,0,1
48,1,1,0,1,74,84,2,0,1
48,0,1,0,1,36,17,2,0,1
48,1,1,0,1,41,38,2,0,1
48,0,0,0,1,57,64,2,0,1
48,0,0,0,1,66,71,2,0,1
48,0,0,0,0,69,66,2,0,1
48,0,0,1,1,59,70,2,0,1
48,1,0,0,1,52,60,2,0,1
48,1,1,0,1,34,36,2,0,1
48,0,1,0,1,49,56,2,0,1
48,0,1,1,0,59,58,2,0,1
48,0,1,1,0,32,19,2,0,1
48,1,0,1,0,37,34,2,0,1
48,0,1,1,1,67,75,2,0,1
48,0,0,0,1,52,51,2,0,1
48,1,0,0,1,44,53,2,0,1
48,1,0,0,1,59,67,2,0,1
48,1,0,1,1,51,56,2,0,1
48,0,0,1,1,59,75,2,0,1
48,0,1,0,1,70,67,2,0,1
48,0,1,0,1,56,62,2,0,1
48,0,1,0,1,51,66,2,0,1
48,0,1,0,1,51,49,2,0,1
48,0,0,1,1,45,42,2,0,1
48,0,1,0,1,42,47,2,0,1
48,1,0,0,0,57,70,2,0,1
48,1,1,0,0,64,72,2,0,1
48,0,1,0,1,55,44,2,0,1
48,0,1,0,1,51,54,2,0,1
48,1,1,0,1,46,65,2,0,1
48,1,0,0,1,43,41,2,0,1
48,0,1,0,1,52,46,2,0,1
48,1,0,0,1,44,58,2,0,1
48,1,1,0,0,50,45,2,0,1
48,0,1,0,1,47,47,2,0,1
48,1,1,0,1,46,59,2,0,1
48,0,1,0,1,56,54,2,0,1
48,1,1,0,1,45,51,2,0,1
48,0,0,0,1,42,36,2,0,1
48,1,0,0,1,63,70,2,0,1
48,0,1,1,1,67,80,2,0,1
48,1,1,1,1,58,65,2,0,1
48,1,1,0,1,43,45,2,0,1
48,0,1,0,0,59,44,2,0,1
48,0,0,1,1,52,61,2,0,1
48,0,0,0,0,48,41,2,0,1
48,0,1,1,1,63,61,2,0,1
48,0,1,0,1,53,45,2,0,1
48,0,0,1,1,45,50,2,0,1
48,1,1,0,1,55,54,2,0,1
48,1,0,0,0,38,34,2,0,1
48,1,0,0,1,57,60,2,0,1
48,1,1,0,1,59,60,2,0,1
48,0,0,1,1,50,44,2,0,1
48,1,1,0,1,53,61,2,0,1
48,1,1,0,1,59,60,2,0,1
48,1,0,1,1,61,68,2,0,1
48,1,0,1,1,41,45,2,0,1
48,0,1,0,1,24,11,2,0,1
48,1,0,0,1,44,43,2,0,1
48,0,1,0,1,60,66,2,0,1
48,1,0,1,1,37,33,2,0,1
48,0,0,0,1,56,67,2,0,1
48,0,1,0,1,59,46,2,0,1
48,1,0,0,1,38,41,2,0,1
48,0,1,0,1,46,45,2,0,1
48,1,1,0,1,38,46,2,0,1
48,0,1,0,1,43,43,2,0,1
48,0,0,0,1,45,41,2,0,1
48,0,0,0,1,52,53,2,0,1
48,0,0,0,0,59,65,2,0,1
48,1,1,0,1,52,49,2,0,1
48,1,0,0,0,47,46,2,0,1
48,1,1,0,1,45,40,2,0,1
48,1,1,0,1,60,69,2,0,1
48,1,0,0,1,30,18,2,0,1
48,0,1,1,1,53,58,2,0,1
48,0,0,0,0,52,54,2,0,1
48,0,1,0,1,65,65,2,0,1
49,0,0,0,1,68,69,1,0,0
49,0,1,1,1,59,64,1,0,0
49,1,1,1,1,61,66,1,0,0
49,1,1,1,1,65,80,1,0,0
49,1,1,0,1,66,72,1,0,0
49,0,0,0,1,65,70,1,0,0
49,1,1,0,1,64,79,1,0,0
49,0,1,1,1,55,63,1,0,0
49,1,1,1,0,57,75,1,0,0
49,1,0,1,1,56,60,1,0,0
49,1,0,1,1,61,68,1,0,0
49,0,0,1,1,59,57,1,0,0
49,1,1,1,1,57,61,1,0,0
49,1,1,0,1,64,70,1,0,0
49,0,0,0,0,59,71,1,0,0
49,1,0,0,0,68,81,1,0,0
49,1,1,0,1,60,79,1,0,0
49,0,1,1,1,58,67,1,0,0
49,0,0,1,1,65,77,1,0,0
49,0,0,1,0,63,68,1,0,0
49,1,1,1,0,62,72,1,0,0
49,0,1,1,1,57,69,1,0,0
49,1,1,1,1,64,78,1,0,0
49,0,0,1,1,58,62,1,0,0
49,1,0,1,0,55,62,1,0,0
49,0,1,1,1,60,66,1,0,0
49,0,1,1,0,62,65,1,0,0
49,1,1,0,1,53,60,1,0,0
49,1,0,1,1,62,71,1,0,0
49,0,1,1,1,58,66,1,0,0
49,1,0,1,1,59,65,1,0,0
49,1,0,1,1,52,58,1,0,0
49,0,1,1,1,62,72,1,0,0
49,0,0,0,0,61,70,1,0,0
49,1,1,1,1,58,67,1,0,0
49,1,1,1,0,60,72,1,0,0
49,1,1,1,0,58,66,1,0,0
49,0,1,1,1,55,59,1,0,0
49,1,1,0,1,51,64,1,0,0
49,1,1,1,1,62,73,1,0,0
49,1,0,0,0,67,77,1,0,0
49,0,0,0,0,61,67,1,0,0
49,0,1,1,1,60,61,1,0,0
49,0,1,1,1,48,58,1,0,0
49,1,1,1,1,52,64,1,0,0
49,0,1,0,1,66,69,1,0,0
49,1,1,1,1,63,72,1,0,0
49,0,0,0,1,73,74,1,0,0
49,0,1,1,1,61,62,1,0,0
49,1,1,1,1,65,75,1,0,0
49,0,0,1,1,63,66,1,0,0
49,0,0,0,1,61,58,1,0,0
49,0,1,0,1,61,75,1,0,0
49,1,0,1,1,61,73,1,0,0
49,0,0,1,1,50,60,1,0,0
49,1,0,1,1,61,68,1,0,0
49,1,0,1,1,60,71,1,0,0
49,1,1,1,0,61,71,1,0,0
49,0,1,1,1,58,58,1,0,0
49,0,1,1,1,62,65,1,0,0
50,1,1,0,1,58,64,1,0,1
50,1,0,0,1,50,58,1,0,1
50,0,1,0,1,50,52,1,0,1
50,0,1,0,0,61,73,1,0,1
50,1,0,0,1,61,64,1,0,1
50,1,1,0,1,60,66,1,0,1
50,0,0,0,1,69,74,1,0,1
50,0,1,0,1,72,62,1,0,1
50,1,0,0,1,58,66,1,0,1
50,1,0,1,1,59,69,1,0,1
50,0,0,0,1,54,49,1,0,1
50,0,1,0,1,57,65,1,0,1
50,0,0,0,1,64,64,1,0,1
50,0,0,0,1,60,71,1,0,1
50,1,0,1,1,50,54,1,0,1
50,0,1,0,1,49,63,1,0,1
50,0,1,0,1,66,63,1,0,1
50,0,0,0,1,50,67,1,0,1
50,1,1,0,1,58,57,1,0,1
50,1,1,0,1,60,65,1,0,1
50,1,1,1,0,57,62,1,0,1
50,0,1,0,1,52,60,1,0,1
50,1,1,0,0,62,70,1,0,1
50,1,0,0,1,54,50,1,0,1
50,0,1,0,0,60,58,1,0,1
50,1,0,0,1,48,46,1,0,1
50,1,0,0,1,58,81,1,0,1
50,0,1,0,0,60,51,1,0,1
50,1,0,0,1,58,64,1,0,1
50,0,1,0,1,63,79,1,0,1
50,0,0,1,1,61,51,1,0,1
50,0,1,0,0,54,46,1,0,1
50,1,1,0,1,53,62,1,0,1
50,1,0,0,1,67,69,1,0,1
50,0,0,0,1,65,63,1,0,1
50,1,1,0,1,65,61,1,0,1
50,0,1,0,1,57,59,1,0,1
50,1,1,0,1,55,73,1,0,1
50,1,0,0,1,60,67,1,0,1
50,0,1,1,0,66,69,1,0,1
51,1,0,0,1,64,81,3,0,1
51,0,0,0,0,56,60,3,0,1
51,1,1,0,0,63,73,3,0,1
51,0,0,0,1,55,66,3,0,1
51,0,0,0,1,66,76,3,0,1
51,1,0,0,1,59,68,3,0,1
51,1,0,0,1,48,57,3,0,1
51,0,0,0,1,46,52,3,0,1
51,1,1,0,1,37,48,3,0,1
51,0,1,0,1,59,66,3,0,1
51,1,1,0,0,50,63,3,0,1
51,0,1,0,0,41,38,3,0,1
51,1,1,0,0,44,62,3,0,1
51,1,1,0,0,52,67,3,0,1
51,0,1,0,1,58,64,3,0,1
51,0,1,0,0,50,60,3,0,1
51,0,1,0,0,45,45,3,0,1
51,0,0,0,1,42,48,3,0,1
51,1,1,0,1,54,70,3,0,1
51,1,0,0,1,58,61,3,0,1
51,0,0,0,0,48,45,3,0,1
52,0,0,0,1,61,60,3,0,1
52,0,1,0,1,53,41,3,0,1
52,0,0,1,1,60,81,3,0,1
52,1,1,0,0,66,51,3,0,1
52,1,1,1,0,52,53,3,0,1
52,0,1,0,1,48,40,3,0,1
52,0,0,0,1,57,38,3,0,1
52,0,1,0,1,49,35,3,0,1
52,0,0,0,0,58,77,3,0,1
52,1,0,0,1,56,76,3,0,1
52,1,1,1,1,49,70,3,0,1
52,1,1,0,0,56,78,3,0,1
52,0,1,0,1,59,62,3,0,1
52,1,0,1,0,52,61,3,0,1
52,0,0,0,0,61,67,3,0,1
52,0,0,0,0,54,55,3,0,1
52,0,0,1,0,56,52,3,0,1
52,1,0,1,1,49,72,3,0,1
52,0,0,1,1,46,62,3,0,1
52,1,0,1,1,38,59,3,0,1
52,0,1,0,1,57,72,3,0,1
52,1,0,0,1,58,78,3,0,1
52,1,0,1,0,46,66,3,0,1
52,1,1,1,1,47,43,3,0,1
52,0,1,1,0,47,53,3,0,1
52,0,1,1,0,52,41,3,0,1
52,0,0,1,1,60,62,3,0,1
52,0,0,0,1,47,49,3,0,1
52,0,0,0,1,49,65,3,0,1
52,1,0,0,0,58,60,3,0,1
52,0,0,0,0,52,59,3,0,1
52,1,0,0,0,74,73,3,0,1
52,0,0,0,1,49,61,3,0,1
52,1,1,1,0,50,61,3,0,1
52,0,0,1,1,43,42,3,0,1
52,0,0,1,0,56,61,3,0,1
52,0,0,0,1,41,79,3,0,1
52,1,1,1,0,50,71,3,0,1
52,0,0,0,1,50,54,3,0,1
52,1,0,0,0,59,82,3,0,1
52,1,1,0,0,60,63,3,0,1
52,1,0,0,1,55,64,3,0,1
52,0,0,1,1,50,64,3,0,1
52,0,0,1,0,51,60,3,0,1
52,1,0,0,0,54,70,3,0,1
52,1,1,0,0,62,74,3,0,1
52,0,0,0,1,70,58,3,0,1
52,0,1,1,1,57,63,3,0,1
52,1,0,1,1,48,57,3,0,1
52,1,1,1,0,60,52,3,0,1
52,1,1,0,1,49,52,3,0,1
52,1,0,0,0,63,67,3,0,1
52,0,0,0,1,48,66,3,0,1
52,0,1,0,1,43,56,3,0,1
52,1,0,1,1,42,63,3,0,1
52,1,1,0,0,67,63,3,0,1
52,0,1,0,1,59,58,3,0,1
52,0,1,0,1,49,47,3,0,1
52,1,0,0,1,46,67,3,0,1
52,0,0,1,1,47,45,3,0,1
52,1,1,1,1,47,58,3,0,1
52,0,0,1,1,49,58,3,0,1
52,1,0,0,0,55,44,3,0,1
52,0,0,1,0,44,64,3,0,1
52,0,1,0,1,52,55,3,0,1
52,0,0,1,1,54,62,3,0,1
53,1,0,1,1,63,69,3,0,1
53,0,1,0,1,42,49,3,0,1
53,0,0,1,1,50,52,3,0,1
53,0,0,1,0,53,56,3,0,1
53,0,0,1,1,42,48,3,0,1
53,1,1,0,1,46,52,3,0,1
53,1,1,1,0,63,73,3,0,1
53,0,0,0,1,67,73,3,0,1
53,1,1,0,1,55,69,3,0,1
53,0,1,0,1,61,66,3,0,1
53,1,1,0,1,52,62,3,0,1
53,1,1,0,1,49,61,3,0,1
53,0,0,0,1,50,52,3,0,1
53,1,1,1,0,32,44,3,0,1
53,1,0,1,1,58,67,3,0,1
53,1,1,0,0,49,60,3,0,1
53,0,0,1,1,54,55,3,0,1
53,1,0,0,1,67,71,3,0,1
53,1,1,1,1,43,39,3,0,1
53,1,0,0,1,39,46,3,0,1
53,1,1,0,0,65,78,3,0,1
53,1,0,0,1,52,62,3,0,1
53,0,0,1,1,56,59,3,0,1
53,0,0,0,1,35,43,3,0,1
53,1,0,0,1,63,69,3,0,1
53,0,0,0,0,45,46,3,0,1
53,0,1,1,1,52,52,3,0,1
53,0,1,0,0,47,55,3,0,1
53,1,0,0,0,65,67,3,0,1
53,0,0,0,1,48,48,3,0,1
53,0,1,0,1,37,37,3,0,1
53,1,0,1,0,57,73,3,0,1
53,0,0,1,0,56,62,3,0,1
53,0,1,0,1,46,41,3,0,1
53,0,0,0,1,41,46,3,0,1
53,1,0,0,0,75,82,3,0,1
53,0,1,1,1,56,60,3,0,1
53,1,1,0,1,49,57,3,0,1
53,0,1,0,1,46,48,3,0,1
53,0,0,0,1,56,59,3,0,1
53,1,0,0,0,60,65,3,0,1
53,0,0,1,1,61,66,3,0,1
54,1,1,0,1,58,61,1,1,0
54,0,1,1,1,47,51,1,1,0
54,0,1,1,0,76,71,1,1,0
54,1,1,1,1,59,65,1,1,0
54,0,1,1,1,55,47,1,1,0
54,1,1,1,1,33,38,1,1,0
54,1,1,1,0,60,65,1,1,0
54,1,1,1,1,62,64,1,1,0
54,0,1,1,1,50,53,1,1,0
54,0,1,1,0,40,44,1,1,0
54,1,1,1,1,52,61,1,1,0
54,1,1,0,1,50,52,1,1,0
54,1,1,1,1,51,62,1,1,0
54,0,1,0,1,60,60,1,1,0
54,0,1,0,1,53,55,1,1,0
54,0,1,1,1,34,42,1,1,0
54,0,1,0,1,19,34,1,1,0
54,1,1,0,1,55,60,1,1,0
54,0,1,1,1,70,71,1,1,0
54,1,1,1,1,58,61,1,1,0
55,1,0,0,0,81,87,1,1,0
55,1,0,0,0,54,72,1,1,0
55,1,0,0,0,67,73,1,1,0
55,0,0,0,0,70,71,1,1,0
55,0,0,0,1,69,79,1,1,0
55,1,0,0,0,64,76,1,1,0
55,1,0,0,0,54,62,1,1,0
55,0,0,0,0,59,67,1,1,0
55,1,0,0,0,71,78,1,1,0
55,1,0,1,0,60,74,1,1,0
55,0,0,0,0,74,78,1,1,0
55,1,0,0,0,63,71,1,1,0
55,0,0,1,0,59,65,1,1,0
55,1,0,0,0,65,81,1,1,0
55,0,0,0,1,63,71,1,1,0
55,0,0,0,1,57,63,1,1,0
55,1,0,0,0,53,66,1,1,0
55,0,0,0,1,67,73,1,1,0
55,0,0,0,1,60,68,1,1,0
55,1,0,1,0,58,74,1,1,0
55,1,0,0,0,74,78,1,1,0
55,0,0,0,0,60,67,1,1,0
55,0,0,0,0,71,84,1,1,0
55,0,0,0,0,51,57,1,1,0
55,0,0,0,0,53,59,1,1,0
55,1,0,0,0,73,81,1,1,0
55,1,0,1,0,48,55,1,1,0
55,0,0,0,0,62,66,1,1,0
55,0,0,0,1,61,74,1,1,0
55,1,0,0,1,49,64,1,1,0
55,0,0,0,0,64,78,1,1,0
55,0,0,0,1,57,62,1,1,0
55,0,0,0,0,65,67,1,1,0
55,0,0,0,0,64,73,1,1,0
55,1,0,1,0,72,84,1,1,0
55,0,0,0,0,55,66,1,1,0
55,1,0,0,0,61,65,1,1,0
55,0,0,0,0,63,71,1,1,0
55,1,0,1,0,64,82,1,1,0
55,0,0,0,0,60,68,1,1,0
55,0,0,0,1,56,59,1,1,0
55,0,0,0,1,55,66,1,1,0
55,1,0,1,0,63,76,1,1,0
55,0,0,0,0,63,64,1,1,0
55,1,0,0,0,64,69,1,1,0
55,1,0,0,1,47,54,1,1,0
55,1,0,0,0,67,78,1,1,0
55,0,0,0,0,63,77,1,1,0
55,1,0,1,0,63,69,1,1,0
55,1,0,0,0,68,80,1,1,0
55,1,0,0,0,52,59,1,1,0
55,0,0,0,0,69,87,1,1,0
55,1,0,0,0,64,80,1,1,0
55,1,0,1,0,52,61,1,1,0
55,0,0,1,0,69,73,1,1,0
55,1,0,0,1,62,75,1,1,0
55,0,0,1,1,54,62,1,1,0
55,0,0,0,0,58,63,1,1,0
55,0,0,1,0,65,74,1,1,0
55,0,0,1,1,55,56,1,1,0
56,0,1,0,1,53,48,1,1,0
56,0,1,0,0,61,65,1,1,0
56,1,1,0,1,47,49,1,1,0
56,1,0,0,1,64,65,1,1,0
56,1,1,0,1,49,66,1,1,0
56,1,0,0,1,65,84,1,1,0
56,0,1,0,1,72,70,1,1,0
56,0,1,0,0,66,70,1,1,0
56,1,0,0,1,62,74,1,1,0
56,0,0,0,1,56,69,1,1,0
56,0,1,0,0,54,56,1,1,0
56,1,0,1,1,50,61,1,1,0
56,0,0,1,1,68,74,1,1,0
56,1,1,0,1,56,62,1,1,0
56,1,0,1,1,64,67,1,1,0
56,1,0,0,0,66,80,1,1,0
56,0,1,1,1,61,57,1,1,0
56,0,0,0,0,54,64,1,1,0
56,1,1,0,1,51,53,1,1,0
56,0,1,0,1,55,50,1,1,0
56,0,1,0,1,56,53,1,1,0
56,1,1,1,0,59,65,1,1,0
56,0,0,1,1,57,59,1,1,0
56,0,0,0,0,53,68,1,1,0
56,0,0,0,1,49,46,1,1,0
56,0,0,0,1,59,56,1,1,0
56,1,0,0,0,58,77,1,1,0
56,0,1,0,1,59,58,1,1,0
56,0,1,0,0,64,64,1,1,0
56,0,0,1,0,62,70,1,1,0
56,0,1,1,0,45,34,1,1,0
56,0,1,0,0,57,66,1,1,0
56,1,1,0,0,61,62,1,1,0
56,0,0,0,0,57,69,1,1,0
56,0,0,0,1,64,68,1,1,0
56,1,0,0,0,69,80,1,1,0
56,1,0,0,1,66,74,1,1,0
56,0,0,0,0,77,82,1,1,0
56,0,0,0,1,52,54,1,1,0
56,1,0,0,0,68,82,1,1,0
56,0,0,1,0,53,59,1,1,0
56,1,0,0,0,54,60,1,1,0
56,0,0,0,1,56,62,1,1,0
56,1,0,0,0,60,70,1,1,0
56,1,0,0,0,47,54,1,1,0
56,0,1,0,0,63,67,1,1,0
56,1,1,0,0,56,73,1,1,0
56,1,0,1,0,61,67,1,1,0
56,1,0,0,1,56,69,1,1,0
56,1,0,0,1,59,68,1,1,0
56,1,1,0,0,57,72,1,1,0
56,1,0,0,1,61,66,1,1,0
56,1,0,0,1,63,72,1,1,0
56,1,0,1,1,52,64,1,1,0
56,1,0,0,1,51,61,1,1,0
56,0,0,1,0,63,62,1,1,0
56,1,1,0,0,57,76,1,1,0
56,0,1,0,0,63,65,1,1,0
56,1,0,0,1,48,49,1,1,0
56,1,1,0,1,59,65,1,1,0
56,0,0,0,1,71,73,1,1,0
56,1,1,0,0,50,76,1,1,0
56,0,0,0,0,68,74,1,1,0
56,1,0,1,0,55,56,1,1,0
56,1,1,0,0,55,68,1,1,0
56,1,0,0,1,62,70,1,1,0
57,0,1,1,1,51,55,1,1,0
57,0,1,0,0,43,47,1,1,0
57,0,1,0,1,58,61,1,1,0
57,0,1,1,1,58,65,1,1,0
57,0,1,0,1,51,58,1,1,0
57,1,1,1,0,65,70,1,1,0
57,0,1,0,1,68,74,1,1,0
57,0,1,0,0,54,57,1,1,0
57,1,1,1,1,61,71,1,1,0
57,1,1,0,0,52,58,1,1,0
57,1,1,0,1,55,65,1,1,0
57,0,1,0,1,54,57,1,1,0
57,1,1,0,1,60,68,1,1,0
57,0,1,0,1,56,62,1,1,0
57,0,1,0,0,57,57,1,1,0
57,1,1,0,0,57,66,1,1,0
57,0,1,0,1,59,62,1,1,0
57,0,1,0,0,49,53,1,1,0
57,1,1,1,1,57,62,1,1,0
57,0,1,0,1,55,61,1,1,0
57,1,1,0,0,49,59,1,1,0
57,1,1,0,1,53,66,1,1,0
57,0,1,0,0,48,51,1,1,0
57,1,1,1,1,56,64,1,1,0
57,1,1,0,0,66,79,1,1,0
57,0,1,0,0,59,65,1,1,0
57,1,1,0,1,43,54,1,1,0
57,0,1,0,1,52,57,1,1,0
57,0,1,0,0,65,72,1,1,0
57,1,1,0,0,66,74,1,1,0
57,1,1,1,1,62,73,1,1,0
57,0,1,1,1,46,48,1,1,0
57,1,1,0,0,58,70,1,1,0
57,1,1,0,1,63,71,1,1,0
57,0,1,0,0,64,72,1,1,0
57,1,1,0,0,54,62,1,1,0
57,1,1,1,1,55,66,1,1,0
57,0,1,1,1,66,74,1,1,0
57,1,1,0,0,59,76,1,1,0
57,0,1,0,0,65,71,1,1,0
57,1,1,0,1,60,65,1,1,0
57,0,1,1,1,64,68,1,1,0
57,0,1,1,1,40,43,1,1,0
57,0,1,0,0,52,52,1,1,0
57,1,1,0,1,58,69,1,1,0
57,0,1,0,0,49,52,1,1,0
57,1,1,1,0,52,61,1,1,0
57,1,1,0,0,62,74,1,1,0
57,1,1,0,0,64,73,1,1,0
57,0,1,0,0,48,47,1,1,0
57,0,1,0,0,58,70,1,1,0
57,0,1,0,1,65,67,1,1,0
57,1,1,0,0,58,60,1,1,0
57,1,1,1,1,56,63,1,1,0
57,1,1,0,1,52,62,1,1,0
57,0,1,0,1,63,68,1,1,0
57,0,1,1,1,48,57,1,1,0
57,0,1,1,1,57,59,1,1,0
57,1,1,0,1,56,67,1,1,0
57,1,1,1,1,56,68,1,1,0
58,0,0,0,0,68,59,1,1,0
58,1,0,0,0,55,63,1,1,0
58,1,0,1,1,58,67,1,1,0
58,1,0,1,0,65,88,1,1,0
58,1,0,1,1,57,59,1,1,0
58,0,0,0,0,61,64,1,1,0
58,1,0,0,0,64,72,1,1,0
58,0,0,0,0,63,65,1,1,0
58,1,0,1,0,56,69,1,1,0
58,0,0,0,1,64,74,1,1,0
58,0,0,0,0,59,60,1,1,0
58,1,0,0,0,58,78,1,1,0
58,1,0,1,0,65,79,1,1,0
58,0,0,0,0,61,57,1,1,0
58,1,0,0,0,69,79,1,1,0
58,0,0,0,0,60,57,1,1,0
58,1,0,1,1,62,71,1,1,0
58,0,0,0,0,61,66,1,1,0
58,0,0,1,0,54,54,1,1,0
58,1,0,0,0,64,67,1,1,0
58,0,0,0,0,62,63,1,1,0
58,0,0,0,0,52,59,1,1,0
59,0,1,1,1,65,78,1,1,0
59,0,0,0,0,56,65,1,1,0
59,0,0,1,0,61,69,1,1,0
59,0,0,0,1,56,64,1,1,0
59,1,0,0,1,52,67,1,1,0
59,1,0,0,0,49,58,1,1,0
59,1,0,0,0,47,54,1,1,0
59,1,1,0,0,54,57,1,1,0
59,0,1,1,1,34,34,1,1,0
59,0,0,1,0,52,55,1,1,0
59,1,0,1,1,53,59,1,1,0
59,0,0,0,0,59,65,1,1,0
59,0,1,1,1,63,61,1,1,0
59,0,1,0,1,41,45,1,1,0
59,1,0,1,1,59,68,1,1,0
59,0,0,0,0,60,64,1,1,0
59,1,1,0,1,54,71,1,1,0
59,1,0,0,1,40,43,1,1,0
59,1,1,1,1,46,58,1,1,0
59,1,1,1,0,49,59,1,1,0
59,0,0,0,1,52,64,1,1,0
59,1,0,0,1,53,58,1,1,0
59,0,1,1,1,46,59,1,1,0
59,0,1,1,1,72,77,1,1,0
59,1,1,0,0,56,71,1,1,0
59,0,1,1,0,51,60,1,1,0
59,1,0,0,1,58,69,1,1,0
59,0,1,0,0,60,63,1,1,0
59,0,1,1,1,44,47,1,1,0
59,1,1,1,0,34,43,1,1,0
59,1,0,0,1,52,63,1,1,0
59,1,0,1,1,60,71,1,1,0
59,0,0,0,1,60,60,1,1,0
59,0,1,1,0,48,54,1,1,0
59,1,1,1,1,56,67,1,1,0
59,1,0,0,0,72,87,1,1,0
59,0,1,0,1,54,57,1,1,0
59,1,1,0,0,63,82,1,1,0
59,0,0,0,0,65,74,1,1,0
59,0,1,0,0,54,59,1,1,0
59,0,0,0,0,42,52,1,1,0
59,0,1,1,0,74,74,1,1,0
59,0,1,0,0,62,66,1,1,0
59,0,0,1,0,70,71,1,1,0
59,1,0,1,1,49,60,1,1,0
59,0,1,0,1,51,53,1,1,0
59,1,0,0,0,51,62,1,1,0
59,1,0,0,0,71,83,1,1,0
59,1,1,0,1,57,68,1,1,0
59,0,1,0,0,32,36,1,1,0
59,0,1,1,0,47,57,1,1,0
59,0,1,1,0,75,79,1,1,0
59,0,0,0,0,53,65,1,1,0
59,0,1,0,0,62,68,1,1,0
59,1,0,0,0,56,65,1,1,0
59,1,0,0,0,59,72,1,1,0
59,1,0,1,1,46,59,1,1,0
59,1,0,1,1,51,66,1,1,0
59,0,0,0,0,70,73,1,1,0
59,0,0,0,0,45,49,1,1,0
59,0,0,1,0,53,59,1,1,0
59,1,0,0,0,47,57,1,1,0
59,0,1,1,1,38,47,1,1,0
59,1,0,1,1,46,50,1,1,0
59,0,1,1,1,57,61,1,1,0
59,1,1,0,1,53,61,1,1,0
60,0,1,0,1,60,70,1,1,0
60,0,0,1,0,54,60,1,1,0
60,0,1,0,0,51,49,1,1,0
60,1,1,0,1,66,76,1,1,0
60,0,0,0,0,61,60,1,1,0
60,0,1,0,0,62,68,1,1,0
60,1,1,0,0,57,68,1,1,0
60,0,1,0,1,58,64,1,1,0
60,0,1,1,0,52,57,1,1,0
60,1,1,0,0,61,76,1,1,0
60,1,0,1,0,56,74,1,1,0
60,0,1,1,0,55,54,1,1,0
60,0,0,0,1,65,64,1,1,0
60,0,1,0,0,63,63,1,1,0
60,1,1,0,1,65,64,1,1,0
60,1,1,1,0,64,76,1,1,0
60,1,1,1,0,64,81,1,1,0
60,0,1,0,1,53,58,1,1,0
60,0,0,0,0,48,51,1,1,0
60,1,0,1,0,67,81,1,1,0
60,1,0,1,1,50,59,1,1,0
60,0,0,0,1,62,66,1,1,0
61,1,1,0,0,68,80,1,1,0
61,1,1,0,0,63,77,1,1,0
61,0,1,0,0,50,63,1,1,0
61,0,1,0,0,60,62,1,1,0
61,1,1,0,0,61,67,1,1,0
61,0,1,0,0,58,64,1,1,0
61,1,1,0,1,64,75,1,1,0
61,1,1,0,0,43,54,1,1,0
61,1,1,0,1,52,65,1,1,0
61,1,1,0,1,56,68,1,1,0
61,1,1,0,0,44,59,1,1,0
61,1,1,0,0,64,75,1,1,0
61,1,1,0,1,66,79,1,1,0
61,1,1,0,0,80,88,1,1,0
61,1,1,0,0,66,81,1,1,0
61,1,1,0,1,54,66,1,1,0
61,1,1,0,0,69,78,1,1,0
61,1,1,0,1,57,66,1,1,0
61,0,1,0,0,64,67,1,1,0
61,1,1,0,1,67,71,1,1,0
61,0,1,0,0,51,59,1,1,0
61,1,1,0,0,68,74,1,1,0
61,0,1,0,1,55,61,1,1,0
61,0,1,1,0,74,79,1,1,0
61,0,1,0,0,54,57,1,1,0
61,1,1,0,1,66,77,1,1,0
61,1,1,0,0,69,76,1,1,0
61,1,1,1,1,64,74,1,1,0
61,1,1,0,1,62,75,1,1,0
61,1,1,0,1,68,78,1,1,0
61,1,1,0,0,61,71,1,1,0
61,0,1,0,0,70,77,1,1,0
61,1,1,0,0,60,71,1,1,0
61,1,1,0,1,58,68,1,1,0
61,0,1,0,0,64,68,1,1,0
61,1,1,0,0,55,69,1,1,0
61,0,1,0,0,67,70,1,1,0
61,1,1,1,0,71,81,1,1,0
61,0,1,0,0,68,75,1,1,0
61,1,1,0,0,54,67,1,1,0
61,1,1,0,0,55,74,1,1,0
61,0,1,0,0,60,64,1,1,0
61,0,1,0,0,59,65,1,1,0
61,0,1,0,0,51,58,1,1,0
61,1,1,0,0,62,71,1,1,0
61,1,1,0,0,55,68,1,1,0
61,1,1,1,0,56,68,1,1,0
61,1,1,0,1,70,78,1,1,0
62,0,0,0,0,65,71,2,1,0
62,0,1,0,0,59,68,2,1,0
62,1,1,1,1,50,61,2,1,0
62,1,1,0,1,61,71,2,1,0
62,1,1,0,1,68,82,2,1,0
62,0,0,1,0,63,73,2,1,0
62,1,0,0,1,70,78,2,1,0
62,1,0,0,0,59,68,2,1,0
62,0,1,1,1,50,62,2,1,0
62,0,0,0,0,58,70,2,1,0
62,0,0,0,0,62,79,2,1,0
62,0,0,1,1,65,75,2,1,0
62,1,0,0,0,56,68,2,1,0
62,0,0,0,0,59,58,2,1,0
62,0,0,0,1,56,58,2,1,0
62,1,1,0,1,66,73,2,1,0
62,0,0,1,1,60,61,2,1,0
62,0,0,0,1,58,73,2,1,0
62,0,1,0,0,51,57,2,1,0
62,1,1,0,1,61,64,2,1,0
62,0,0,0,1,56,63,2,1,0
62,1,0,0,1,53,64,2,1,0
62,0,0,0,1,63,70,2,1,0
62,0,0,0,0,48,60,2,1,0
62,1,1,0,1,57,67,2,1,0
62,0,0,0,1,73,77,2,1,0
62,0,1,0,1,58,68,2,1,0
62,0,1,1,0,55,56,2,1,0
62,1,1,1,0,68,73,2,1,0
62,1,0,0,1,60,67,2,1,0
62,0,1,0,0,60,68,2,1,0
62,1,0,0,1,54,65,2,1,0
62,0,1,0,0,65,73,2,1,0
62,1,0,0,0,75,84,2,1,0
62,0,1,0,1,67,76,2,1,0
62,1,0,0,1,63,75,2,1,0
62,1,0,1,1,44,53,2,1,0
62,1,1,0,1,66,74,2,1,0
62,0,1,0,1,49,55,2,1,0
62,0,0,1,1,58,63,2,1,0
62,1,0,0,0,58,68,2,1,0
62,0,1,0,0,53,50,2,1,0
62,1,0,0,1,58,73,2,1,0
62,0,0,0,1,59,73,2,1,0
62,0,1,0,1,65,76,2,1,0
62,1,0,1,1,61,71,2,1,0
62,0,1,1,1,51,55,2,1,0
62,0,0,0,1,73,86,2,1,0
62,0,0,1,1,63,65,2,1,0
62,0,0,0,0,58,58,2,1,0
62,1,0,0,1,68,82,2,1,0
62,0,0,0,0,56,60,2,1,0
63,1,1,0,0,72,76,2,1,0
63,0,0,0,1,68,74,2,1,0
63,1,0,0,1,54,62,2,1,0
63,0,1,0,0,54,55,2,1,0
63,0,1,0,1,63,70,2,1,0
63,0,1,0,0,45,46,2,1,0
63,1,0,1,0,58,71,2,1,0
63,0,1,0,1,61,66,2,1,0
63,0,0,1,0,73,74,2,1,0
63,1,1,0,0,62,74,2,1,0
63,1,1,0,1,43,48,2,1,0
63,0,0,1,0,72,80,2,1,0
63,1,0,1,0,55,65,2,1,0
63,1,1,0,1,34,44,2,1,0
63,0,1,0,1,69,75,2,1,0
63,0,1,1,1,53,59,2,1,0
63,0,1,1,0,57,62,2,1,0
63,0,0,0,0,65,71,2,1,0
63,0,1,0,0,68,69,2,1,0
63,1,0,1,0,42,56,2,1,0
63,1,0,0,0,46,59,2,1,0
63,1,0,0,0,58,71,2,1,0
63,1,1,0,0,60,65,2,1,0
63,0,0,1,1,53,59,2,1,0
63,1,1,0,1,59,67,2,1,0
63,1,0,1,0,55,66,2,1,0
63,1,1,0,0,50,55,2,1,0
63,1,1,1,0,62,74,2,1,0
64,1,0,0,1,54,67,2,1,0
64,0,0,0,0,64,64,2,1,0
64,1,0,0,1,60,72,2,1,0
64,0,0,0,1,62,69,2,1,0
64,0,0,0,1,59,69,2,1,0
64,0,1,0,1,60,64,2,1,0
64,0,0,0,0,45,45,2,1,0
64,0,1,0,1,48,56,2,1,0
64,1,0,0,1,51,50,2,1,0
64,1,1,0,1,49,59,2,1,0
64,1,1,0,1,48,59,2,1,0
64,0,1,0,1,66,76,2,1,0
64,1,0,0,1,57,65,2,1,0
64,1,1,0,0,49,58,2,1,0
64,0,0,0,0,57,63,2,1,0
64,1,0,0,1,48,50,2,1,0
64,1,1,0,1,51,62,2,1,0
64,0,0,0,0,61,67,2,1,0
64,1,1,0,1,63,71,2,1,0
64,1,0,1,0,69,80,2,1,0
64,0,1,1,1,64,64,2,1,0
64,0,1,1,1,56,57,2,1,0
64,1,1,0,0,70,88,2,1,0
64,0,0,0,1,57,61,2,1,0
64,1,1,0,1,36,46,2,1,0
64,0,0,0,0,51,52,2,1,0
64,1,1,0,1,49,53,2,1,0
64,1,1,1,1,46,51,2,1,0
64,0,0,0,1,69,81,2,1,0
64,1,1,0,1,64,77,2,1,0
64,1,0,0,1,57,66,2,1,0
64,0,0,0,1,44,45,2,1,0
64,0,1,0,1,64,73,2,1,0
64,1,1,0,0,52,63,2,1,0
64,0,0,0,0,69,80,2,1,0
64,0,1,0,1,63,68,2,1,0
64,0,0,0,1,76,80,2,1,0
64,0,1,0,1,57,61,2,1,0
64,1,1,0,1,67,88,2,1,0
64,1,0,1,1,48,50,2,1,0
64,1,0,1,1,61,68,2,1,0
64,1,0,1,0,63,68,2,1,0
64,0,1,0,1,58,67,2,1,0
64,1,0,0,1,61,76,2,1,0
64,1,1,1,1,59,62,2,1,0
64,0,1,1,1,40,39,2,1,0
64,1,0,0,1,44,55,2,1,0
64,1,1,0,1,66,77,2,1,0
64,0,0,0,1,71,76,2,1,0
64,0,0,0,0,66,75,2,1,0
64,1,0,1,0,58,63,2,1,0
64,1,0,0,1,55,59,2,1,0
64,0,1,0,1,58,71,2,1,0
64,0,0,0,1,65,68,2,1,0
64,0,1,0,1,44,45,2,1,0
64,0,0,0,0,51,58,2,1,0
64,0,0,1,0,66,63,2,1,0
64,1,1,0,1,56,66,2,1,0
64,0,0,0,1,56,63,2,1,0
64,1,0,1,1,47,55,2,1,0
64,1,0,0,0,56,66,2,1,0
64,0,0,0,0,60,61,2,1,0
64,1,1,1,0,53,65,2,1,0
64,1,1,0,0,56,68,2,1,0
64,1,1,0,1,47,61,2,1,0
64,1,0,0,1,56,63,2,1,0
64,1,1,0,1,65,77,2,1,0
64,0,1,0,0,55,64,2,1,0
64,1,1,0,1,61,71,2,1,0
64,0,0,1,1,59,64,2,1,0
64,0,1,0,1,46,49,2,1,0
64,1,1,0,1,51,60,2,1,0
64,0,0,0,1,76,79,2,1,0
64,1,0,0,1,68,84,2,1,0
64,1,1,0,1,42,52,2,1,0
65,0,0,0,1,69,71,2,1,0
65,1,1,0,0,61,66,2,1,0
65,1,0,1,1,55,58,2,1,0
65,1,0,1,0,52,59,2,1,0
65,1,0,1,1,42,54,2,1,0
65,1,0,1,1,51,65,2,1,0
65,0,0,1,1,45,60,2,1,0
65,1,1,1,0,59,77,2,1,0
65,1,1,1,1,55,74,2,1,0
65,1,0,0,0,57,76,2,1,0
65,1,1,0,0,73,79,2,1,0
65,0,0,1,0,48,45,2,1,0
65,1,1,0,1,67,72,2,1,0
65,1,0,0,0,67,73,2,1,0
65,1,1,1,1,65,66,2,1,0
65,0,0,0,1,59,55,2,1,0
65,1,0,1,1,38,58,2,1,0
65,0,1,0,1,41,53,2,1,0
65,0,1,0,1,53,39,2,1,0
65,1,0,0,1,62,71,2,1,0
65,0,0,1,1,42,47,2,1,0
65,1,1,1,0,53,63,2,1,0
65,0,0,1,1,46,57,2,1,0
65,1,0,1,1,55,63,2,1,0
65,0,1,0,0,50,54,2,1,0
65,1,0,0,1,59,64,2,1,0
65,0,0,1,1,46,39,2,1,0
65,1,0,0,1,64,73,2,1,0
65,0,1,0,1,42,35,2,1,0
65,1,0,1,1,53,63,2,1,0
65,1,1,0,1,64,72,2,1,0
65,0,0,0,0,45,48,2,1,0
65,0,1,1,0,59,57,2,1,0
65,0,1,0,1,57,51,2,1,0
65,0,1,0,0,59,61,2,1,0
65,1,1,0,0,74,83,2,1,0
65,0,0,1,1,45,46,2,1,0
65,0,1,1,0,56,51,2,1,0
65,0,0,0,1,61,65,2,1,0
65,1,0,0,0,57,56,2,1,0
65,0,1,1,1,41,40,2,1,0
65,0,0,1,1,29,30,2,1,0
65,1,1,0,0,77,91,2,1,0
65,1,0,0,0,63,68,2,1,0
65,1,0,0,1,59,56,2,1,0
65,0,0,0,0,57,61,2,1,0
65,0,0,0,0,56,55,2,1,0
65,1,0,1,0,55,57,2,1,0
65,1,0,0,1,60,76,2,1,0
65,0,1,1,0,41,46,2,1,0
65,1,1,1,1,59,64,2,1,0
65,0,1,0,0,57,58,2,1,0
65,0,0,0,1,49,50,2,1,0
65,1,0,0,1,50,68,2,1,0
65,1,1,0,1,60,56,2,1,0
65,0,0,0,1,50,49,2,1,0
65,1,1,0,0,51,57,2,1,0
65,1,1,0,0,57,66,2,1,0
65,0,0,0,1,56,62,2,1,0
65,1,0,1,1,56,65,2,1,0
65,1,1,1,0,48,55,2,1,0
65,0,0,1,1,48,43,2,1,0
65,0,0,0,1,51,55,2,1,0
65,0,1,0,1,60,55,2,1,0
65,1,0,0,1,53,68,2,1,0
65,0,0,0,0,63,63,2,1,0
66,1,1,0,0,47,62,2,1,0
66,1,0,0,1,68,80,2,1,0
66,1,1,0,1,45,57,2,1,0
66,1,1,0,1,48,56,2,1,0
66,0,0,0,1,56,57,2,1,0
66,0,0,0,1,48,54,2,1,0
66,0,1,0,0,56,63,2,1,0
66,0,1,0,1,60,65,2,1,0
66,0,1,0,0,46,54,2,1,0
66,1,0,0,0,52,58,2,1,0
66,0,0,0,1,62,72,2,1,0
66,1,1,0,0,76,89,2,1,0
66,1,1,0,1,52,65,2,1,0
66,0,1,0,0,65,70,2,1,0
66,1,1,0,1,54,63,2,1,0
66,0,1,1,1,54,57,2,1,0
66,1,1,0,1,43,54,2,1,0
66,0,0,0,1,60,70,2,1,0
66,1,1,0,1,61,74,2,1,0
66,1,1,0,1,55,64,2,1,0
66,1,0,0,0,70,82,2,1,0
66,0,0,0,1,52,61,2,1,0
66,0,1,0,1,67,79,2,1,0
66,1,1,0,1,50,63,2,1,0
66,1,1,0,1,68,74,2,1,0
67,1,0,0,1,69,76,2,1,0
67,1,0,1,1,60,76,2,1,0
67,1,1,0,1,64,74,2,1,0
67,0,1,0,0,58,62,2,1,0
67,0,0,0,0,66,68,2,1,0
67,1,0,0,1,64,61,2,1,0
67,0,1,0,0,44,47,2,1,0
67,0,0,1,1,73,80,2,1,0
67,0,1,1,0,59,56,2,1,0
67,0,1,0,0,52,58,2,1,0
67,0,0,0,0,53,60,2,1,0
67,0,1,0,1,56,66,2,1,0
67,0,0,0,0,60,68,2,1,0
67,1,1,0,1,66,78,2,1,0
67,0,0,0,1,58,76,2,1,0
67,0,0,1,0,53,60,2,1,0
67,1,0,0,1,51,59,2,1,0
67,1,0,0,1,55,62,2,1,0
67,1,1,0,0,56,60,2,1,0
67,1,0,0,0,67,81,2,1,0
67,1,1,0,0,69,84,2,1,0
67,1,0,0,1,64,73,2,1,0
67,0,0,0,0,54,59,2,1,0
67,0,1,1,0,56,59,2,1,0
67,0,0,0,0,63,67,2,1,0
67,0,0,0,1,68,68,2,1,0
67,1,1,0,1,59,63,2,1,0
68,0,1,0,1,54,60,2,1,0
68,0,1,0,1,57,61,2,1,0
68,1,1,0,1,57,70,2,1,0
68,0,1,0,0,47,59,2,1,0
68,0,1,0,0,53,60,2,1,0
68,0,0,0,1,56,59,2,1,0
68,0,0,0,1,63,74,2,1,0
68,0,1,0,0,48,58,2,1,0
68,0,0,0,0,59,37,2,1,0
68,1,0,0,1,62,64,2,1,0
68,1,0,0,1,62,69,2,1,0
68,0,1,0,1,67,64,2,1,0
68,1,0,0,0,56,78,2,1,0
68,1,0,0,1,58,54,2,1,0
68,0,0,0,1,60,62,2,1,0
68,1,0,0,1,58,80,2,1,0
68,1,0,0,0,65,94,2,1,0
68,0,0,0,1,53,56,2,1,0
68,1,1,0,1,54,60,2,1,0
68,0,0,0,1,53,69,2,1,0
68,0,1,0,0,54,60,2,1,0
68,0,0,0,1,59,76,2,1,0
68,0,0,0,0,50,89,2,1,0
68,0,0,0,0,58,57,2,1,0
68,0,0,0,1,53,74,2,1,0
68,1,1,0,0,48,76,2,1,0
68,1,0,0,1,52,84,2,1,0
68,1,0,0,0,53,79,2,1,0
68,1,1,0,1,52,60,2,1,0
68,1,0,0,1,53,77,2,1,0
68,1,0,0,0,66,69,2,1,0
68,1,1,0,0,54,53,2,1,0
68,1,1,0,0,60,64,2,1,0
68,0,0,0,1,50,70,2,1,0
68,1,1,0,1,48,71,2,1,0
68,0,1,0,0,53,58,2,1,0
68,0,0,0,1,56,60,2,1,0
68,1,0,0,1,61,72,2,1,0
68,1,1,0,0,58,72,2,1,0
68,0,1,0,0,64,57,2,1,0
68,1,1,0,1,62,66,2,1,0
68,0,0,0,1,59,68,2,1,0
68,1,1,0,0,58,49,2,1,0
68,1,1,0,1,69,72,2,1,0
68,0,0,0,1,56,74,2,1,0
68,1,1,0,0,59,59,2,1,0
68,0,0,0,1,59,60,2,1,0
68,0,1,0,1,61,51,2,1,0
68,1,1,0,0,60,76,2,1,0
68,0,0,0,0,60,64,2,1,0
68,0,1,0,1,59,79,2,1,0
68,1,0,0,0,56,77,2,1,0
68,1,0,0,1,55,78,2,1,0
68,0,0,0,1,57,54,2,1,0
68,0,0,0,0,53,56,2,1,0
68,1,0,0,0,50,51,2,1,0
68,1,1,0,1,62,74,2,1,0
68,0,0,0,1,52,70,2,1,0
68,1,0,0,0,59,69,2,1,0
68,0,0,0,1,61,62,2,1,0
68,1,1,0,0,49,62,2,1,0
68,1,0,0,1,60,62,2,1,0
68,0,1,0,1,62,66,2,1,0
68,0,1,0,0,65,72,2,1,0
68,1,1,0,1,51,71,2,1,0
68,0,0,0,1,65,88,2,1,0
68,0,1,0,1,57,48,2,1,0
68,0,0,0,0,65,65,2,1,0
68,0,1,0,0,48,75,2,1,0
68,0,1,0,1,55,53,2,1,0
68,1,0,0,1,59,56,2,1,0
68,0,1,0,1,57,36,2,1,0
68,0,1,0,1,65,57,2,1,0
68,0,0,0,1,55,69,2,1,0
68,0,1,0,0,53,46,2,1,0
68,0,1,0,1,56,42,2,1,0
68,0,0,0,0,53,62,2,1,0
68,1,1,0,0,62,77,2,1,0
68,1,1,0,1,60,53,2,1,0
68,0,0,0,1,57,80,2,1,0
68,0,1,0,1,57,48,2,1,0
68,1,0,0,1,53,66,2,1,0
68,0,0,0,1,48,74,2,1,0
68,1,0,0,1,60,70,2,1,0
68,1,0,0,1,52,77,2,1,0
68,0,0,0,1,59,65,2,1,0
68,0,0,0,1,55,62,2,1,0
68,0,0,0,1,55,50,2,1,0
68,0,0,0,1,55,57,2,1,0
68,0,0,0,0,47,74,2,1,0
68,1,1,0,0,52,64,2,1,0
68,0,0,0,1,61,53,2,1,0
68,1,1,0,1,59,63,2,1,0
68,1,0,0,1,57,57,2,1,0
68,1,1,0,0,57,67,2,1,0
68,0,0,0,1,60,64,2,1,0
69,0,1,0,0,65,69,2,1,0
69,0,0,0,1,56,65,2,1,0
69,1,0,0,1,59,74,2,1,0
69,0,1,0,1,42,47,2,1,0
69,1,1,0,0,68,78,2,1,0
69,1,1,0,1,47,56,2,1,0
69,0,0,0,0,73,73,2,1,0
69,1,1,0,1,55,60,2,1,0
69,1,1,0,1,42,56,2,1,0
69,1,1,0,1,52,68,2,1,0
69,1,0,0,0,47,54,2,1,0
69,0,0,0,0,49,54,2,1,0
69,1,1,0,0,61,69,2,1,0
69,1,1,0,0,61,70,2,1,0
69,1,0,0,1,60,69,2,1,0
69,1,1,0,1,53,65,2,1,0
69,0,1,0,1,54,56,2,1,0
69,0,1,0,0,58,62,2,1,0
69,1,0,0,1,46,53,2,1,0
69,1,1,0,1,40,52,2,1,0
69,0,0,0,0,62,63,2,1,0
69,0,0,0,1,59,64,2,1,0
69,0,1,0,1,57,58,2,1,0
69,1,1,0,1,67,78,2,1,0
69,1,1,0,1,49,55,2,1,0
69,1,0,0,1,59,70,2,1,0
69,1,1,0,0,71,77,2,1,0
69,0,0,0,0,60,65,2,1,0
69,0,1,0,0,63,62,2,1,0
69,1,1,0,1,59,65,2,1,0
69,0,1,0,1,66,68,2,1,0
69,0,0,0,1,78,88,2,1,0
69,0,1,0,1,72,75,2,1,0
69,0,1,0,1,44,51,2,1,0
69,0,0,0,0,68,82,2,1,0
69,1,1,0,1,66,70,2,1,0
69,0,0,0,1,55,62,2,1,0
69,1,1,0,1,51,64,2,1,0
69,0,1,0,0,49,57,2,1,0
69,0,0,0,1,59,70,2,1,0
69,0,1,0,1,58,69,2,1,0
69,0,1,0,0,56,62,2,1,0
69,1,1,0,1,54,65,2,1,0
69,1,0,0,0,64,75,2,1,0
69,1,0,0,1,62,74,2,1,0
69,1,0,0,1,58,68,2,1,0
69,1,0,0,1,50,59,2,1,0
69,1,0,0,0,54,62,2,1,0
69,0,0,0,0,59,57,2,1,0
69,0,1,0,1,51,57,2,1,0
69,1,1,0,1,43,55,2,1,0
69,0,1,0,0,58,65,2,1,0
70,0,0,0,1,58,55,2,1,0
70,1,0,0,1,52,55,2,1,0
70,0,1,0,1,55,61,2,1,0
70,1,1,0,1,67,77,2,1,0
70,0,1,0,1,54,63,2,1,0
70,0,0,0,1,45,46,2,1,0
70,0,1,1,1,57,69,2,1,0
70,1,0,0,1,56,67,2,1,0
70,0,0,0,1,56,64,2,1,0
70,0,0,0,1,53,52,2,1,0
70,0,0,0,0,51,56,2,1,0
70,0,1,0,1,46,49,2,1,0
70,1,1,0,1,52,69,2,1,0
70,0,1,0,1,47,52,2,1,0
70,1,1,0,1,48,57,2,1,0
70,1,0,0,1,61,75,2,1,0
70,0,1,0,1,51,48,2,1,0
70,0,1,0,1,60,70,2,1,0
70,1,1,0,1,56,64,2,1,0
70,1,0,0,1,52,54,2,1,0
70,0,1,0,1,48,51,2,1,0
70,1,0,0,1,53,71,2,1,0
70,0,1,0,1,60,65,2,1,0
70,1,0,1,1,57,77,2,1,0
70,1,1,0,1,55,65,2,1,0
70,1,0,0,1,59,70,2,1,0
70,0,0,0,1,65,70,2,1,0
70,1,0,0,1,50,61,2,1,0
70,0,1,1,1,57,62,2,1,0
70,0,1,0,1,49,56,2,1,0
70,1,1,0,1,50,66,2,1,0
70,0,0,0,1,56,59,2,1,0
70,0,1,0,1,61,68,2,1,0
70,0,1,0,1,60,70,2,1,0
70,0,1,0,1,56,66,2,1,0
70,1,1,0,0,56,69,2,1,0
70,0,1,0,1,62,65,2,1,0
70,1,1,1,0,51,57,2,1,0
70,0,0,0,1,60,72,2,1,0
70,0,0,0,0,52,56,2,1,0
70,1,0,0,1,57,62,2,1,0
70,1,0,0,1,57,66,2,1,0
70,1,1,0,0,47,57,2,1,0
70,0,0,0,1,48,47,2,1,0
70,1,0,0,1,54,60,2,1,0
70,0,1,0,1,52,56,2,1,0
70,0,1,0,1,53,51,2,1,0
70,1,0,0,1,59,68,2,1,0
70,0,0,0,1,52,59,2,1,0
70,1,0,0,1,49,59,2,1,0
70,1,0,0,1,65,71,2,1,0
70,0,0,0,1,58,67,2,1,0
70,0,1,0,1,49,53,2,1,0
70,1,0,1,1,53,61,2,1,0
70,0,1,0,1,56,59,2,1,0
70,1,1,0,1,66,76,2,1,0
70,1,0,0,1,58,71,2,1,0
70,1,1,0,1,58,66,2,1,0
70,0,0,0,0,60,67,2,1,0
70,0,1,0,1,48,56,2,1,0
71,0,0,0,1,45,52,3,1,0
71,1,0,0,0,59,75,3,1,0
71,1,0,1,0,61,68,3,1,0
71,1,0,1,1,62,70,3,1,0
71,0,0,0,1,71,77,3,1,0
71,0,0,1,1,53,52,3,1,0
71,1,0,1,0,49,65,3,1,0
71,1,0,1,1,58,64,3,1,0
71,0,0,1,1,53,61,3,1,0
71,0,0,0,1,56,57,3,1,0
71,0,0,0,1,58,63,3,1,0
71,1,0,0,0,59,72,3,1,0
71,1,0,0,0,63,72,3,1,0
71,1,0,0,1,61,66,3,1,0
71,0,0,0,0,65,70,3,1,0
71,0,0,1,1,55,54,3,1,0
71,0,0,0,0,60,60,3,1,0
71,0,0,0,1,60,65,3,1,0
71,1,0,0,1,61,78,3,1,0
71,1,0,1,1,55,61,3,1,0
71,1,0,0,1,54,69,3,1,0
71,1,0,1,0,54,63,3,1,0
71,0,0,0,0,68,68,3,1,0
71,1,0,0,1,62,73,3,1,0
72,1,0,0,0,55,64,3,1,0
72,0,1,1,1,42,41,3,1,0
72,0,0,0,0,57,63,3,1,0
72,1,0,0,0,66,77,3,1,0
72,0,0,0,0,53,66,3,1,0
72,0,1,0,0,58,70,3,1,0
72,1,0,0,0,51,61,3,1,0
72,0,0,1,0,29,27,3,1,0
72,0,1,0,1,66,81,3,1,0
72,0,0,1,1,43,39,3,1,0
72,0,0,0,0,57,58,3,1,0
72,1,1,0,0,66,76,3,1,0
72,0,0,1,0,71,81,3,1,0
72,0,1,0,0,54,56,3,1,0
72,1,0,0,1,68,86,3,1,0
72,1,1,0,1,46,59,3,1,0
72,0,1,0,1,49,51,3,1,0
72,1,0,0,1,45,51,3,1,0
72,0,0,0,0,51,56,3,1,0
72,0,0,0,0,41,50,3,1,0
72,0,0,1,0,49,44,3,1,0
72,1,0,0,0,61,72,3,1,0
72,0,1,1,0,68,77,3,1,0
72,1,0,0,0,49,65,3,1,0
72,1,0,0,1,39,49,3,1,0
72,0,0,0,0,74,82,3,1,0
72,0,1,1,0,41,41,3,1,0
72,0,0,0,0,62,71,3,1,0
72,0,1,0,0,60,65,3,1,0
72,0,1,0,0,59,56,3,1,0
72,1,0,1,0,50,58,3,1,0
72,1,0,0,0,50,71,3,1,0
73,0,0,0,0,36,31,3,1,0
73,1,0,0,1,67,72,3,1,0
73,1,0,0,0,60,72,3,1,0
73,0,0,0,1,37,42,3,1,0
73,0,0,0,0,56,58,3,1,0
73,1,1,0,1,69,76,3,1,0
73,1,1,0,1,36,43,3,1,0
73,1,0,0,1,69,76,3,1,0
73,0,1,0,0,50,56,3,1,0
73,0,0,0,1,38,45,3,1,0
73,1,0,1,1,49,56,3,1,0
73,0,0,0,0,59,60,3,1,0
73,1,0,1,1,60,69,3,1,0
73,1,1,0,0,57,56,3,1,0
73,0,0,0,1,66,67,3,1,0
73,0,0,0,1,69,70,3,1,0
73,1,0,0,1,24,34,3,1,0
73,0,0,0,0,44,53,3,1,0
73,0,0,0,1,39,49,3,1,0
73,0,1,0,1,43,53,3,1,0
73,0,1,1,0,40,47,3,1,0
73,0,1,0,1,62,65,3,1,0
73,0,1,0,1,46,39,3,1,0
73,1,0,0,1,62,66,3,1,0
73,1,1,0,0,44,57,3,1,0
73,1,1,1,1,43,45,3,1,0
73,1,0,1,1,65,73,3,1,0
73,0,1,0,0,59,53,3,1,0
73,0,0,0,0,62,58,3,1,0
73,0,1,0,1,67,69,3,1,0
73,1,1,0,0,24,32,3,1,0
73,1,1,0,1,61,65,3,1,0
73,1,0,1,1,64,81,3,1,0
73,1,0,0,0,65,68,3,1,0
73,0,1,0,0,40,41,3,1,0
73,0,1,0,1,40,40,3,1,0
73,1,0,1,1,57,60,3,1,0
73,1,1,1,0,60,59,3,1,0
73,0,0,0,1,69,69,3,1,0
73,0,0,0,1,51,54,3,1,0
74,1,1,1,0,59,67,3,1,0
74,0,1,1,1,42,43,3,1,0
74,1,1,1,1,46,49,3,1,0
74,0,1,1,1,50,51,3,1,0
74,1,0,1,1,43,49,3,1,0
74,0,0,1,1,50,50,3,1,0
74,1,1,1,0,42,52,3,1,0
74,0,0,1,1,43,45,3,1,0
74,1,0,1,0,52,55,3,1,0
74,0,0,1,1,36,41,3,1,0
74,0,0,1,0,47,56,3,1,0
74,0,1,1,1,54,57,3,1,0
74,0,0,1,1,58,65,3,1,0
74,0,0,1,0,46,44,3,1,0
74,1,1,1,1,38,44,3,1,0
74,1,0,1,1,46,50,3,1,0
74,0,1,1,1,43,46,3,1,0
74,1,0,1,1,45,44,3,1,0
74,1,0,1,1,67,75,3,1,0
74,0,0,1,0,45,52,3,1,0
74,1,1,1,0,43,50,3,1,0
74,0,1,1,1,45,46,3,1,0
74,1,0,1,1,46,56,3,1,0
74,0,1,1,0,28,27,3,1,0
74,0,0,1,0,61,72,3,1,0
74,0,0,1,1,44,49,3,1,0
74,0,1,1,0,43,45,3,1,0
74,0,0,1,1,54,60,3,1,0
74,1,0,1,0,46,58,3,1,0
74,1,1,1,1,34,36,3,1,0
74,0,1,1,0,34,37,3,1,0
74,1,0,1,0,53,62,3,1,0
74,0,1,1,0,51,54,3,1,0
74,1,0,1,1,51,63,3,1,0
74,0,0,1,0,40,39,3,1,0
74,1,0,1,0,43,57,3,1,0
74,1,1,1,0,57,65,3,1,0
74,0,0,1,1,61,60,3,1,0
74,0,0,1,0,58,58,3,1,0
74,1,1,1,1,37,39,3,1,0
74,0,1,1,0,36,33,3,1,0
74,0,1,1,1,40,38,3,1,0
74,0,0,1,1,41,41,3,1,0
74,1,1,1,1,40,47,3,1,0
74,1,0,1,0,57,57,3,1,0
74,1,1,1,1,36,44,3,1,0
75,0,1,0,0,52,56,3,1,0
75,1,1,0,0,54,66,3,1,0
75,0,1,1,0,40,43,3,1,0
75,0,1,0,0,45,51,3,1,0
75,0,1,1,1,44,45,3,1,0
75,1,1,0,1,62,69,3,1,0
75,1,1,0,0,60,74,3,1,0
75,1,1,1,0,52,61,3,1,0
75,1,1,0,0,61,71,3,1,0
75,0,1,1,0,76,84,3,1,0
75,1,1,0,1,58,69,3,1,0
75,1,1,0,0,49,62,3,1,0
75,0,1,0,0,39,41,3,1,0
75,1,1,0,0,48,62,3,1,0
75,0,1,1,0,46,54,3,1,0
75,0,1,0,0,63,71,3,1,0
75,1,1,0,0,57,67,3,1,0
75,0,1,0,0,43,52,3,1,0
75,1,1,0,0,51,60,3,1,0
75,1,1,0,0,63,70,3,1,0
75,0,1,0,0,67,83,3,1,0
75,0,1,0,0,35,40,3,1,0
75,1,1,0,0,51,61,3,1,0
75,1,1,1,0,54,66,3,1,0
75,0,1,0,1,49,48,3,1,0
75,1,1,0,0,55,65,3,1,0
75,1,1,0,1,51,59,3,1,0
75,1,1,0,0,42,53,3,1,0
75,0,1,0,0,44,44,3,1,0
75,1,1,0,0,45,54,3,1,0
75,1,1,0,1,48,59,3,1,0
75,0,1,0,0,50,52,3,1,0
75,1,1,0,0,59,68,3,1,0
75,0,1,0,1,47,55,3,1,0
75,0,1,0,0,49,52,3,1,0
75,0,1,1,1,55,62,3,1,0
75,0,1,0,0,58,62,3,1,0
75,1,1,0,0,42,52,3,1,0
75,0,1,0,1,55,61,3,1,0
75,0,1,0,0,51,60,3,1,0
75,0,0,1,1,57,63,3,1,0
75,1,1,0,0,58,72,3,1,0
75,1,1,0,1,47,52,3,1,0
75,1,1,1,1,34,43,3,1,0
75,1,1,0,1,36,40,3,1,0
75,0,1,0,0,59,59,3,1,0
75,0,1,1,1,50,54,3,1,0
75,1,1,0,0,40,45,3,1,0
75,1,1,0,0,63,76,3,1,0
75,1,1,0,0,54,61,3,1,0
75,1,1,1,0,54,59,3,1,0
75,0,1,0,0,52,62,3,1,0
75,0,1,0,0,57,64,3,1,0
75,1,1,1,1,42,48,3,1,0
75,0,1,0,0,39,39,3,1,0
75,0,1,0,0,44,44,3,1,0
75,0,1,0,0,52,59,3,1,0
75,1,1,0,1,40,48,3,1,0
75,1,1,0,1,61,68,3,1,0
75,1,1,1,1,41,51,3,1,0
75,1,1,0,0,65,82,3,1,0
75,1,1,0,0,67,80,3,1,0
75,1,1,0,1,53,63,3,1,0
75,0,1,0,0,60,73,3,1,0
75,1,1,0,0,46,55,3,1,0
75,1,1,0,0,41,50,3,1,0
75,0,1,0,0,52,54,3,1,0
75,0,1,0,1,61,67,3,1,0
75,0,1,0,0,62,62,3,1,0
75,1,1,0,0,49,57,3,1,0
75,1,1,1,1,70,85,3,1,0
75,1,1,0,0,49,55,3,1,0
75,1,1,0,0,55,64,3,1,0
75,0,1,0,0,63,73,3,1,0
75,1,1,1,1,44,50,3,1,0
75,0,1,0,0,48,51,3,1,0
75,0,1,1,0,54,50,3,1,0
75,1,1,0,0,60,74,3,1,0
76,0,1,0,0,65,66,3,1,0
76,0,1,0,1,54,62,3,1,0
76,0,1,0,0,68,74,3,1,0
76,0,1,0,1,55,63,3,1,0
76,1,1,0,1,56,61,3,1,0
76,0,1,0,1,51,54,3,1,0
76,1,1,0,1,62,71,3,1,0
76,1,1,0,1,66,72,3,1,0
76,1,1,0,0,52,66,3,1,0
76,0,1,1,0,54,59,3,1,0
76,0,1,0,0,61,69,3,1,0
76,0,1,0,1,53,56,3,1,0
76,1,1,0,0,75,85,3,1,0
76,1,1,0,0,46,59,3,1,0
76,0,1,0,0,52,59,3,1,0
76,0,1,0,0,47,50,3,1,0
76,0,1,0,0,56,52,3,1,0
76,0,1,0,0,57,62,3,1,0
76,1,1,0,0,58,69,3,1,0
76,0,1,1,1,50,56,3,1,0
76,1,1,0,1,51,64,3,1,0
76,0,1,1,0,53,60,3,1,0
76,0,1,0,1,59,62,3,1,0
76,1,1,0,0,64,74,3,1,0
76,0,1,0,1,58,64,3,1,0
76,1,1,0,1,41,59,3,1,0
76,1,1,0,0,71,79,3,1,0
76,0,1,0,1,59,64,3,1,0
76,1,1,0,1,68,77,3,1,0
76,1,1,0,0,41,53,3,1,0
76,0,1,0,0,58,60,3,1,0
76,0,1,0,0,50,56,3,1,0
76,0,1,0,0,51,60,3,1,0
76,1,1,0,1,48,66,3,1,0
76,1,1,0,1,59,67,3,1,0
76,0,1,0,1,59,63,3,1,0
76,0,1,0,1,53,53,3,1,0
76,0,1,0,0,56,66,3,1,0
76,0,1,0,0,57,57,3,1,0
76,0,1,0,0,63,73,3,1,0
76,1,1,1,1,52,63,3,1,0
76,0,1,0,0,63,68,3,1,0
76,0,1,0,1,52,58,3,1,0
76,0,1,0,0,63,69,3,1,0
76,0,1,0,1,60,66,3,1,0
76,1,1,0,0,73,82,3,1,0
77,1,0,1,0,42,44,3,1,0
77,1,0,1,0,48,61,3,1,0
77,0,1,1,1,45,44,3,1,0
77,0,0,1,0,61,68,3,1,0
77,1,0,1,1,56,65,3,1,0
77,1,1,1,1,59,73,3,1,0
77,1,0,0,1,64,77,3,1,0
77,0,1,1,0,51,57,3,1,0
77,1,1,0,1,41,50,3,1,0
77,0,1,0,1,41,45,3,1,0
77,1,0,0,1,65,75,3,1,0
77,1,0,0,1,43,55,3,1,0
77,0,0,0,0,56,69,3,1,0
77,0,1,1,0,74,83,3,1,0
77,1,1,1,0,49,56,3,1,0
77,1,1,0,0,56,74,3,1,0
77,0,1,1,1,54,57,3,1,0
77,0,0,0,0,57,69,3,1,0
77,0,1,1,1,48,47,3,1,0
77,1,0,1,1,48,54,3,1,0
77,1,0,0,0,54,67,3,1,0
77,0,0,0,0,58,62,3,1,0
77,0,0,0,0,58,61,3,1,0
77,1,0,1,1,46,61,3,1,0
77,0,1,1,0,68,76,3,1,0
77,1,0,0,1,64,79,3,1,0
77,0,0,0,0,41,46,3,1,0
77,0,1,0,1,38,34,3,1,0
77,1,1,0,0,71,82,3,1,0
77,1,0,0,0,57,70,3,1,0
77,0,0,0,0,59,75,3,1,0
77,0,0,0,0,42,51,3,1,0
77,0,1,0,1,59,63,3,1,0
77,0,1,1,1,75,81,3,1,0
77,1,0,0,1,66,81,3,1,0
77,1,0,0,1,52,59,3,1,0
77,0,0,1,1,59,65,3,1,0
77,0,1,0,1,35,32,3,1,0
77,1,1,1,1,56,66,3,1,0
77,0,0,1,0,48,51,3,1,0
77,0,0,0,1,72,83,3,1,0
77,0,1,0,0,53,57,3,1,0
77,1,0,0,1,59,63,3,1,0
77,0,0,0,1,53,55,3,1,0
77,1,0,0,0,50,55,3,1,0
77,1,1,1,1,42,45,3,1,0
77,0,0,1,0,56,66,3,1,0
77,1,1,0,1,46,56,3,1,0
77,1,1,1,1,39,45,3,1,0
77,1,0,1,0,43,53,3,1,0
77,0,0,0,0,63,70,3,1,0
77,1,0,1,0,44,51,3,1,0
77,1,0,1,0,52,67,3,1,0
77,0,0,1,0,51,56,3,1,0
77,1,0,0,0,61,70,3,1,0
77,0,1,1,1,46,48,3,1,0
77,1,1,0,1,60,72,3,1,0
77,1,0,0,0,60,72,3,1,0
77,1,0,1,0,47,55,3,1,0
77,1,1,0,0,68,80,3,1,0
77,0,1,0,1,38,42,3,1,0
77,1,1,0,0,36,41,3,1,0
77,1,1,0,1,54,62,3,1,0
77,0,1,0,1,57,64,3,1,0
77,0,0,1,1,44,45,3,1,0
77,0,0,1,1,54,62,3,1,0
77,1,0,0,1,52,59,3,1,0
77,1,1,0,1,55,68,3,1,0
77,0,0,0,0,36,37,3,1,0
77,0,0,1,0,61,65,3,1,0
77,0,1,0,1,35,32,3,1,0
77,1,1,0,0,52,60,3,1,0
77,0,1,1,1,59,61,3,1,0
77,0,1,0,0,65,73,3,1,0
77,1,0,1,1,58,72,3,1,0
77,1,0,0,0,72,84,3,1,0
77,0,1,1,1,51,52,3,1,0
77,1,0,0,0,38,43,3,1,0
77,0,0,0,1,45,55,3,1,0
77,1,1,0,0,65,76,3,1,0
77,1,0,0,0,44,56,3,1,0
78,0,0,0,1,70,80,3,1,0
78,0,1,0,0,64,68,3,1,0
78,0,0,1,0,64,72,3,1,0
78,1,0,0,1,78,93,3,1,0
78,1,0,0,1,51,60,3,1,0
78,0,0,0,0,77,83,3,1,0
78,1,0,1,0,50,63,3,1,0
78,0,0,0,0,57,69,3,1,0
78,0,1,0,1,71,76,3,1,0
78,1,0,1,0,65,79,3,1,0
78,0,1,0,0,45,51,3,1,0
78,0,0,0,1,67,75,3,1,0
78,1,0,0,0,65,78,3,1,0
78,0,1,0,0,55,62,3,1,0
78,1,0,0,0,44,55,3,1,0
78,1,1,0,1,47,59,3,1,0
78,0,0,0,1,67,74,3,1,0
78,1,0,0,1,49,63,3,1,0
78,0,0,0,0,52,57,3,1,0
78,0,0,1,0,69,78,3,1,0
78,0,1,0,0,60,68,3,1,0
78,1,1,0,1,61,74,3,1,0
78,0,1,0,0,65,70,3,1,0
78,1,1,0,0,49,60,3,1,0
79,0,0,0,0,46,52,4,1,0
79,1,0,1,1,52,65,4,1,0
79,0,0,1,1,60,59,4,1,0
79,0,0,1,1,39,45,4,1,0
79,0,0,1,1,54,50,4,1,0
79,1,0,1,1,51,62,4,1,0
79,0,0,1,1,68,74,4,1,0
79,0,0,1,1,49,55,4,1,0
79,0,0,1,1,53,58,4,1,0
79,1,0,0,1,57,63,4,1,0
79,0,0,1,1,58,65,4,1,0
79,1,0,0,1,45,62,4,1,0
79,0,0,0,0,58,64,4,1,0
79,0,0,1,1,45,49,4,1,0
79,1,0,1,1,53,56,4,1,0
79,1,0,1,1,43,45,4,1,0
79,0,0,1,1,37,38,4,1,0
79,0,0,1,1,48,53,4,1,0
79,1,0,1,0,43,60,4,1,0
79,1,0,1,0,45,54,4,1,0
79,1,0,1,1,46,55,4,1,0
79,1,0,0,1,59,75,4,1,0
79,0,0,1,0,59,68,4,1,0
79,1,0,1,1,45,54,4,1,0
79,0,0,0,0,55,65,4,1,0
79,1,0,1,1,61,73,4,1,0
79,1,0,1,1,66,70,4,1,0
79,0,0,1,0,62,68,4,1,0
79,1,0,0,1,50,62,4,1,0
79,1,0,1,0,44,53,4,1,0
79,0,0,0,0,47,51,4,1,0
79,0,0,1,1,49,45,4,1,0
79,1,0,1,1,56,65,4,1,0
79,1,0,1,1,65,76,4,1,0
79,0,0,0,1,65,68,4,1,0
79,0,0,0,1,51,59,4,1,0
79,1,0,1,1,57,70,4,1,0
79,1,0,1,1,48,53,4,1,0
79,1,0,1,1,44,52,4,1,0
79,1,0,1,1,52,70,4,1,0
79,1,0,1,0,47,64,4,1,0
79,1,0,0,1,36,42,4,1,0
79,1,0,1,0,49,61,4,1,0
79,0,0,1,1,56,60,4,1,0
79,1,0,0,1,52,59,4,1,0
79,0,0,1,0,65,74,4,1,0
79,0,0,1,0,48,57,4,1,0
79,1,0,0,1,38,47,4,1,0
79,1,0,1,1,69,83,4,1,0
79,1,0,0,1,49,59,4,1,0
79,0,0,1,1,61,63,4,1,0
79,1,0,0,1,60,74,4,1,0
79,0,0,1,1,52,57,4,1,0
79,1,0,0,1,52,55,4,1,0
79,1,0,1,1,54,76,4,1,0
79,1,0,1,1,49,63,4,1,0
79,0,0,1,1,46,50,4,1,0
79,0,0,0,1,56,58,4,1,0
79,1,0,1,1,44,58,4,1,0
79,0,0,0,0,65,64,4,1,0
79,0,0,1,1,51,57,4,1,0
79,1,0,1,0,69,83,4,1,0
79,1,0,1,1,46,53,4,1,0
79,1,0,0,0,58,75,4,1,0
79,0,0,0,1,57,65,4,1,0
79,0,0,0,0,66,63,4,1,0
79,0,0,0,1,60,60,4,1,0
79,0,0,0,0,54,63,4,1,0
79,1,0,0,1,50,70,4,1,0
80,0,1,0,1,60,67,4,1,0
80,1,1,0,0,62,73,4,1,0
80,0,1,0,1,65,69,4,1,0
80,0,1,0,0,60,70,4,1,0
80,1,1,0,0,65,84,4,1,0
80,0,1,0,1,61,59,4,1,0
80,0,1,1,0,59,69,4,1,0
80,0,1,1,0,55,60,4,1,0
80,0,1,1,0,64,72,4,1,0
80,0,1,1,0,58,66,4,1,0
80,1,1,1,0,49,52,4,1,0
80,0,1,0,0,60,65,4,1,0
80,0,1,1,0,54,55,4,1,0
80,0,1,1,0,55,56,4,1,0
80,1,1,1,0,65,76,4,1,0
80,1,1,0,0,60,68,4,1,0
80,0,1,0,1,61,62,4,1,0
80,0,1,1,0,63,71,4,1,0
80,0,1,1,1,62,67,4,1,0
80,0,1,1,0,65,70,4,1,0
80,1,1,1,0,67,79,4,1,0
80,0,1,1,0,48,51,4,1,0
80,0,1,1,0,56,59,4,1,0
80,0,1,0,0,58,62,4,1,0
80,1,1,0,0,59,73,4,1,0
80,0,1,1,0,70,71,4,1,0
80,1,1,1,1,55,68,4,1,0
80,1,1,0,0,65,85,4,1,0
80,1,1,1,1,67,81,4,1,0
80,1,1,1,0,58,67,4,1,0
80,1,1,1,1,65,71,4,1,0
80,0,1,1,0,68,77,4,1,0
80,1,1,0,0,57,62,4,1,0
80,1,1,0,1,66,71,4,1,0
80,0,1,0,0,57,61,4,1,0
80,0,1,0,0,62,77,4,1,0
80,1,1,1,0,66,78,4,1,0
80,0,1,0,1,60,66,4,1,0
80,0,1,1,0,60,65,4,1,0
80,0,1,1,1,68,73,4,1,0
81,1,0,1,0,61,68,4,1,0
81,0,0,0,1,45,51,4,1,0
81,0,0,1,1,46,48,4,1,0
81,0,0,1,0,57,67,4,1,0
81,1,0,1,0,66,79,4,1,0
81,1,0,0,0,53,63,4,1,0
81,1,0,1,0,46,56,4,1,0
81,0,0,1,0,58,64,4,1,0
81,1,0,1,1,52,55,4,1,0
81,1,0,0,0,44,52,4,1,0
81,1,0,1,0,53,73,4,1,0
81,0,0,1,0,54,64,4,1,0
81,0,0,1,1,56,67,4,1,0
81,0,0,1,1,50,58,4,1,0
81,0,0,1,1,61,67,4,1,0
81,1,0,1,1,45,50,4,1,0
81,1,0,1,1,61,74,4,1,0
81,0,0,1,0,73,81,4,1,0
81,1,0,1,0,56,65,4,1,0
81,0,0,1,0,51,52,4,1,0
81,1,0,1,0,47,59,4,1,0
81,0,0,1,1,54,61,4,1,0
81,0,0,1,0,40,49,4,1,0
81,1,0,1,1,59,68,4,1,0
81,1,0,0,1,58,72,4,1,0
81,0,0,1,0,52,57,4,1,0
81,1,0,1,0,66,86,4,1,0
81,1,0,1,0,53,66,4,1,0
81,0,0,1,1,48,52,4,1,0
81,0,0,1,1,59,73,4,1,0
81,0,0,0,0,62,73,4,1,0
81,1,0,1,1,52,59,4,1,0
81,0,0,0,1,60,66,4,1,0
81,0,0,1,1,53,55,4,1,0
81,0,0,1,0,46,46,4,1,0
81,0,0,1,0,54,61,4,1,0
81,0,0,1,0,48,54,4,1,0
81,1,0,0,1,47,58,4,1,0
81,0,0,1,0,67,75,4,1,0
81,1,0,0,1,41,49,4,1,0
81,0,0,1,1,57,55,4,1,0
81,0,0,1,1,64,68,4,1,0
82,0,0,1,1,51,57,4,1,0
82,0,0,0,0,60,66,4,1,0
82,0,0,0,0,54,62,4,1,0
82,0,0,0,1,47,51,4,1,0
82,0,0,0,0,66,72,4,1,0
82,1,0,0,1,67,68,4,1,0
82,1,0,1,1,55,67,4,1,0
82,1,0,1,1,59,60,4,1,0
82,1,0,0,0,65,82,4,1,0
82,1,0,0,0,57,63,4,1,0
82,1,0,0,1,61,70,4,1,0
82,0,0,1,1,63,67,4,1,0
82,0,0,1,0,56,65,4,1,0
82,1,0,0,0,49,65,4,1,0
82,0,0,0,1,47,59,4,1,0
82,1,0,1,0,56,71,4,1,0
82,0,0,0,0,67,71,4,1,0
82,1,0,1,0,68,75,4,1,0
82,1,0,0,0,69,78,4,1,0
82,1,0,1,0,54,71,4,1,0
82,1,0,0,1,56,65,4,1,0
82,1,0,1,1,47,59,4,1,0
82,1,0,0,0,57,69,4,1,0
82,1,0,1,1,48,54,4,1,0
82,0,0,0,1,48,58,4,1,0
82,1,0,1,0,63,71,4,1,0
82,0,0,0,0,68,71,4,1,0
82,1,0,0,0,54,62,4,1,0
82,1,0,0,0,42,63,4,1,0
82,1,0,0,0,62,63,4,1,0
82,1,0,0,1,62,75,4,1,0
82,1,0,1,0,55,65,4,1,0
82,0,0,1,1,54,58,4,1,0
82,0,0,1,1,50,56,4,1,0
82,1,0,1,0,57,76,4,1,0
82,1,0,0,0,62,71,4,1,0
82,1,0,0,1,49,62,4,1,0
82,1,0,0,0,57,64,4,1,0
82,1,0,0,1,55,68,4,1,0
82,0,0,1,0,62,65,4,1,0
82,1,0,0,0,58,71,4,1,0
82,0,0,1,0,66,64,4,1,0
82,1,0,0,0,60,76,4,1,0
82,0,0,0,1,46,52,4,1,0
82,1,0,0,1,69,80,4,1,0
82,0,0,0,0,48,63,4,1,0
82,0,0,0,1,58,58,4,1,0
82,1,0,0,0,46,60,4,1,0
82,0,0,1,1,71,78,4,1,0
82,1,0,1,1,63,71,4,1,0
82,0,0,0,0,74,83,4,1,0
82,0,0,1,1,49,60,4,1,0
82,1,0,1,1,52,64,4,1,0
82,0,0,1,0,68,72,4,1,0
82,1,0,0,0,62,79,4,1,0
82,1,0,1,0,55,66,4,1,0
82,0,0,0,0,66,74,4,1,0
82,1,0,1,0,69,78,4,1,0
82,1,0,1,0,55,59,4,1,0
82,0,0,0,1,55,65,4,1,0
83,1,1,1,0,72,81,3,1,0
83,0,1,0,0,61,68,3,1,0
83,0,1,0,0,70,81,3,1,0
83,1,1,0,1,62,70,3,1,0
83,1,1,0,0,49,57,3,1,0
83,1,1,0,1,70,82,3,1,0
83,0,1,0,1,49,53,3,1,0
83,0,1,0,0,61,59,3,1,0
83,0,1,0,1,44,46,3,1,0
83,0,1,0,0,51,58,3,1,0
83,0,1,0,1,46,54,3,1,0
83,1,1,1,1,59,69,3,1,0
83,1,0,0,0,71,76,3,1,0
83,1,0,0,0,68,75,3,1,0
83,1,1,0,0,46,62,3,1,0
83,1,1,1,1,53,66,3,1,0
83,0,0,0,0,50,58,3,1,0
83,1,0,0,0,54,61,3,1,0
83,1,1,0,1,54,62,3,1,0
83,1,1,0,1,74,81,3,1,0
83,0,0,0,0,77,76,3,1,0
83,0,1,0,1,54,55,3,1,0
83,1,1,0,0,49,68,3,1,0
83,1,1,0,1,51,71,3,1,0
83,0,1,0,0,52,55,3,1,0
83,1,1,0,0,55,64,3,1,0
84,1,1,1,1,55,59,3,1,0
84,1,1,1,1,46,64,3,1,0
84,0,0,0,0,61,69,3,1,0
84,0,1,1,1,75,79,3,1,0
84,0,0,1,1,69,80,3,1,0
84,0,0,1,0,66,84,3,1,0
84,0,0,0,0,54,67,3,1,0
84,1,0,1,0,67,72,3,1,0
84,1,0,1,1,58,74,3,1,0
84,1,0,1,1,53,63,3,1,0
84,0,0,0,0,52,57,3,1,0
84,1,0,1,1,72,81,3,1,0
84,0,1,1,0,51,55,3,1,0
84,1,1,0,0,65,82,3,1,0
84,1,0,1,0,65,78,3,1,0
84,0,1,1,1,48,55,3,1,0
84,1,0,0,0,69,72,3,1,0
84,0,1,0,1,53,65,3,1,0
84,1,1,0,0,50,68,3,1,0
84,0,1,1,1,49,61,3,1,0
84,1,1,1,0,59,71,3,1,0
84,1,0,0,0,50,70,3,1,0
84,0,0,0,0,63,72,3,1,0
84,1,0,1,0,77,86,3,1,0
84,1,0,1,0,48,62,3,1,0
84,1,0,0,1,60,61,3,1,0
84,1,1,1,1,42,65,3,1,0
84,0,1,1,0,62,70,3,1,0
85,1,0,1,1,51,51,2,1,0
85,0,0,0,1,53,57,2,1,0
85,1,0,1,1,44,48,2,1,0
85,1,0,1,1,42,44,2,1,0
85,0,0,1,1,53,50,2,1,0
85,1,0,0,0,57,68,2,1,0
85,1,0,1,0,52,60,2,1,0
85,0,0,1,1,56,57,2,1,0
85,0,0,1,1,55,57,2,1,0
85,0,0,1,1,52,56,2,1,0
85,0,0,1,1,51,59,2,1,0
85,0,0,0,1,73,73,2,1,0
85,0,0,1,0,48,56,2,1,0
85,1,0,0,0,68,86,2,1,0
85,1,1,0,0,61,70,2,1,0
85,0,0,1,0,65,64,2,1,0
85,1,0,0,0,56,55,2,1,0
85,0,0,0,0,56,57,2,1,0
85,0,0,0,0,52,59,2,1,0
85,0,0,1,0,50,54,2,1,0
85,1,0,0,1,57,61,2,1,0
85,1,0,1,1,54,73,2,1,0
85,0,0,0,0,61,65,2,1,0
85,0,0,0,1,52,49,2,1,0
85,1,0,0,1,54,67,2,1,0
85,1,0,0,1,48,62,2,1,0
85,1,0,0,1,47,49,2,1,0
86,0,0,1,1,59,64,2,1,0
86,1,0,0,0,60,60,2,1,0
86,0,0,0,0,60,70,2,1,0
86,0,0,1,0,54,61,2,1,0
86,0,0,0,1,47,42,2,1,0
86,0,0,0,1,59,64,2,1,0
86,0,0,0,1,61,67,2,1,0
86,1,0,1,1,42,49,2,1,0
86,0,0,0,1,62,69,2,1,0
86,1,0,0,1,55,60,2,1,0
86,1,0,0,0,47,54,2,1,0
86,0,0,1,0,56,52,2,1,0
86,0,0,0,0,53,50,2,1,0
86,0,0,1,1,57,64,2,1,0
86,1,0,0,1,51,64,2,1,0
86,1,0,0,1,53,59,2,1,0
86,1,0,1,0,57,68,2,1,0
86,0,0,1,0,44,32,2,1,0
86,1,0,0,0,60,74,2,1,0
86,0,0,1,1,59,60,2,1,0
86,1,0,0,1,55,67,2,1,0
86,1,0,0,0,79,97,2,1,0
86,0,0,1,0,62,63,2,1,0
86,0,0,0,1,57,60,2,1,0
86,1,0,0,1,55,68,2,1,0
86,1,0,0,1,59,68,2,1,0
86,0,0,0,0,51,52,2,1,0
86,0,0,1,1,41,44,2,1,0
86,0,0,1,1,65,72,2,1,0
86,0,0,0,1,52,54,2,1,0
86,1,0,0,0,73,78,2,1,0
86,0,0,1,0,45,41,2,1,0
86,0,0,1,1,54,55,2,1,0
86,1,0,0,0,61,76,2,1,0
86,1,0,0,1,44,47,2,1,0
86,1,0,1,1,61,61,2,1,0
86,1,0,0,0,52,61,2,1,0
86,0,0,0,1,45,56,2,1,0
86,0,0,0,0,62,65,2,1,0
86,1,0,1,0,56,67,2,1,0
86,1,0,1,0,66,73,2,1,0
86,1,0,0,1,43,51,2,1,0
86,1,0,0,1,42,41,2,1,0
86,1,0,0,1,61,72,2,1,0
86,0,0,1,1,67,67,2,1,0
86,0,0,0,0,62,67,2,1,0
86,1,0,0,1,45,57,2,1,0
86,1,0,1,1,53,59,2,1,0
86,0,0,0,1,46,52,2,1,0
86,0,0,1,1,67,70,2,1,0
86,0,0,1,1,52,59,2,1,0
86,1,0,0,1,58,72,2,1,0
86,1,0,0,0,70,74,2,1,0
86,1,0,1,0,53,59,2,1,0
86,0,0,1,0,67,71,2,1,0
86,1,0,1,0,61,73,2,1,0
86,1,0,0,1,63,69,2,1,0
86,0,0,0,0,57,57,2,1,0
86,0,0,1,1,45,43,2,1,0
86,1,0,0,0,53,63,2,1,0
86,1,0,0,0,53,55,2,1,0
86,0,0,1,1,65,71,2,1,0
86,1,0,1,1,50,59,2,1,0
86,1,0,1,1,41,49,2,1,0
86,1,0,1,1,44,48,2,1,0
86,1,0,1,0,53,55,2,1,0
86,0,0,0,1,52,59,2,1,0
86,1,0,0,0,56,71,2,1,0
86,1,0,1,1,52,60,2,1,0
86,0,0,0,0,51,57,2,1,0
86,0,0,0,0,68,75,2,1,0
86,1,0,1,1,49,55,2,1,0
87,0,1,0,1,47,50,2,1,0
87,1,1,0,0,63,71,2,1,0
87,1,1,1,1,60,65,2,1,0
87,1,1,1,1,53,63,2,1,0
87,0,1,0,0,56,59,2,1,0
87,1,1,1,1,57,64,2,1,0
87,0,1,1,1,54,65,2,1,0
87,1,1,0,0,52,63,2,1,0
87,1,1,0,1,60,69,2,1,0
87,1,1,1,1,41,53,2,1,0
87,0,1,0,1,52,56,2,1,0
87,1,1,0,1,57,64,2,1,0
87,0,1,0,0,63,65,2,1,0
87,0,1,0,0,63,69,2,1,0
87,0,1,0,1,49,50,2,1,0
87,1,1,1,0,80,92,2,1,0
87,1,1,0,0,60,70,2,1,0
87,0,1,0,1,60,63,2,1,0
87,1,1,1,1,52,63,2,1,0
87,1,1,1,0,54,69,2,1,0
87,1,1,0,0,61,67,2,1,0
87,1,1,0,0,59,65,2,1,0
87,0,1,0,0,54,60,2,1,0
87,0,1,0,0,52,57,2,1,0
87,0,1,0,1,61,67,2,1,0
87,1,1,0,0,59,64,2,1,0
87,0,1,0,0,42,47,2,1,0
87,0,1,1,1,77,86,2,1,0
87,1,1,1,0,53,71,2,1,0
87,0,1,0,1,47,51,2,1,0
87,0,1,0,0,63,73,2,1,0
87,1,1,0,1,38,52,2,1,0
87,1,1,1,0,59,65,2,1,0
87,1,1,0,1,58,64,2,1,0
87,0,1,0,0,63,66,2,1,0
87,0,1,0,0,73,79,2,1,0
87,0,1,0,0,75,77,2,1,0
87,0,1,1,1,50,59,2,1,0
87,1,1,0,0,57,67,2,1,0
87,0,1,1,0,47,48,2,1,0
87,1,1,0,1,52,63,2,1,0
87,1,1,0,1,64,77,2,1,0
87,1,1,1,1,53,66,2,1,0
87,1,1,0,0,53,59,2,1,0
87,1,1,1,1,49,56,2,1,0
87,1,1,0,1,66,77,2,1,0
87,0,1,1,1,61,62,2,1,0
87,0,1,1,1,52,55,2,1,0
88,1,0,0,0,58,78,1,1,0
88,0,0,0,0,67,71,1,1,0
88,1,1,0,0,38,55,1,1,0
88,1,0,0,1,70,66,1,1,0
88,1,1,0,0,31,50,1,1,0
88,1,0,1,1,54,52,1,1,0
88,0,1,0,0,58,50,1,1,0
88,1,1,1,0,49,68,1,1,0
88,1,1,1,1,55,63,1,1,0
88,1,0,0,0,59,63,1,1,0
88,0,0,0,1,57,70,1,1,0
88,0,1,1,0,64,79,1,1,0
88,0,0,0,0,40,44,1,1,0
88,1,1,1,0,33,40,1,1,0
88,1,1,1,0,48,53,1,1,0
88,0,0,0,0,64,79,1,1,0
88,0,0,0,1,58,62,1,1,0
88,0,0,1,1,46,48,1,1,0
88,1,1,0,0,68,73,1,1,0
88,1,0,0,1,60,65,1,1,0
88,1,0,0,0,60,69,1,1,0
88,0,0,1,0,74,83,1,1,0
88,0,0,1,0,46,60,1,1,0
88,1,0,0,1,50,46,1,1,0
88,1,1,1,1,66,69,1,1,0
88,0,0,0,0,63,60,1,1,0
88,0,0,0,0,72,73,1,1,0
88,0,0,1,0,64,67,1,1,0
88,1,0,1,0,68,83,1,1,0
88,0,0,0,1,65,73,1,1,0
88,1,0,0,1,55,59,1,1,0
88,0,0,0,1,66,72,1,1,0
88,1,0,1,1,63,78,1,1,0
88,0,0,0,0,57,69,1,1,0
88,1,0,0,0,55,64,1,1,0
88,1,0,0,0,69,81,1,1,0
88,0,0,0,0,64,79,1,1,0
88,1,0,1,1,61,69,1,1,0
88,1,0,0,0,35,46,1,1,0
88,0,0,1,1,40,36,1,1,0
88,0,0,0,0,60,72,1,1,0
88,0,1,0,0,49,60,1,1,0
88,0,0,0,1,52,56,1,1,0
88,0,1,0,1,47,47,1,1,0
88,1,0,1,0,52,58,1,1,0
88,0,0,1,1,61,70,1,1,0
88,0,0,0,1,79,79,1,1,0
88,1,0,0,0,65,78,1,1,0
88,1,1,0,0,66,81,1,1,0
88,0,0,1,1,50,55,1,1,0
88,0,0,0,1,49,46,1,1,0
88,1,0,0,0,65,73,1,1,0
88,0,0,1,1,42,44,1,1,0
88,1,0,1,0,58,73,1,1,0
88,1,0,0,0,47,51,1,1,0
88,0,0,0,1,59,62,1,1,0
88,0,1,1,0,36,48,1,1,0
88,0,0,1,0,67,73,1,1,0
88,0,0,0,1,34,43,1,1,0
88,1,1,1,0,54,63,1,1,0
88,1,0,1,0,64,65,1,1,0
88,0,0,0,1,50,54,1,1,0
88,0,1,0,1,42,33,1,1,0
89,1,1,1,0,62,73,1,1,0
89,0,0,0,1,56,54,1,1,0
89,1,0,0,1,58,60,1,1,0
89,0,0,1,0,56,66,1,1,0
89,1,1,1,1,62,72,1,1,0
89,0,0,1,0,48,50,1,1,0
89,1,1,1,0,54,56,1,1,0
89,0,1,1,0,59,63,1,1,0
89,1,0,0,1,54,65,1,1,0
89,0,0,0,1,58,63,1,1,0
89,1,0,1,0,51,60,1,1,0
89,0,0,0,0,45,54,1,1,0
89,0,1,1,1,52,48,1,1,0
89,0,0,0,0,66,70,1,1,0
89,1,0,0,0,45,56,1,1,0
89,1,1,1,0,47,59,1,1,0
89,1,0,1,0,40,48,1,1,0
89,0,0,1,1,57,62,1,1,0
89,0,0,0,1,62,61,1,1,0
89,0,1,1,1,64,76,1,1,0
89,1,0,0,1,53,63,1,1,0
89,1,1,0,1,57,72,1,1,0
89,0,0,0,0,48,59,1,1,0
89,0,0,0,0,57,56,1,1,0
89,0,0,1,1,61,72,1,1,0
89,1,0,0,1,58,70,1,1,0
89,0,1,0,0,59,58,1,1,0
89,0,1,1,1,53,58,1,1,0
89,1,1,1,0,42,51,1,1,0
89,1,1,0,1,53,65,1,1,0
89,0,0,0,0,57,68,1,1,0
89,0,0,0,1,60,62,1,1,0
89,1,1,1,1,51,51,1,1,0
89,1,0,0,0,54,66,1,1,0
89,0,0,0,1,55,57,1,1,0
89,1,0,0,0,58,76,1,1,0
89,0,1,1,0,46,47,1,1,0
89,0,1,1,1,61,65,1,1,0
89,0,0,0,1,60,71,1,1,0
89,0,1,0,0,61,68,1,1,0
89,1,0,1,0,56,70,1,1,0
89,1,0,1,1,54,56,1,1,0
89,0,0,0,1,51,56,1,1,0
89,0,0,1,1,61,69,1,1,0
89,0,0,1,0,68,76,1,1,0
89,1,1,1,0,62,75,1,1,0
89,0,1,1,0,59,65,1,1,0
89,0,1,0,0,63,73,1,1,0
89,1,0,0,0,58,69,1,1,0
89,1,0,0,0,56,66,1,1,0
89,1,0,0,0,54,73,1,1,0
89,0,0,0,1,63,80,1,1,0
89,1,0,0,1,65,73,1,1,0
89,1,0,1,0,55,67,1,1,0
89,1,0,1,0,48,55,1,1,0
89,0,0,1,0,59,74,1,1,0
89,1,0,1,0,61,75,1,1,0
89,1,0,1,0,56,70,1,1,0
89,0,1,1,0,60,71,1,1,0
89,0,1,1,1,60,66,1,1,0
89,1,0,0,0,50,56,1,1,0
89,1,0,1,0,59,74,1,1,0
89,1,1,1,1,55,56,1,1,0
89,1,0,0,1,71,80,1,1,0
89,1,1,1,1,54,62,1,1,0
89,0,0,0,0,64,71,1,1,0
89,1,0,1,0,54,65,1,1,0
89,0,1,1,1,42,44,1,1,0
89,1,0,1,1,56,71,1,1,0
89,0,1,1,1,58,58,1,1,0
89,0,1,1,0,56,61,1,1,0
89,0,1,0,1,58,57,1,1,0
89,1,0,0,1,59,70,1,1,0
89,0,0,0,1,56,61,1,1,0
89,1,0,1,0,56,63,1,1,0
89,0,1,0,1,63,70,1,1,0
89,1,0,0,1,52,60,1,1,0
89,1,0,1,0,59,70,1,1,0
89,1,0,1,1,48,55,1,1,0
89,0,0,0,1,53,49,1,1,0
89,0,0,1,1,57,59,1,1,0
90,0,1,0,0,56,64,3,1,0
90,0,1,0,0,56,62,3,1,0
90,0,1,1,1,76,90,3,1,0
90,1,1,0,0,56,62,3,1,0
90,0,1,0,0,71,80,3,1,0
90,1,1,0,0,65,82,3,1,0
90,1,1,0,0,65,73,3,1,0
90,1,1,0,0,64,75,3,1,0
90,1,1,0,0,56,73,3,1,0
90,0,1,0,0,67,71,3,1,0
90,1,1,0,0,58,73,3,1,0
90,1,1,0,1,64,74,3,1,0
90,0,1,0,0,63,69,3,1,0
90,0,1,1,1,64,71,3,1,0
90,1,1,1,0,70,78,3,1,0
90,0,1,1,0,67,73,3,1,0
90,1,1,0,0,56,68,3,1,0
90,1,1,1,0,53,55,3,1,0
90,0,1,1,1,68,67,3,1,0
90,1,1,1,0,66,83,3,1,0
90,0,1,0,1,57,60,3,1,0
90,1,1,1,1,60,72,3,1,0
90,0,1,0,0,54,52,3,1,0
90,1,1,0,0,64,79,3,1,0
90,1,1,0,1,69,77,3,1,0
90,0,1,0,0,71,78,3,1,0
90,0,1,0,0,66,79,3,1,0
90,1,1,0,1,60,70,3,1,0
90,1,1,0,0,70,78,3,1,0
90,1,1,0,0,63,63,3,1,0
90,1,1,1,0,64,75,3,1,0
90,0,1,1,0,58,59,3,1,0
90,0,1,1,1,62,60,3,1,0
90,0,1,0,0,62,68,3,1,0
90,0,1,0,0,73,80,3,1,0
90,1,1,0,0,63,65,3,1,0
90,0,1,0,0,58,62,3,1,0
90,0,1,0,0,57,61,3,1,0
90,1,1,1,0,60,82,3,1,0
90,1,1,0,0,54,63,3,1,0
90,1,1,0,0,54,59,3,1,0
90,1,1,0,1,70,80,3,1,0
90,1,1,0,0,63,78,3,1,0
90,1,1,0,1,56,63,3,1,0
90,0,1,1,0,63,68,3,1,0
90,1,1,0,0,57,62,3,1,0
90,0,1,1,0,68,81,3,1,0
90,0,1,1,0,67,77,3,1,0
90,1,1,0,0,61,70,3,1,0
90,1,1,1,1,63,72,3,1,0
90,0,1,1,1,65,69,3,1,0
90,1,1,0,0,65,63,3,1,0
91,0,1,1,0,61,69,3,1,0
91,0,0,1,1,47,52,3,1,0
91,1,1,1,0,58,74,3,1,0
91,0,0,1,0,56,56,3,1,0
91,0,1,1,0,49,50,3,1,0
91,1,0,1,0,50,73,3,1,0
91,1,1,1,1,57,76,3,1,0
91,0,0,1,1,45,51,3,1,0
91,1,0,1,0,48,61,3,1,0
91,1,1,1,0,49,55,3,1,0
91,1,0,1,0,48,58,3,1,0
91,0,0,1,1,52,63,3,1,0
91,0,0,1,0,53,62,3,1,0
91,1,0,1,0,55,69,3,1,0
91,0,1,1,0,47,53,3,1,0
91,0,0,1,0,45,53,3,1,0
91,0,0,1,0,46,39,3,1,0
91,1,1,1,0,51,64,3,1,0
91,0,1,1,1,49,44,3,1,0
91,1,1,1,0,64,79,3,1,0
91,1,0,1,0,54,59,3,1,0
91,1,1,1,0,53,56,3,1,0
91,0,0,1,0,52,46,3,1,0
91,1,0,1,0,52,62,3,1,0
91,1,0,1,1,56,70,3,1,0
91,1,0,1,0,55,60,3,1,0
91,0,0,1,1,45,50,3,1,0
91,0,1,1,0,48,53,3,1,0
91,0,1,1,1,57,54,3,1,0
91,1,1,1,1,46,56,3,1,0
91,0,1,1,0,49,55,3,1,0
91,0,1,1,0,40,45,3,1,0
91,1,0,1,0,39,47,3,1,0
91,1,0,1,0,53,72,3,1,0
91,0,1,1,0,53,66,3,1,0
91,0,1,1,0,54,66,3,1,0
91,0,1,1,0,46,47,3,1,0
91,0,1,1,1,54,55,3,1,0
91,1,1,1,1,46,58,3,1,0
91,1,1,1,0,52,55,3,1,0
91,0,1,1,0,56,57,3,1,0
91,0,1,1,0,49,62,3,1,0
91,0,1,1,0,41,49,3,1,0
91,1,1,1,1,51,48,3,1,0
91,0,1,1,1,50,63,3,1,0
91,1,1,1,0,42,55,3,1,0
91,1,0,1,0,50,55,3,1,0
91,1,0,1,1,46,64,3,1,0
91,0,0,1,1,52,52,3,1,0
91,1,1,1,0,48,54,3,1,0
91,1,0,1,0,53,59,3,1,0
91,0,0,1,0,46,52,3,1,0
91,1,1,1,0,49,53,3,1,0
91,1,0,1,0,46,65,3,1,0
91,0,1,1,0,57,71,3,1,0
91,0,0,1,0,38,45,3,1,0
91,0,1,1,1,51,53,3,1,0
91,0,0,1,1,57,67,3,1,0
91,0,1,1,0,50,60,3,1,0
91,1,1,1,0,54,65,3,1,0
91,0,1,1,1,48,49,3,1,0
91,0,1,1,0,54,52,3,1,0
91,1,1,1,0,45,52,3,1,0
91,0,0,1,0,49,44,3,1,0
91,1,1,1,0,51,57,3,1,0
91,1,1,1,1,57,72,3,1,0
91,0,1,1,1,38,47,3,1,0
91,0,1,1,0,56,68,3,1,0
91,1,0,1,0,58,61,3,1,0
91,0,1,1,0,56,59,3,1,0
91,0,1,1,0,54,57,3,1,0
91,1,1,1,0,46,48,3,1,0
91,1,0,1,0,53,66,3,1,0
91,0,0,1,0,58,66,3,1,0
91,0,0,1,0,55,62,3,1,0
91,1,1,1,0,55,67,3,1,0
91,1,1,1,1,47,62,3,1,0
91,1,1,1,0,61,71,3,1,0
91,1,1,1,0,53,63,3,1,0
91,1,1,1,0,57,72,3,1,0
91,1,1,1,0,39,66,3,1,0
91,1,0,1,0,58,70,3,1,0
91,0,0,1,0,46,50,3,1,0
91,0,0,1,1,61,71,3,1,0
92,1,1,0,1,63,64,1,1,0
92,1,0,0,1,47,50,1,1,0
92,1,0,0,1,43,44,1,1,0
92,0,1,0,1,49,38,1,1,0
92,0,1,0,0,41,50,1,1,0
92,1,0,0,0,64,58,1,1,0
92,0,0,0,0,57,65,1,1,0
92,0,1,0,1,57,56,1,1,0
92,0,0,0,1,52,58,1,1,0
92,0,1,0,1,52,62,1,1,0
92,0,1,0,0,59,50,1,1,0
92,1,1,0,1,52,58,1,1,0
92,0,1,0,1,51,40,1,1,0
92,0,1,0,1,47,38,1,1,0
92,1,0,0,0,61,81,1,1,0
92,1,1,0,1,51,57,1,1,0
92,1,1,0,1,67,74,1,1,0
92,1,1,0,0,52,55,1,1,0
92,1,0,0,0,64,65,1,1,0
92,1,1,0,1,52,55,1,1,0
92,1,0,0,1,58,57,1,1,0
92,0,1,0,1,56,63,1,1,0
92,0,1,0,1,60,55,1,1,0
92,0,1,0,1,54,55,1,1,0
92,0,0,0,1,51,61,1,1,0
92,0,1,0,1,55,50,1,1,0
92,0,1,0,1,45,31,1,1,0
92,1,1,0,1,58,62,1,1,0
92,1,0,0,1,63,76,1,1,0
92,0,1,0,1,46,52,1,1,0
92,0,0,0,0,54,61,1,1,0
92,0,0,0,0,63,63,1,1,0
92,1,1,0,1,66,59,1,1,0
92,1,0,0,1,50,61,1,1,0
92,1,0,0,1,42,56,1,1,0
92,1,0,0,1,45,59,1,1,0
92,1,1,0,1,53,42,1,1,0
92,1,0,0,1,49,64,1,1,0
92,1,1,0,1,46,59,1,1,0
92,0,0,0,1,53,52,1,1,0
92,0,1,0,0,54,68,1,1,0
92,1,0,0,0,68,84,1,1,0
92,1,1,0,0,61,65,1,1,0
92,1,1,0,0,54,58,1,1,0
92,0,0,0,0,62,63,1,1,0
92,0,0,0,0,64,54,1,1,0
92,0,1,0,1,56,51,1,1,0
92,0,1,0,1,50,54,1,1,0
92,1,0,0,0,66,75,1,1,0
92,1,0,0,1,55,54,1,1,0
92,0,0,0,1,61,55,1,1,0
92,1,0,0,1,54,57,1,1,0
92,1,0,0,0,61,71,1,1,0
92,1,1,0,1,48,57,1,1,0
92,0,0,0,1,61,65,1,1,0
92,1,1,0,0,54,61,1,1,0
92,1,1,0,1,64,62,1,1,0
92,0,1,0,1,62,62,1,1,0
92,1,1,0,0,56,65,1,1,0
92,0,1,0,0,50,55,1,1,0
92,1,0,0,1,60,63,1,1,0
92,1,0,0,1,50,57,1,1,0
92,1,0,0,1,53,56,1,1,0
92,0,0,0,1,43,43,1,1,0
92,0,0,0,0,41,40,1,1,0
92,1,0,0,1,57,58,1,1,0
92,1,0,0,1,62,58,1,1,0
92,1,0,0,1,54,54,1,1,0
92,0,1,0,0,64,53,1,1,0
92,0,1,0,1,56,60,1,1,0
92,1,1,0,1,52,52,1,1,0
92,1,1,0,0,60,65,1,1,0
92,0,0,0,0,55,62,1,1,0
92,1,1,0,0,50,54,1,1,0
92,1,1,0,0,57,53,1,1,0
92,0,0,0,1,47,46,1,1,0
92,1,0,0,1,48,52,1,1,0
92,0,0,0,1,61,65,1,1,0
92,1,1,0,1,59,67,1,1,0
92,1,1,0,0,47,48,1,1,0
92,0,0,0,0,56,73,1,1,0
92,1,1,0,0,54,49,1,1,0
92,0,0,0,0,54,49,1,1,0
92,1,1,0,0,63,69,1,1,0
92,0,1,0,1,53,63,1,1,0
92,0,0,0,1,62,58,1,1,0
92,0,1,0,1,63,64,1,1,0
92,0,0,0,0,55,63,1,1,0
92,0,1,0,1,52,53,1,1,0
92,0,0,0,1,36,56,1,1,0
92,1,1,0,1,62,71,1,1,0
92,1,0,0,1,49,55,1,1,0
92,0,1,0,1,52,53,1,1,0
92,1,0,0,1,45,44,1,1,0
92,0,0,0,1,42,38,1,1,0
92,0,1,0,0,52,46,1,1,0
92,0,1,0,1,42,54,1,1,0
92,0,1,0,0,50,50,1,1,0
92,1,0,0,0,76,91,1,1,0
92,1,1,0,0,59,68,1,1,0
92,0,0,0,1,54,63,1,1,0
92,1,0,0,1,49,44,1,1,0
92,0,1,0,0,53,55,1,1,0
92,1,1,0,1,54,64,1,1,0
92,1,1,0,1,61,73,1,1,0
92,0,0,0,1,46,51,1,1,0
92,1,1,0,1,55,49,1,1,0
92,1,1,0,1,69,79,1,1,0
92,1,0,0,1,53,56,1,1,0
92,0,1,0,0,52,52,1,1,0
92,0,1,0,1,54,57,1,1,0
92,0,1,0,1,50,48,1,1,0
92,1,1,0,1,51,55,1,1,0
92,1,0,0,1,51,53,1,1,0
92,0,1,0,0,52,45,1,1,0
92,0,0,0,1,49,54,1,1,0
92,0,0,0,1,47,33,1,1,0
92,0,1,0,1,44,32,1,1,0
92,1,0,0,1,54,73,1,1,0
92,1,1,0,0,65,76,1,1,0
92,0,1,0,1,62,51,1,1,0
92,0,1,0,0,59,59,1,1,0
92,0,0,0,1,42,45,1,1,0
92,1,1,0,0,43,53,1,1,0
92,0,0,0,0,55,51,1,1,0
92,0,0,0,0,56,49,1,1,0
92,0,0,0,1,40,40,1,1,0
92,1,1,0,1,54,68,1,1,0
92,0,0,0,0,68,68,1,1,0
92,1,0,0,0,49,54,1,1,0
92,0,0,0,1,50,40,1,1,0
92,0,1,0,1,51,49,1,1,0
92,1,1,0,1,60,60,1,1,0
92,1,1,0,1,51,46,1,1,0
92,0,1,0,0,49,48,1,1,0
92,1,0,0,1,63,69,1,1,0
92,1,0,0,0,51,60,1,1,0
92,1,1,0,1,47,42,1,1,0
92,1,1,0,1,53,62,1,1,0
92,0,1,0,0,53,52,1,1,0
92,1,1,0,1,48,57,1,1,0
93,1,0,1,0,40,72,1,1,0
93,1,0,1,1,44,67,1,1,0
93,1,1,1,1,60,55,1,1,0
93,1,1,0,1,55,81,1,1,0
93,1,1,1,0,76,89,1,1,0
93,1,0,0,1,66,58,1,1,0
93,0,1,0,1,65,71,1,1,0
93,1,1,1,1,56,49,1,1,0
93,1,0,0,0,54,64,1,1,0
93,1,1,1,1,59,63,1,1,0
93,0,0,1,0,61,56,1,1,0
93,1,0,0,1,60,63,1,1,0
93,1,0,0,0,52,66,1,1,0
93,0,1,0,0,63,55,1,1,0
93,0,1,1,1,52,42,1,1,0
93,0,0,1,0,49,61,1,1,0
93,0,1,1,1,57,61,1,1,0
93,1,0,1,1,58,75,1,1,0
93,1,0,1,1,58,68,1,1,0
93,1,1,0,1,60,74,1,1,0
93,0,0,0,1,57,55,1,1,0
93,1,1,1,0,58,66,1,1,0
93,1,0,0,1,49,71,1,1,0
93,1,0,1,0,39,56,1,1,0
93,1,1,1,1,56,64,1,1,0
93,0,1,0,1,58,67,1,1,0
93,0,0,1,0,84,76,1,1,0
93,1,0,1,1,71,69,1,1,0
93,1,1,1,0,55,76,1,1,0
93,1,0,0,0,67,78,1,1,0
93,1,0,0,0,55,61,1,1,0
93,1,0,0,1,45,50,1,1,0
93,1,1,1,1,61,81,1,1,0
93,1,1,0,1,57,68,1,1,0
93,1,0,0,0,42,50,1,1,0
93,0,1,1,1,65,64,1,1,0
93,1,0,0,1,68,61,1,1,0
93,0,0,1,1,60,63,1,1,0
93,1,0,1,0,65,72,1,1,0
93,1,0,1,0,50,72,1,1,0
93,1,1,1,1,69,70,1,1,0
93,1,0,0,0,60,70,1,1,0
93,1,0,0,0,48,56,1,1,0
93,1,0,0,0,41,40,1,1,0
93,0,1,0,0,59,81,1,1,0
93,0,0,1,1,58,45,1,1,0
94,1,1,0,0,60,75,2,1,0
94,0,1,0,0,61,79,2,1,0
94,1,1,0,1,55,87,2,1,0
94,0,1,0,1,61,80,2,1,0
94,1,1,0,1,61,70,2,1,0
94,0,1,0,0,59,70,2,1,0
94,1,1,0,1,68,74,2,1,0
94,1,1,0,1,62,72,2,1,0
94,1,1,1,0,63,80,2,1,0
94,0,1,1,0,57,71,2,1,0
94,0,1,0,0,55,68,2,1,0
94,1,1,0,0,57,83,2,1,0
94,1,1,0,1,73,78,2,1,0
94,1,1,1,1,63,81,2,1,0
94,0,1,1,0,62,81,2,1,0
94,1,1,0,0,60,73,2,1,0
94,1,1,0,1,64,88,2,1,0
94,0,1,0,0,52,70,2,1,0
94,1,1,0,0,71,84,2,1,0
94,0,1,1,0,61,65,2,1,0
94,0,1,0,0,58,70,2,1,0
94,1,1,0,0,59,73,2,1,0
94,1,1,0,0,63,80,2,1,0
94,1,1,1,0,61,81,2,1,0
94,0,1,0,0,62,74,2,1,0
94,0,1,1,0,58,74,2,1,0
94,1,1,0,0,65,79,2,1,0
94,0,1,1,0,61,70,2,1,0
94,1,1,0,1,58,72,2,1,0
94,1,1,0,1,60,68,2,1,0
94,0,1,0,1,56,69,2,1,0
94,1,1,1,0,56,74,2,1,0
94,0,1,0,0,64,73,2,1,0
94,1,1,1,0,58,77,2,1,0
94,0,1,1,0,58,67,2,1,0
94,1,1,0,0,68,83,2,1,0
94,1,1,0,0,58,82,2,1,0
94,1,1,0,0,59,73,2,1,0
94,0,1,0,0,61,77,2,1,0
94,0,1,0,0,67,67,2,1,0
94,1,1,0,0,65,76,2,1,0
94,1,1,0,0,60,73,2,1,0
95,1,0,1,1,62,79,2,1,0
95,0,1,0,0,56,65,2,1,0
95,0,1,1,0,56,71,2,1,0
95,1,0,0,0,47,48,2,1,0
95,0,1,0,1,63,68,2,1,0
95,0,0,1,0,61,59,2,1,0
95,0,0,1,1,48,48,2,1,0
95,1,1,1,1,32,39,2,1,0
95,1,1,0,0,52,61,2,1,0
95,0,1,1,1,55,62,2,1,0
95,0,1,1,1,40,35,2,1,0
95,1,0,1,1,66,79,2,1,0
95,0,1,1,1,55,54,2,1,0
95,0,1,0,0,55,59,2,1,0
95,0,0,0,1,39,38,2,1,0
95,1,0,1,1,44,48,2,1,0
95,0,0,1,1,70,70,2,1,0
95,1,1,1,1,31,43,2,1,0
95,1,1,1,1,66,78,2,1,0
95,0,1,0,1,57,62,2,1,0
95,0,0,0,1,55,65,2,1,0
95,0,1,0,1,51,61,2,1,0
95,0,0,1,0,53,49,2,1,0
95,1,0,0,0,44,43,2,1,0
95,0,1,0,1,32,31,2,1,0
95,0,0,0,0,48,52,2,1,0
95,0,0,0,1,49,52,2,1,0
95,0,1,0,1,54,56,2,1,0
95,1,0,1,1,52,47,2,1,0
95,1,1,0,1,60,72,2,1,0
95,1,1,1,0,39,46,2,1,0
95,1,1,1,0,53,57,2,1,0
95,0,1,1,1,55,54,2,1,0
95,0,1,0,0,39,41,2,1,0
95,0,0,1,0,60,70,2,1,0
95,1,0,1,1,50,57,2,1,0
95,0,1,0,0,55,59,2,1,0
95,0,1,0,1,63,72,2,1,0
95,1,0,0,1,47,47,2,1,0
95,1,0,0,1,59,66,2,1,0
95,0,1,0,0,64,73,2,1,0
95,0,0,0,1,62,57,2,1,0
95,1,1,0,1,41,49,2,1,0
95,1,1,1,1,40,45,2,1,0
95,0,1,1,1,45,53,2,1,0
95,1,1,1,1,45,52,2,1,0
95,0,0,1,0,48,54,2,1,0
95,1,1,0,1,52,62,2,1,0
96,0,1,0,0,55,63,2,1,0
96,0,0,0,0,75,75,2,1,0
96,1,1,0,1,48,66,2,1,0
96,0,1,0,0,73,83,2,1,0
96,0,0,0,1,62,69,2,1,0
96,1,0,0,1,58,72,2,1,0
96,1,1,0,0,54,63,2,1,0
96,0,1,1,1,39,46,2,1,0
96,0,1,0,0,54,54,2,1,0
96,0,1,0,0,50,54,2,1,0
96,0,1,1,1,57,63,2,1,0
96,0,1,0,1,50,53,2,1,0
96,0,1,0,0,44,47,2,1,0
96,0,1,1,0,53,58,2,1,0
96,1,1,0,0,46,56,2,1,0
96,0,1,1,0,56,55,2,1,0
96,1,0,0,1,53,64,2,1,0
96,1,1,0,0,41,46,2,1,0
96,0,0,0,0,56,52,2,1,0
96,0,1,1,1,48,53,2,1,0
96,1,1,1,1,49,56,2,1,0
96,1,1,0,0,58,65,2,1,0
96,0,1,0,0,49,58,2,1,0
96,1,1,1,0,61,73,2,1,0
96,1,0,0,1,56,68,2,1,0
96,0,1,1,1,55,55,2,1,0
96,1,0,0,0,53,60,2,1,0
96,1,1,0,0,53,69,2,1,0
96,0,0,0,0,59,63,2,1,0
96,1,0,0,1,46,56,2,1,0
96,0,0,0,0,57,55,2,1,0
96,0,1,0,0,51,49,2,1,0
96,1,1,0,1,56,73,2,1,0
96,0,0,0,1,56,60,2,1,0
96,0,1,1,1,51,57,2,1,0
96,0,1,0,0,58,69,2,1,0
96,0,1,0,0,46,45,2,1,0
96,0,1,1,0,62,63,2,1,0
96,1,0,1,0,57,65,2,1,0
96,0,0,0,0,57,63,2,1,0
96,1,0,0,0,45,60,2,1,0
96,1,1,1,0,61,74,2,1,0
96,0,1,0,0,60,62,2,1,0
96,1,1,0,0,57,66,2,1,0
97,1,0,0,1,76,81,2,1,0
97,1,0,0,1,73,77,2,1,0
97,1,1,0,0,70,81,2,1,0
97,0,0,1,0,28,35,2,1,0
97,0,1,0,1,67,67,2,1,0
97,1,1,1,1,54,64,2,1,0
97,0,0,0,1,63,67,2,1,0
97,1,1,0,1,62,70,2,1,0
97,1,0,0,1,63,68,2,1,0
97,1,0,0,1,77,82,2,1,0
97,0,1,1,0,52,59,2,1,0
97,1,0,0,1,58,70,2,1,0
97,0,0,0,1,68,72,2,1,0
97,0,0,1,0,71,77,2,1,0
97,1,1,1,1,57,67,2,1,0
97,0,1,1,1,54,59,2,1,0
97,0,0,1,0,66,73,2,1,0
97,0,0,0,0,38,41,2,1,0
97,0,1,1,0,63,66,2,1,0
97,1,0,0,1,44,54,2,1,0
97,0,1,0,1,64,70,2,1,0
97,0,0,1,1,60,62,2,1,0
97,0,0,1,0,51,50,2,1,0
97,0,1,1,0,50,59,2,1,0
97,0,1,0,0,57,60,2,1,0
97,0,0,0,1,67,75,2,1,0
98,0,1,0,0,52,59,2,1,0
98,1,1,0,1,56,64,2,1,0
98,1,1,0,1,51,64,2,1,0
98,0,1,0,1,51,53,2,1,0
98,1,1,0,1,62,67,2,1,0
98,1,0,0,1,66,73,2,1,0
98,0,0,0,0,69,67,2,1,0
98,0,0,0,1,60,67,2,1,0
98,1,0,0,1,62,72,2,1,0
98,0,0,0,1,63,62,2,1,0
98,1,0,1,1,75,78,2,1,0
98,0,1,0,0,59,68,2,1,0
98,1,1,0,1,62,67,2,1,0
98,0,1,1,1,62,73,2,1,0
98,1,0,0,0,68,74,2,1,0
98,0,1,0,0,39,50,2,1,0
98,0,1,0,0,68,75,2,1,0
98,1,1,0,0,51,59,2,1,0
98,0,1,0,1,63,71,2,1,0
98,0,1,0,0,56,58,2,1,0
98,1,0,0,0,69,82,2,1,0
98,0,1,0,1,47,49,2,1,0
98,0,0,1,0,80,84,2,1,0
98,1,0,0,0,64,79,2,1,0
98,0,1,0,0,66,71,2,1,0
98,1,0,0,0,58,70,2,1,0
98,1,1,0,1,49,57,2,1,0
98,1,1,0,1,58,59,2,1,0
98,0,1,0,0,76,73,2,1,0
98,1,0,1,1,59,65,2,1,0
98,1,1,0,1,63,68,2,1,0
98,0,0,0,1,56,60,2,1,0
98,1,1,0,1,60,64,2,1,0
98,1,0,0,0,67,70,2,1,0
98,0,0,0,0,63,62,2,1,0
98,0,0,0,1,62,67,2,1,0
98,0,0,1,1,54,54,2,1,0
98,0,1,1,0,52,54,2,1,0
98,1,1,0,1,58,68,2,1,0
98,0,1,0,0,55,59,2,1,0
98,1,1,0,1,52,62,2,1,0
98,0,0,0,0,61,66,2,1,0
98,0,1,0,0,58,59,2,1,0
98,1,0,0,1,55,62,2,1,0
98,1,0,0,0,67,71,2,1,0
98,1,0,0,0,69,75,2,1,0
98,1,0,0,0,44,51,2,1,0
98,1,0,0,0,55,71,2,1,0
98,0,1,0,1,62,68,2,1,0
98,0,0,0,1,64,68,2,1,0
98,0,0,1,1,48,52,2,1,0
98,0,0,0,1,50,59,2,1,0
99,0,0,0,1,48,48,2,1,0
99,0,1,0,0,63,66,2,1,0
99,0,0,0,0,61,64,2,1,0
99,1,0,0,0,64,71,2,1,0
99,1,0,0,0,63,70,2,1,0
99,0,0,0,0,66,72,2,1,0
99,0,0,0,1,64,70,2,1,0
99,1,0,0,0,70,85,2,1,0
99,1,1,0,1,65,75,2,1,0
99,1,1,0,0,70,77,2,1,0
99,0,1,0,1,49,60,2,1,0
99,0,0,0,0,73,83,2,1,0
99,1,1,0,1,68,75,2,1,0
99,1,1,0,0,53,61,2,1,0
99,0,0,0,0,65,72,2,1,0
99,0,0,0,0,60,68,2,1,0
99,1,1,0,1,65,69,2,1,0
99,0,1,0,1,63,71,2,1,0
99,0,0,0,0,76,88,2,1,0
99,1,1,0,1,55,63,2,1,0
99,1,1,0,1,54,62,2,1,0
99,0,1,0,0,51,51,2,1,0
99,0,1,0,1,53,53,2,1,0
99,1,1,0,1,51,63,2,1,0
99,1,1,0,1,52,62,2,1,0
99,0,0,0,1,74,82,2,1,0
99,1,0,0,0,65,79,2,1,0
99,0,0,0,1,58,63,2,1,0
99,1,0,0,0,66,84,2,1,0
99,1,0,0,1,66,75,2,1,0
99,1,0,0,1,59,66,2,1,0
99,0,1,0,0,64,65,2,1,0
99,0,1,0,1,54,61,2,1,0
99,1,0,0,0,77,92,2,1,0
99,0,0,0,1,56,60,2,1,0
99,1,1,0,0,57,65,2,1,0
99,0,1,0,0,69,71,2,1,0
99,1,0,0,1,68,83,2,1,0
99,1,0,0,1,61,73,2,1,0
99,0,1,0,1,47,47,2,1,0
99,0,1,0,1,68,77,2,1,0
99,1,0,0,0,72,88,2,1,0
99,1,1,0,0,68,81,2,1,0
99,0,0,0,1,55,58,2,1,0
99,1,0,0,0,70,84,2,1,0
99,1,1,0,1,38,40,2,1,0
99,1,1,0,1,45,51,2,1,0
99,1,1,0,1,44,48,2,1,0
99,0,1,0,1,52,52,2,1,0
99,1,1,0,1,56,69,2,1,0
99,0,0,0,1,62,73,2,1,0
99,1,1,0,0,54,64,2,1,0
99,1,1,0,1,47,57,2,1,0
99,1,1,0,0,77,80,2,1,0
99,1,0,0,0,60,64,2,1,0
99,0,0,0,0,68,71,2,1,0
99,0,0,0,1,51,53,2,1,0
99,1,0,0,0,50,61,2,1,0
99,0,1,0,1,63,71,2,1,0
99,0,1,0,0,52,53,2,1,0
99,1,0,0,0,58,73,2,1,0
99,1,1,0,1,42,44,2,1,0
99,1,0,0,1,64,75,2,1,0
99,1,1,0,1,50,57,2,1,0
99,1,0,0,1,55,74,2,1,0
99,1,0,0,0,71,82,2,1,0
99,1,0,0,0,73,86,2,1,0
99,1,0,0,0,59,75,2,1,0
99,0,0,0,0,70,73,2,1,0
99,0,0,0,1,59,58,2,1,0
99,0,0,0,1,72,82,2,1,0
99,0,1,0,0,55,61,2,1,0
100,0,1,0,0,56,69,3,1,0
100,0,0,0,0,57,58,3,1,0
100,0,0,1,1,54,60,3,1,0
100,0,1,0,1,56,67,3,1,0
100,1,0,0,1,62,79,3,1,0
100,1,1,1,0,63,69,3,1,0
100,1,1,0,0,54,76,3,1,0
100,0,1,1,0,53,55,3,1,0
100,1,1,0,1,56,70,3,1,0
100,1,1,1,0,54,64,3,1,0
100,0,0,1,1,59,69,3,1,0
100,1,1,0,0,66,74,3,1,0
100,0,1,0,0,81,79,3,1,0
100,0,1,0,1,54,68,3,1,0
100,0,1,0,1,70,71,3,1,0
100,1,1,0,0,63,71,3,1,0
100,1,0,0,0,60,66,3,1,0
100,0,0,0,1,57,61,3,1,0
100,1,1,0,1,61,76,3,1,0
100,1,1,0,0,62,76,3,1,0
100,1,0,1,0,63,75,3,1,0
100,1,1,0,1,53,72,3,1,0
100,0,0,0,1,70,73,3,1,0
100,1,0,0,0,55,71,3,1,0
100,1,0,0,0,61,74,3,1,0
100,0,0,1,1,46,56,3,1,0
100,1,0,0,0,60,73,3,1,0
100,0,0,0,0,62,68,3,1,0
100,0,1,0,0,64,76,3,1,0
100,1,1,0,0,70,76,3,1,0
100,1,0,1,0,74,90,3,1,0
100,1,1,0,1,40,56,3,1,0
100,0,0,0,0,66,71,3,1,0
100,1,1,0,0,67,63,3,1,0
100,1,1,0,0,47,66,3,1,0
100,0,1,0,1,65,68,3,1,0
100,1,1,0,0,53,57,3,1,0
100,0,0,0,0,63,66,3,1,0
100,0,0,1,0,64,70,3,1,0
100,1,0,0,0,64,76,3,1,0
100,1,1,0,0,64,69,3,1,0
100,1,0,1,1,32,49,3,1,0
100,0,0,0,1,59,73,3,1,0
100,0,0,0,1,60,66,3,1,0
100,0,0,0,0,59,71,3,1,0
100,1,1,0,1,61,61,3,1,0
100,1,1,0,0,70,75,3,1,0
100,0,0,0,0,66,68,3,1,0
100,1,1,0,1,56,70,3,1,0
100,1,1,0,1,73,91,3,1,0
100,0,0,0,0,59,57,3,1,0
100,0,1,1,0,66,74,3,1,0
100,0,1,1,1,56,59,3,1,0
100,0,0,0,1,66,76,3,1,0
101,1,1,1,1,73,81,3,1,0
101,0,0,0,0,63,67,3,1,0
101,1,1,0,0,60,66,3,1,0
101,0,0,0,0,68,69,3,1,0
101,1,0,0,0,77,76,3,1,0
101,0,0,0,1,57,63,3,1,0
101,0,1,0,0,62,67,3,1,0
101,0,1,0,0,66,63,3,1,0
101,0,1,0,0,64,75,3,1,0
101,1,0,0,0,74,90,3,1,0
101,1,0,0,0,74,78,3,1,0
101,1,0,0,0,68,76,3,1,0
101,1,1,0,0,65,81,3,1,0
101,0,1,0,0,66,66,3,1,0
101,1,1,0,1,70,79,3,1,0
101,1,0,0,1,74,79,3,1,0
101,1,1,0,1,77,86,3,1,0
101,0,1,0,0,79,79,3,1,0
101,1,1,0,0,78,82,3,1,0
101,1,1,0,0,68,78,3,1,0
101,1,1,0,1,70,69,3,1,0
101,0,0,0,1,59,65,3,1,0
101,1,1,0,0,64,76,3,1,0
101,1,0,0,0,68,80,3,1,0
101,0,0,0,0,66,70,3,1,0
101,1,1,0,1,68,83,3,1,0
101,0,0,0,1,60,71,3,1,0
101,1,0,0,1,74,88,3,1,0
101,0,1,1,0,68,65,3,1,0
101,1,1,0,0,70,78,3,1,0
101,0,1,0,0,66,67,3,1,0
101,1,0,0,0,63,70,3,1,0
101,1,1,0,0,64,81,3,1,0
101,1,1,0,0,61,71,3,1,0
101,1,1,0,0,56,71,3,1,0
101,0,0,0,0,70,74,3,1,0
101,1,1,0,0,54,62,3,1,0
101,0,0,0,1,59,65,3,1,0
101,1,0,0,0,68,74,3,1,0
101,1,1,0,0,59,76,3,1,0
101,1,1,0,0,63,72,3,1,0
101,1,1,1,1,65,73,3,1,0
102,0,0,0,0,69,75,3,1,0
102,0,0,0,0,73,73,3,1,0
102,0,0,0,0,53,62,3,1,0
102,1,1,0,0,64,75,3,1,0
102,0,0,0,0,62,65,3,1,0
102,0,1,0,0,72,74,3,1,0
102,1,1,0,0,74,81,3,1,0
102,1,0,0,0,55,71,3,1,0
102,1,1,0,1,73,81,3,1,0
102,0,0,1,0,66,74,3,1,0
102,0,1,0,1,63,70,3,1,0
102,0,1,0,0,65,70,3,1,0
102,0,1,0,0,66,69,3,1,0
102,0,1,0,0,58,65,3,1,0
102,0,0,1,0,65,74,3,1,0
102,0,0,1,0,68,76,3,1,0
102,0,1,0,0,59,61,3,1,0
102,1,1,1,0,56,68,3,1,0
102,0,0,0,0,70,72,3,1,0
102,1,1,0,1,61,74,3,1,0
102,0,0,0,1,62,70,3,1,0
102,0,0,1,1,63,69,3,1,0
102,0,0,0,1,68,71,3,1,0
102,1,0,0,1,66,75,3,1,0
102,0,1,0,0,74,80,3,1,0
102,0,0,0,0,57,67,3,1,0
102,1,1,0,0,63,70,3,1,0
102,1,1,0,0,64,76,3,1,0
102,1,0,0,0,73,83,3,1,0
102,0,1,0,0,62,69,3,1,0
102,0,1,0,0,65,71,3,1,0
102,0,0,0,0,73,74,3,1,0
102,1,1,0,0,71,79,3,1,0
102,0,0,0,0,61,66,3,1,0
102,0,1,0,0,48,56,3,1,0
102,0,0,0,0,54,63,3,1,0
102,0,0,0,1,58,70,3,1,0
102,0,0,0,1,62,70,3,1,0
102,0,0,0,0,66,67,3,1,0
102,0,0,1,0,82,81,3,1,0
102,0,0,1,0,57,63,3,1,0
102,0,0,0,0,68,72,3,1,0
102,0,0,0,0,70,76,3,1,0
102,1,0,0,0,63,73,3,1,0
102,1,1,1,0,70,84,3,1,0
102,0,0,1,0,66,68,3,1,0
102,0,0,1,0,69,75,3,1,0
102,1,1,1,0,68,78,3,1,0
102,0,0,0,0,64,70,3,1,0
102,1,0,0,1,67,79,3,1,0
102,0,0,0,0,67,72,3,1,0
102,1,0,0,1,71,78,3,1,0
102,1,1,0,1,62,76,3,1,0
102,0,1,1,1,66,69,3,1,0
102,1,1,0,0,60,75,3,1,0
102,1,0,0,0,62,73,3,1,0
102,1,1,0,1,50,65,3,1,0
102,0,0,0,0,68,71,3,1,0
102,0,1,0,0,66,80,3,1,0
102,0,1,0,0,59,65,3,1,0
102,0,1,0,1,61,67,3,1,0
102,1,0,1,0,56,68,3,1,0
102,0,0,0,0,65,69,3,1,0
102,0,1,0,0,72,80,3,1,0
102,1,0,0,0,63,79,3,1,0
102,0,0,0,0,66,75,3,1,0
102,1,0,0,0,69,75,3,1,0
102,0,0,1,0,59,66,3,1,0
102,1,1,0,1,58,69,3,1,0
102,1,1,0,0,59,68,3,1,0
102,1,0,1,0,58,76,3,1,0
102,0,0,1,0,62,71,3,1,0
102,1,1,0,0,64,71,3,1,0
102,1,1,0,1,65,74,3,1,0
102,0,1,1,0,70,74,3,1,0
102,1,0,1,1,60,74,3,1,0
102,0,0,1,1,57,66,3,1,0
102,0,0,0,0,54,62,3,1,0
102,1,0,0,0,76,79,3,1,0
102,1,1,1,0,63,70,3,1,0
102,0,1,0,0,75,78,3,1,0
102,0,1,0,1,64,67,3,1,0
102,1,1,0,0,65,78,3,1,0
102,1,1,0,0,64,73,3,1,0
102,1,0,0,1,59,72,3,1,0
102,1,0,0,0,50,69,3,1,0
102,0,1,0,0,52,63,3,1,0
102,1,0,1,0,78,91,3,1,0
102,0,1,1,0,67,71,3,1,0
102,0,0,1,0,68,76,3,1,0
102,1,0,0,0,66,73,3,1,0
102,1,1,0,0,65,78,3,1,0
103,0,0,0,0,65,68,3,1,0
103,0,1,0,0,69,76,3,1,0
103,0,1,1,0,64,72,3,1,0
103,0,1,0,0,66,67,3,1,0
103,0,1,0,0,68,80,3,1,0
103,0,0,0,0,72,84,3,1,0
103,0,1,0,0,62,70,3,1,0
103,1,0,0,0,58,74,3,1,0
103,1,1,0,0,70,76,3,1,0
103,1,0,0,0,82,89,3,1,0
103,1,0,1,0,69,86,3,1,0
103,0,0,0,0,72,75,3,1,0
103,0,0,0,0,69,81,3,1,0
103,0,0,0,0,74,78,3,1,0
103,1,0,0,0,76,90,3,1,0
103,1,0,1,0,69,83,3,1,0
103,0,0,0,0,70,77,3,1,0
103,1,1,0,0,57,74,3,1,0
103,1,0,0,0,66,79,3,1,0
103,0,0,0,0,66,77,3,1,0
103,1,1,0,0,68,77,3,1,0
103,0,0,0,0,74,80,3,1,0
103,1,1,0,0,64,74,3,1,0
103,0,0,1,0,73,79,3,1,0
103,1,1,0,0,64,77,3,1,0
103,1,1,0,0,66,77,3,1,0
103,0,0,1,0,62,71,3,1,0
103,0,1,1,0,59,67,3,1,0
103,0,1,0,0,69,71,3,1,0
103,1,0,1,0,72,85,3,1,0
103,0,1,1,0,63,70,3,1,0
103,0,1,0,0,67,77,3,1,0
103,1,0,0,0,70,83,3,1,0
103,1,1,0,0,64,78,3,1,0
103,0,0,0,0,66,73,3,1,0
103,0,1,0,0,62,69,3,1,0
103,0,0,0,0,67,72,3,1,0
103,0,0,0,0,66,77,3,1,0
103,1,0,0,0,72,83,3,1,0
103,1,1,1,0,61,75,3,1,0
103,0,0,0,0,59,70,3,1,0
103,0,0,0,0,69,85,3,1,0
103,1,1,1,0,64,78,3,1,0
103,1,1,0,0,76,86,3,1,0
103,0,0,0,0,64,72,3,1,0
103,1,0,0,0,66,78,3,1,0
103,1,1,0,0,67,83,3,1,0
103,0,0,1,0,64,68,3,1,0
103,1,1,1,0,64,72,3,1,0
103,1,1,1,0,78,88,3,1,0
104,0,1,0,0,66,71,3,1,0
104,1,1,0,0,68,78,3,1,0
104,1,1,0,0,69,82,3,1,0
104,0,1,0,0,67,77,3,1,0
104,0,0,1,0,61,69,3,1,0
104,0,0,0,0,60,65,3,1,0
104,1,0,0,0,67,76,3,1,0
104,0,1,0,0,77,77,3,1,0
104,0,1,0,1,84,83,3,1,0
104,1,1,0,0,68,80,3,1,0
104,1,0,0,1,64,78,3,1,0
104,0,0,0,0,69,68,3,1,0
104,1,0,0,0,81,81,3,1,0
104,1,1,1,0,66,68,3,1,0
104,0,1,0,0,63,66,3,1,0
104,0,0,0,1,67,73,3,1,0
104,1,1,1,1,62,66,3,1,0
104,1,1,0,0,63,83,3,1,0
104,0,0,0,0,73,79,3,1,0
104,1,0,1,1,57,65,3,1,0
104,0,0,0,0,58,65,3,1,0
104,1,0,1,0,63,76,3,1,0
104,0,0,0,0,67,82,3,1,0
104,0,1,0,0,69,69,3,1,0
104,0,0,1,0,56,67,3,1,0
104,0,0,0,0,71,70,3,1,0
104,1,1,1,1,60,69,3,1,0
104,1,0,0,1,66,70,3,1,0
104,1,0,0,1,59,76,3,1,0
104,0,0,0,1,59,68,3,1,0
104,0,0,0,0,63,60,3,1,0
104,0,0,0,0,69,82,3,1,0
104,1,1,1,1,58,76,3,1,0
104,1,1,0,1,58,68,3,1,0
104,0,1,0,1,61,61,3,1,0
104,1,1,0,1,52,66,3,1,0
104,0,1,0,0,75,79,3,1,0
104,1,0,1,0,61,77,3,1,0
104,1,1,0,1,64,79,3,1,0
104,0,0,0,0,77,81,3,1,0
104,1,1,1,1,68,76,3,1,0
104,0,0,0,0,71,70,3,1,0
104,1,1,0,1,59,69,3,1,0
104,1,0,0,0,58,72,3,1,0
104,0,0,0,0,76,78,3,1,0
104,1,0,0,1,68,70,3,1,0
104,1,0,0,0,65,79,3,1,0
104,0,1,1,0,57,72,3,1,0
104,0,1,0,1,66,70,3,1,0
104,1,1,0,0,63,72,3,1,0
104,0,1,0,1,67,66,3,1,0
104,1,1,0,1,59,72,3,1,0
104,0,0,0,0,63,75,3,1,0
104,1,0,0,1,67,76,3,1,0
105,1,0,0,1,59,61,3,1,0
105,0,1,0,0,58,64,3,1,0
105,0,1,0,1,52,68,3,1,0
105,0,0,0,0,63,70,3,1,0
105,0,0,0,1,47,57,3,1,0
105,1,0,0,0,72,87,3,1,0
105,0,1,0,1,41,49,3,1,0
105,1,0,0,1,51,62,3,1,0
105,1,0,0,1,48,61,3,1,0
105,1,1,0,1,47,59,3,1,0
105,0,0,0,1,63,65,3,1,0
105,0,1,0,1,56,64,3,1,0
105,0,0,0,1,54,62,3,1,0
105,0,0,0,1,58,64,3,1,0
105,1,0,0,1,63,74,3,1,0
105,1,0,0,1,53,65,3,1,0
105,1,0,0,1,63,72,3,1,0
105,0,1,0,1,72,74,3,1,0
105,1,1,0,0,76,79,3,1,0
105,1,0,0,1,51,62,3,1,0
105,1,1,0,0,60,69,3,1,0
105,0,0,0,1,60,66,3,1,0
105,0,1,0,1,63,71,3,1,0
105,1,1,0,1,63,72,3,1,0
105,0,0,0,1,64,71,3,1,0
105,1,1,0,0,56,67,3,1,0
105,1,0,0,0,58,71,3,1,0
105,1,0,0,1,54,67,3,1,0
105,0,0,0,1,49,50,3,1,0
105,0,0,0,1,50,64,3,1,0
105,1,1,0,0,68,73,3,1,0
105,0,0,1,1,51,61,3,1,0
105,1,0,1,1,56,68,3,1,0
105,0,1,0,0,68,81,3,1,0
105,1,0,0,1,56,69,3,1,0
105,0,0,0,1,68,74,3,1,0
105,1,1,1,1,48,60,3,1,0
105,0,1,0,1,45,56,3,1,0
105,1,0,0,0,69,78,3,1,0
105,1,0,0,1,68,73,3,1,0
105,0,0,0,0,58,70,3,1,0
105,1,1,1,1,54,61,3,1,0
105,0,0,0,0,66,70,3,1,0
105,1,1,0,1,61,69,3,1,0
106,1,1,0,0,66,75,3,1,0
106,1,1,1,0,59,73,3,1,0
106,1,1,1,0,45,52,3,1,0
106,1,0,1,0,52,62,3,1,0
106,0,1,0,1,46,51,3,1,0
106,0,1,1,1,46,47,3,1,0
106,1,1,1,1,46,48,3,1,0
106,0,1,1,0,44,49,3,1,0
106,0,0,1,1,60,63,3,1,0
106,1,0,0,1,52,60,3,1,0
106,1,1,1,0,62,73,3,1,0
106,1,1,1,1,59,69,3,1,0
106,0,0,1,1,65,73,3,1,0
106,0,1,0,0,62,66,3,1,0
106,0,0,1,1,59,67,3,1,0
106,1,1,1,1,53,61,3,1,0
106,0,1,0,1,65,73,3,1,0
106,1,1,1,1,54,59,3,1,0
106,0,0,0,1,56,57,3,1,0
106,1,0,1,0,63,73,3,1,0
107,0,0,0,0,62,69,3,1,0
107,1,0,0,0,52,51,3,1,0
107,1,0,0,1,50,68,3,1,0
107,1,0,0,1,51,51,3,1,0
107,1,0,0,0,47,53,3,1,0
107,0,0,0,1,72,68,3,1,0
107,1,0,0,1,43,48,3,1,0
107,0,0,0,0,62,69,3,1,0
107,1,1,0,0,47,56,3,1,0
107,0,1,0,1,49,43,3,1,0
107,1,0,0,1,46,49,3,1,0
107,0,0,0,1,48,51,3,1,0
107,0,1,0,1,47,39,3,1,0
107,0,1,0,1,57,62,3,1,0
107,0,1,0,0,60,56,3,1,0
107,1,1,0,1,47,53,3,1,0
107,1,0,0,1,46,56,3,1,0
107,1,1,0,1,56,73,3,1,0
107,0,1,0,1,54,53,3,1,0
107,1,1,0,0,55,60,3,1,0
107,1,1,0,0,60,66,3,1,0
107,0,1,0,0,51,50,3,1,0
107,1,1,0,1,54,55,3,1,0
107,1,1,0,1,56,62,3,1,0
107,0,1,0,0,54,57,3,1,0
107,1,0,0,1,43,57,3,1,0
107,0,0,0,1,47,45,3,1,0
107,0,0,0,1,54,62,3,1,0
107,1,0,0,0,63,72,3,1,0
107,1,0,0,1,68,75,3,1,0
107,1,1,0,1,51,59,3,1,0
107,0,0,0,0,62,63,3,1,0
107,1,0,0,1,42,52,3,1,0
107,1,0,0,0,64,68,3,1,0
107,1,1,0,1,61,65,3,1,0
107,0,1,0,0,43,47,3,1,0
107,0,1,0,1,44,45,3,1,0
107,0,1,0,0,49,57,3,1,0
107,0,0,0,1,57,50,3,1,0
107,0,1,0,0,41,42,3,1,0
107,0,0,0,0,65,65,3,1,0
107,1,0,0,1,60,68,3,1,0
107,0,1,0,0,56,70,3,1,0
107,0,1,0,1,49,48,3,1,0
107,1,0,0,1,45,44,3,1,0
107,0,1,0,0,48,63,3,1,0
107,0,1,0,1,46,42,3,1,0
107,1,0,0,1,55,62,3,1,0
107,0,0,0,1,47,38,3,1,0
107,0,0,0,0,51,44,3,1,0
107,1,1,0,1,52,59,3,1,0
107,0,1,0,1,52,47,3,1,0
107,0,0,0,1,58,56,3,1,0
107,0,1,0,0,68,76,3,1,0
108,0,1,1,0,61,62,3,1,0
108,0,1,1,1,61,63,3,1,0
108,1,1,1,0,59,58,3,1,0
108,1,1,0,0,79,75,3,1,0
108,1,1,0,0,54,51,3,1,0
108,0,0,1,0,40,40,3,1,0
108,1,0,0,0,45,59,3,1,0
108,0,1,1,1,54,57,3,1,0
108,0,0,0,0,34,35,3,1,0
108,0,1,0,0,57,53,3,1,0
108,0,0,1,0,54,50,3,1,0
108,1,0,0,0,72,88,3,1,0
108,1,1,0,0,36,54,3,1,0
108,0,1,0,0,62,71,3,1,0
108,1,0,1,0,58,76,3,1,0
108,0,1,0,0,48,59,3,1,0
108,0,1,1,1,48,50,3,1,0
108,0,1,1,0,49,53,3,1,0
108,1,1,1,0,49,70,3,1,0
108,1,0,0,0,60,73,3,1,0
108,0,1,0,0,52,66,3,1,0
108,0,1,0,0,61,60,3,1,0
108,0,1,0,0,56,60,3,1,0
108,1,1,0,0,56,64,3,1,0
108,0,0,0,0,56,69,3,1,0
108,1,1,0,0,58,66,3,1,0
108,0,0,1,0,46,65,3,1,0
108,1,0,0,1,40,61,3,1,0
108,0,1,0,0,59,63,3,1,0
108,1,1,0,0,43,51,3,1,0
108,0,0,0,0,58,72,3,1,0
108,0,0,0,0,43,58,3,1,0
108,1,1,0,0,62,83,3,1,0
108,1,0,0,0,47,63,3,1,0
108,1,0,0,0,61,72,3,1,0
108,1,0,0,1,19,34,3,1,0
108,1,1,1,0,68,75,3,1,0
108,1,1,0,0,51,62,3,1,0
108,1,0,0,0,54,63,3,1,0
108,1,1,0,0,55,59,3,1,0
108,1,0,0,1,39,49,3,1,0
108,1,0,0,1,35,48,3,1,0
108,1,0,0,1,70,87,3,1,0
108,1,0,1,0,67,76,3,1,0
108,1,1,0,0,63,62,3,1,0
108,0,1,0,0,67,62,3,1,0
108,1,1,0,0,49,53,3,1,0
108,0,1,1,0,66,61,3,1,0
108,0,1,1,0,46,51,3,1,0
108,0,1,0,0,61,57,3,1,0
108,1,0,1,0,61,80,3,1,0
108,0,1,0,0,69,79,3,1,0
108,1,0,0,0,63,66,3,1,0
108,1,0,0,0,59,69,3,1,0
108,0,1,0,0,65,77,3,1,0
108,1,1,0,0,68,68,3,1,0
108,1,1,1,1,58,66,3,1,0
108,0,0,1,1,43,46,3,1,0
108,1,1,0,0,49,68,3,1,0
108,0,0,0,0,51,54,3,1,0
108,0,1,0,0,67,72,3,1,0
108,1,1,0,0,55,73,3,1,0
108,0,0,1,1,44,50,3,1,0
108,1,0,0,0,70,66,3,1,0
108,1,1,0,1,45,49,3,1,0
108,0,1,0,1,58,59,3,1,0
108,1,1,0,0,44,59,3,1,0
108,1,0,0,0,57,65,3,1,0
108,0,1,0,1,60,59,3,1,0
108,0,1,1,0,75,71,3,1,0
108,0,0,0,1,66,60,3,1,0
108,0,1,0,0,56,62,3,1,0
109,1,0,0,1,58,75,3,1,0
109,0,0,0,1,60,76,3,1,0
109,1,0,0,1,58,68,3,1,0
109,0,1,0,0,72,72,3,1,0
109,0,1,0,1,66,70,3,1,0
109,1,0,0,0,44,57,3,1,0
109,1,1,0,0,62,68,3,1,0
109,1,1,0,0,48,57,3,1,0
109,1,1,0,0,42,49,3,1,0
109,1,1,1,0,63,69,3,1,0
109,0,0,0,0,52,60,3,1,0
109,1,0,0,0,51,66,3,1,0
109,0,1,0,0,65,54,3,1,0
109,1,1,0,0,55,71,3,1,0
109,1,1,0,0,55,59,3,1,0
109,0,0,0,0,55,60,3,1,0
109,1,1,0,0,58,63,3,1,0
109,1,1,0,0,62,74,3,1,0
109,1,1,0,0,50,71,3,1,0
109,1,0,0,1,58,66,3,1,0
109,0,0,0,1,59,65,3,1,0
109,0,0,1,1,45,57,3,1,0
109,0,1,0,0,52,60,3,1,0
109,1,0,0,0,63,74,3,1,0
109,0,1,0,0,64,71,3,1,0
109,1,0,0,1,53,65,3,1,0
109,0,1,1,1,65,64,3,1,0
109,1,1,0,0,70,73,3,1,0
109,1,1,0,0,55,60,3,1,0
109,1,1,0,0,54,62,3,1,0
109,1,0,1,0,69,82,3,1,0
109,0,0,1,0,64,70,3,1,0
109,0,1,0,0,66,68,3,1,0
109,1,1,0,1,49,54,3,1,0
109,1,1,0,0,55,71,3,1,0
109,1,0,1,0,58,65,3,1,0
109,0,0,0,0,54,62,3,1,0
109,0,0,1,0,58,72,3,1,0
109,0,1,0,0,67,68,3,1,0
109,0,1,0,0,50,60,3,1,0
109,1,0,0,1,66,73,3,1,0
109,0,1,0,1,61,59,3,1,0
109,0,0,0,0,61,54,3,1,0
109,1,1,0,0,52,58,3,1,0
109,1,0,0,0,67,86,3,1,0
109,1,0,0,0,44,62,3,1,0
109,0,1,0,0,46,49,3,1,0
109,0,1,0,0,50,56,3,1,0
109,0,1,0,0,55,66,3,1,0
109,1,1,0,1,54,68,3,1,0
109,0,1,0,1,55,61,3,1,0
109,0,0,0,1,56,53,3,1,0
109,1,0,0,0,66,66,3,1,0
109,0,0,0,1,65,74,3,1,0
109,0,0,0,1,57,62,3,1,0
109,0,1,0,1,73,68,3,1,0
109,0,1,0,0,69,68,3,1,0
109,1,0,0,0,72,82,3,1,0
109,1,1,0,0,59,62,3,1,0
109,1,1,0,0,43,51,3,1,0
109,1,1,0,1,63,70,3,1,0
109,0,1,0,0,46,48,3,1,0
109,0,0,0,0,62,69,3,1,0
109,1,0,0,0,66,87,3,1,0
109,1,0,0,0,61,71,3,1,0
109,0,1,0,0,57,54,3,1,0
110,0,0,1,1,53,46,4,1,0
110,1,1,1,1,67,72,4,1,0
110,1,0,1,0,54,63,4,1,0
110,0,1,1,1,56,66,4,1,0
110,1,0,1,1,49,67,4,1,0
110,1,0,1,1,64,69,4,1,0
110,1,0,1,1,44,53,4,1,0
110,1,0,1,0,79,84,4,1,0
110,0,1,1,1,61,69,4,1,0
110,0,1,1,0,59,51,4,1,0
110,0,0,1,0,59,74,4,1,0
110,0,0,1,0,69,64,4,1,0
110,1,1,1,1,76,81,4,1,0
110,0,0,1,1,54,59,4,1,0
110,0,1,1,1,57,79,4,1,0
110,1,0,1,1,57,62,4,1,0
110,1,1,1,0,56,66,4,1,0
110,0,0,1,1,55,64,4,1,0
110,1,0,1,1,71,66,4,1,0
110,1,0,1,1,54,54,4,1,0
110,0,0,1,1,49,58,4,1,0
110,0,1,1,0,78,68,4,1,0
110,0,1,1,1,55,72,4,1,0
110,0,0,1,1,60,59,4,1,0
110,0,1,1,1,74,79,4,1,0
110,0,1,1,0,68,72,4,1,0
110,1,1,1,1,62,63,4,1,0
110,1,1,1,0,51,60,4,1,0
110,0,1,1,0,66,61,4,1,0
110,1,1,1,0,56,62,4,1,0
110,0,1,1,1,66,72,4,1,0
110,0,1,1,1,63,63,4,1,0
110,0,0,1,0,70,65,4,1,0
110,0,1,1,1,59,66,4,1,0
110,0,0,1,1,70,67,4,1,0
110,0,1,1,1,52,52,4,1,0
110,0,1,1,1,78,69,4,1,0
110,0,1,1,0,47,60,4,1,0
110,0,1,1,1,67,64,4,1,0
110,1,1,1,1,65,69,4,1,0
110,0,1,1,1,71,67,4,1,0
110,1,0,1,0,58,69,4,1,0
111,1,0,1,0,59,82,4,1,0
111,0,0,0,0,62,82,4,1,0
111,0,0,0,0,68,73,4,1,0
111,0,0,0,0,65,74,4,1,0
111,1,0,0,0,65,65,4,1,0
111,0,0,0,0,74,77,4,1,0
111,0,1,0,0,62,86,4,1,0
111,1,0,0,0,60,80,4,1,0
111,0,1,0,0,59,77,4,1,0
111,1,1,0,0,60,72,4,1,0
111,1,0,0,0,63,85,4,1,0
111,0,1,0,1,63,66,4,1,0
111,0,0,0,0,72,84,4,1,0
111,1,1,1,0,67,74,4,1,0
111,1,1,0,0,63,81,4,1,0
111,1,1,0,0,62,77,4,1,0
111,0,0,1,0,69,69,4,1,0
111,1,1,0,0,60,66,4,1,0
111,1,0,0,0,59,80,4,1,0
111,1,0,0,0,56,86,4,1,0
111,1,0,0,0,61,78,4,1,0
111,1,0,0,0,64,82,4,1,0
111,0,0,0,0,62,72,4,1,0
111,1,1,0,0,59,81,4,1,0
111,0,0,0,0,61,78,4,1,0
111,0,0,1,0,57,63,4,1,0
111,0,0,0,0,68,69,4,1,0
111,1,0,0,1,59,78,4,1,0
111,0,1,1,0,54,78,4,1,0
111,1,1,1,0,60,82,4,1,0
111,1,0,0,0,60,73,4,1,0
111,1,1,0,0,59,85,4,1,0
111,1,0,0,0,62,69,4,1,0
111,0,0,1,0,61,67,4,1,0
111,0,0,0,0,65,70,4,1,0
111,0,1,1,0,63,72,4,1,0
111,0,1,0,0,54,69,4,1,0
111,1,1,0,1,54,76,4,1,0
111,0,0,0,0,57,72,4,1,0
111,1,1,0,0,55,75,4,1,0
111,1,0,0,0,72,81,4,1,0
111,1,0,0,0,62,68,4,1,0
111,1,0,0,0,61,84,4,1,0
111,1,1,0,1,64,68,4,1,0
112,1,1,0,0,57,61,4,1,0
112,1,0,0,1,61,74,4,1,0
112,0,0,0,0,63,63,4,1,0
112,0,1,1,0,63,69,4,1,0
112,0,0,0,0,60,63,4,1,0
112,0,0,0,0,65,73,4,1,0
112,0,1,0,0,65,56,4,1,0
112,0,0,0,0,62,68,4,1,0
112,0,1,0,1,70,66,4,1,0
112,0,0,0,0,60,66,4,1,0
112,1,0,1,0,60,81,4,1,0
112,0,0,0,0,64,65,4,1,0
112,1,1,1,0,64,80,4,1,0
112,1,0,1,0,61,70,4,1,0
112,0,0,0,1,57,62,4,1,0
112,0,0,1,0,67,73,4,1,0
112,1,1,0,0,65,74,4,1,0
112,0,1,0,0,54,61,4,1,0
112,1,0,0,1,56,60,4,1,0
112,1,1,0,1,51,60,4,1,0
112,1,1,0,0,51,62,4,1,0
112,0,0,1,0,72,65,4,1,0
112,0,0,1,1,50,51,4,1,0
112,1,1,0,1,52,63,4,1,0
112,0,0,1,0,77,79,4,1,0
112,0,0,1,0,63,66,4,1,0
112,1,0,0,0,75,71,4,1,0
112,1,1,0,0,47,54,4,1,0
112,1,0,1,0,73,82,4,1,0
112,0,1,0,0,62,70,4,1,0
112,1,1,0,0,61,58,4,1,0
112,1,0,1,0,58,71,4,1,0
112,1,0,0,0,51,63,4,1,0
112,1,1,0,0,57,69,4,1,0
112,1,1,0,0,62,67,4,1,0
112,0,0,0,1,67,71,4,1,0
112,1,1,1,0,65,74,4,1,0
112,0,0,1,0,65,71,4,1,0
112,0,0,0,0,51,58,4,1,0
112,1,0,0,0,61,68,4,1,0
112,0,0,0,0,62,68,4,1,0
112,1,0,1,0,62,72,4,1,0
112,1,0,0,0,75,79,4,1,0
112,1,0,0,1,57,66,4,1,0
112,0,0,0,1,59,72,4,1,0
112,0,0,0,0,64,70,4,1,0
112,0,0,0,1,53,59,4,1,0
112,1,1,0,0,46,57,4,1,0
112,0,1,1,0,62,71,4,1,0
112,0,1,0,0,62,68,4,1,0
112,1,0,0,0,53,68,4,1,0
112,0,0,0,0,62,71,4,1,0
112,1,1,0,1,61,73,4,1,0
112,0,1,0,1,63,62,4,1,0
112,1,1,0,1,55,57,4,1,0
112,0,0,0,0,52,53,4,1,0
112,1,0,0,0,58,68,4,1,0
112,0,0,0,0,55,58,4,1,0
112,0,0,0,0,66,71,4,1,0
112,1,1,0,0,62,68,4,1,0
112,0,1,1,0,56,55,4,1,0
112,0,0,0,0,58,58,4,1,0
112,1,1,1,0,78,83,4,1,0
112,0,0,0,0,58,62,4,1,0
112,0,0,0,1,53,53,4,1,0
112,1,0,0,1,78,83,4,1,0
112,1,1,0,0,51,63,4,1,0
112,0,0,0,1,53,56,4,1,0
112,0,1,1,1,66,68,4,1,0
112,0,1,0,0,55,58,4,1,0
112,0,0,0,0,49,58,4,1,0
112,0,1,0,0,60,68,4,1,0
112,1,0,1,1,61,69,4,1,0
112,1,0,1,0,59,74,4,1,0
112,1,1,1,0,59,61,4,1,0
112,0,0,0,0,62,65,4,1,0
112,0,0,1,0,55,59,4,1,0
112,0,1,0,0,60,61,4,1,0
112,0,0,0,0,55,64,4,1,0
112,1,1,0,0,60,69,4,1,0
112,0,0,0,0,58,61,4,1,0
113,0,0,0,1,53,59,4,1,0
113,0,0,1,0,61,60,4,1,0
113,0,1,0,1,61,62,4,1,0
113,0,0,0,0,50,54,4,1,0
113,0,0,0,0,59,62,4,1,0
113,1,1,1,1,63,69,4,1,0
113,1,1,0,1,62,69,4,1,0
113,1,1,0,0,66,77,4,1,0
113,0,1,0,1,55,58,4,1,0
113,0,0,0,1,59,65,4,1,0
113,0,1,0,0,69,75,4,1,0
113,1,0,0,1,66,70,4,1,0
113,1,1,1,1,65,73,4,1,0
113,1,1,0,0,69,79,4,1,0
113,0,0,0,0,69,78,4,1,0
113,1,1,0,1,55,66,4,1,0
113,0,0,0,0,62,65,4,1,0
113,0,0,1,0,62,62,4,1,0
113,0,0,1,1,54,65,4,1,0
113,1,0,0,0,66,71,4,1,0
113,1,0,1,0,75,87,4,1,0
113,1,1,0,1,64,72,4,1,0
113,0,1,0,0,68,68,4,1,0
113,1,1,1,0,61,65,4,1,0
113,1,1,0,1,53,56,4,1,0
113,1,1,0,0,56,68,4,1,0
113,1,0,1,0,68,75,4,1,0
113,0,0,0,0,60,67,4,1,0
113,1,1,0,1,53,61,4,1,0
113,0,1,0,0,53,54,4,1,0
113,1,0,1,0,63,73,4,1,0
113,0,1,0,1,65,68,4,1,0
113,0,0,0,1,65,69,4,1,0
113,0,1,0,1,60,69,4,1,0
113,0,0,0,0,58,60,4,1,0
113,1,1,0,0,49,59,4,1,0
113,1,0,0,0,51,65,4,1,0
113,1,0,0,0,53,58,4,1,0
113,1,0,0,0,58,68,4,1,0
113,1,0,0,1,69,74,4,1,0
113,0,0,1,1,43,47,4,1,0
113,0,0,0,0,58,65,4,1,0
113,0,1,0,1,55,61,4,1,0
113,0,0,0,0,61,69,4,1,0
113,1,1,0,1,55,60,4,1,0
113,1,1,1,0,55,65,4,1,0
113,0,1,0,0,67,72,4,1,0
113,0,1,0,0,45,51,4,1,0
113,1,1,0,0,58,64,4,1,0
113,1,1,0,0,55,66,4,1,0
113,0,1,1,0,58,65,4,1,0
113,1,1,0,1,70,81,4,1,0
113,0,1,0,0,54,57,4,1,0
113,1,1,1,1,61,68,4,1,0
113,1,0,1,0,71,89,4,1,0
113,0,0,0,0,61,65,4,1,0
113,1,0,0,0,54,70,4,1,0
113,1,0,0,1,63,70,4,1,0
113,1,1,1,0,62,71,4,1,0
113,0,1,1,1,51,53,4,1,0
113,1,0,0,0,64,67,4,1,0
113,0,0,0,0,68,70,4,1,0
113,1,0,0,0,52,61,4,1,0
113,1,0,0,1,65,77,4,1,0
113,0,1,0,0,63,65,4,1,0
113,0,1,0,0,59,65,4,1,0
114,0,1,0,1,62,63,4,1,0
114,1,0,0,0,70,77,4,1,0
114,0,1,0,0,51,56,4,1,0
114,1,1,0,1,55,61,4,1,0
114,0,0,0,0,54,54,4,1,0
114,0,0,0,0,59,69,4,1,0
114,1,0,0,0,49,50,4,1,0
114,0,1,0,0,65,63,4,1,0
114,1,1,1,1,38,48,4,1,0
114,1,0,1,0,41,49,4,1,0
114,0,1,1,1,55,52,4,1,0
114,1,0,0,1,55,68,4,1,0
114,1,0,0,0,52,58,4,1,0
114,0,0,0,0,52,58,4,1,0
114,0,1,0,0,52,66,4,1,0
114,0,1,0,1,55,62,4,1,0
114,1,0,0,0,45,50,4,1,0
114,1,1,0,1,54,66,4,1,0
114,1,1,1,1,54,65,4,1,0
114,1,0,0,0,51,61,4,1,0
114,0,0,1,0,54,55,4,1,0
114,1,0,1,0,70,78,4,1,0
114,1,0,0,0,63,70,4,1,0
114,0,0,0,0,52,55,4,1,0
114,1,0,0,0,55,63,4,1,0
114,1,1,1,0,67,76,4,1,0
114,0,1,1,0,51,56,4,1,0
114,1,0,1,0,63,71,4,1,0
114,0,1,1,0,46,52,4,1,0
114,0,1,0,1,55,54,4,1,0
114,1,1,0,1,50,55,4,1,0
114,1,0,0,0,57,72,4,1,0
114,1,1,0,0,52,65,4,1,0
114,1,1,1,0,46,50,4,1,0
114,1,1,0,0,40,43,4,1,0
114,1,0,0,0,61,76,4,1,0
114,1,1,0,1,62,73,4,1,0
114,1,0,0,1,53,54,4,1,0
114,0,0,0,0,54,59,4,1,0
114,1,0,0,1,54,66,4,1,0
114,0,1,0,1,54,53,4,1,0
114,0,0,0,0,53,61,4,1,0
114,0,1,0,1,64,67,4,1,0
114,1,1,0,0,60,61,4,1,0
114,0,0,0,0,62,66,4,1,0
114,1,0,0,0,66,82,4,1,0
114,0,0,0,0,45,54,4,1,0
114,1,1,0,0,49,50,4,1,0
114,1,1,0,1,49,64,4,1,0
114,1,1,0,0,64,74,4,1,0
114,0,0,0,0,52,55,4,1,0
114,1,0,0,1,56,65,4,1,0
114,1,1,0,1,52,60,4,1,0
114,0,1,0,0,56,56,4,1,0
114,0,1,1,0,54,56,4,1,0
114,1,1,0,1,58,67,4,1,0
115,1,0,0,0,42,55,3,1,0
115,1,0,1,0,47,62,3,1,0
115,0,1,0,0,51,60,3,1,0
115,0,1,0,0,48,58,3,1,0
115,0,0,0,0,61,73,3,1,0
115,0,0,0,0,52,52,3,1,0
115,1,1,0,0,50,67,3,1,0
115,0,1,0,1,49,55,3,1,0
115,0,0,1,1,51,55,3,1,0
115,0,1,0,0,69,76,3,1,0
115,0,0,1,1,48,61,3,1,0
115,0,0,1,0,73,74,3,1,0
115,0,0,1,0,55,54,3,1,0
115,0,0,0,0,47,60,3,1,0
115,0,1,1,0,57,63,3,1,0
115,1,1,0,0,67,79,3,1,0
115,1,1,0,0,55,72,3,1,0
115,0,0,1,0,61,75,3,1,0
115,1,0,1,0,55,62,3,1,0
115,0,0,1,0,58,73,3,1,0
115,0,1,1,0,62,64,3,1,0
115,1,1,1,1,60,69,3,1,0
115,1,1,0,0,51,61,3,1,0
115,1,1,0,1,56,66,3,1,0
115,1,1,0,1,47,55,3,1,0
115,1,1,0,1,44,59,3,1,0
115,0,1,1,1,53,55,3,1,0
115,0,1,0,0,52,63,3,1,0
115,1,1,1,1,53,68,3,1,0
115,0,1,1,0,43,56,3,1,0
115,1,1,0,0,47,65,3,1,0
115,1,0,0,0,58,70,3,1,0
115,0,1,0,0,69,71,3,1,0
115,0,1,1,0,55,61,3,1,0
115,0,0,0,1,57,67,3,1,0
115,1,0,1,0,61,71,3,1,0
115,0,1,1,1,49,59,3,1,0
115,0,1,0,0,62,70,3,1,0
115,1,0,0,0,46,64,3,1,0
115,0,0,0,0,57,68,3,1,0
115,0,1,0,0,59,63,3,1,0
115,0,1,1,1,60,65,3,1,0
115,0,1,1,0,55,54,3,1,0
115,0,1,0,0,50,50,3,1,0
115,0,1,0,1,47,52,3,1,0
115,1,1,0,0,53,67,3,1,0
115,1,1,0,0,54,68,3,1,0
115,1,0,0,0,59,72,3,1,0
115,0,0,0,0,64,65,3,1,0
115,1,1,1,0,52,65,3,1,0
115,1,1,1,0,60,71,3,1,0
115,0,0,0,0,51,59,3,1,0
115,1,0,1,1,55,66,3,1,0
115,0,0,1,0,53,69,3,1,0
115,0,1,0,0,56,51,3,1,0
115,1,0,0,0,62,69,3,1,0
115,1,0,1,0,48,58,3,1,0
115,1,1,0,1,46,62,3,1,0
115,0,1,0,1,56,63,3,1,0
115,0,0,0,0,60,66,3,1,0
115,1,0,1,1,56,70,3,1,0
115,0,0,1,1,62,67,3,1,0
115,1,0,0,0,70,73,3,1,0
115,0,0,1,0,64,65,3,1,0
115,1,0,0,0,60,69,3,1,0
115,1,0,0,0,61,77,3,1,0
116,1,1,0,0,59,63,3,1,0
116,1,0,1,0,69,77,3,1,0
116,0,0,0,0,55,61,3,1,0
116,1,0,0,0,71,82,3,1,0
116,1,0,0,0,78,86,3,1,0
116,1,0,1,0,67,74,3,1,0
116,1,0,0,1,53,62,3,1,0
116,0,0,0,0,64,67,3,1,0
116,0,1,0,1,62,71,3,1,0
116,1,0,1,0,53,62,3,1,0
116,1,1,0,0,58,65,3,1,0
116,1,1,0,0,61,74,3,1,0
116,1,1,0,0,53,62,3,1,0
116,0,0,0,0,39,46,3,1,0
116,1,0,0,0,59,72,3,1,0
116,1,0,0,0,60,75,3,1,0
116,0,1,0,1,53,58,3,1,0
116,0,0,0,1,59,70,3,1,0
116,0,1,0,0,44,55,3,1,0
116,1,0,0,1,71,77,3,1,0
116,0,0,0,0,75,78,3,1,0
116,1,0,0,0,62,72,3,1,0
117,0,0,0,1,66,76,1,1,1
117,1,1,0,1,60,66,1,1,1
117,0,1,0,1,58,58,1,1,1
117,0,0,0,1,58,63,1,1,1
117,0,1,1,0,68,77,1,1,1
117,1,1,1,1,58,60,1,1,1
117,0,0,0,0,71,76,1,1,1
117,1,0,1,0,67,80,1,1,1
117,1,0,0,0,58,69,1,1,1
117,1,1,0,0,61,76,1,1,1
117,1,1,0,1,61,73,1,1,1
117,1,0,0,1,63,68,1,1,1
117,1,1,0,0,61,66,1,1,1
117,0,1,0,1,64,71,1,1,1
117,1,0,0,0,57,67,1,1,1
117,1,0,0,1,63,72,1,1,1
117,1,0,0,0,64,69,1,1,1
117,1,0,0,0,61,66,1,1,1
117,0,0,1,0,67,72,1,1,1
117,0,1,0,0,69,80,1,1,1
117,1,1,1,0,57,68,1,1,1
117,0,0,0,0,67,67,1,1,1
117,0,0,0,1,61,63,1,1,1
117,0,1,1,1,53,53,1,1,1
118,0,0,0,0,61,64,3,1,0
118,0,1,0,1,66,71,3,1,0
118,1,0,1,0,66,75,3,1,0
118,0,0,0,0,65,70,3,1,0
118,0,1,0,0,76,83,3,1,0
118,0,0,0,0,63,68,3,1,0
118,1,0,0,1,68,73,3,1,0
118,0,1,0,0,62,70,3,1,0
118,1,1,0,0,57,69,3,1,0
118,0,1,0,0,68,76,3,1,0
118,1,1,0,0,67,77,3,1,0
118,0,1,0,0,60,68,3,1,0
118,1,0,0,0,71,81,3,1,0
118,1,1,0,0,63,71,3,1,0
118,1,1,0,0,77,86,3,1,0
118,1,0,0,0,70,81,3,1,0
118,0,0,0,0,77,79,3,1,0
118,0,0,0,1,65,72,3,1,0
118,0,0,1,0,55,63,3,1,0
118,0,0,1,1,59,65,3,1,0
118,0,0,1,0,66,68,3,1,0
118,1,1,1,0,64,73,3,1,0
118,0,0,0,0,71,78,3,1,0
118,0,1,0,0,81,85,3,1,0
118,1,0,0,0,68,80,3,1,0
118,0,1,0,0,63,65,3,1,0
118,0,1,0,0,67,70,3,1,0
118,0,1,0,1,57,62,3,1,0
118,1,0,1,1,62,74,3,1,0
118,0,0,0,1,72,76,3,1,0
118,1,1,0,0,77,86,3,1,0
118,1,0,0,0,62,71,3,1,0
118,1,1,0,0,62,73,3,1,0
118,0,1,0,0,61,70,3,1,0
118,1,0,0,0,79,88,3,1,0
118,1,0,0,0,74,89,3,1,0
118,1,0,0,0,70,77,3,1,0
118,0,0,0,0,64,68,3,1,0
118,1,0,1,0,70,80,3,1,0
118,1,0,0,0,72,81,3,1,0
118,1,0,1,0,69,77,3,1,0
118,1,0,0,0,71,80,3,1,0
118,0,1,0,0,65,71,3,1,0
118,1,0,0,0,64,72,3,1,0
118,1,1,0,0,66,79,3,1,0
118,0,0,0,0,65,70,3,1,0
118,0,0,0,0,65,69,3,1,0
118,0,1,0,0,69,71,3,1,0
118,1,1,0,0,63,73,3,1,0
118,1,1,0,0,58,70,3,1,0
118,0,1,1,0,58,63,3,1,0
118,0,0,0,0,73,76,3,1,0
118,0,1,0,0,70,74,3,1,0
118,1,0,0,0,76,84,3,1,0
118,1,0,1,1,57,64,3,1,0
118,1,1,0,0,64,75,3,1,0
118,1,1,0,0,59,68,3,1,0
118,0,0,1,0,58,66,3,1,0
118,1,0,0,0,64,78,3,1,0
118,1,1,0,0,63,75,3,1,0
118,0,0,0,1,61,64,3,1,0
118,1,0,1,0,61,70,3,1,0
118,1,0,0,0,70,84,3,1,0
